PCA1,PCA2,Cluster,isFraud
-8.163107409565653,-0.7992070465091474,1,0
-9.481386116116141,-1.7276117075077984,1,0
-7.911376378966867,-1.3270927442601104,1,0
-9.745829737049963,5.9838123049286445,1,0
24.471246775340244,-1.3740377378014659,2,0
-9.78550290724983,-1.7435897538523197,1,0
-9.77903430570142,-0.9672308977458381,1,0
-9.77864917182698,-0.8446168386831892,1,0
-9.785510746954477,-1.7368850511820657,1,0
-9.690742633024334,9.306723603943603,1,0
-9.18492002992392,-1.3102430302385137,1,0
-9.484447421168108,-0.8707546408509373,1,0
-9.631815152747865,-1.284475425033526,1,0
-9.779658998898993,-1.1308313665101213,1,0
-9.785597730505751,-1.662494640480824,1,0
-9.724229456163123,-1.6834361193928489,1,0
-9.67930042578642,-1.461968833753619,1,0
-9.354531533299204,-0.4323349046486653,1,0
-9.72000749516303,0.40096065616747767,1,0
-9.752669190872272,2.485504329940698,1,0
-9.782163887190503,-1.2737352948333198,1,0
-9.546646339130804,0.507367238849807,1,0
-8.436449633315535,-1.2079149453898246,1,0
-9.661761772329927,-1.679320833633446,1,0
-9.785553817596911,-1.7000500090059643,1,0
-9.751979811448923,2.065713361285162,1,0
-9.099811868048146,-1.4542331434742737,1,0
-9.780345594313905,-1.4109651883843985,1,0
-8.3769961137188,-1.3047665841965774,1,0
-9.784528914433237,-1.7022577795069702,1,0
-9.785508069473385,-1.7391748969643868,1,0
-9.785514959953698,-1.7332819936194648,1,0
-9.160481115859437,-1.5077124811073574,1,0
-9.785550013078144,-1.703303724329727,1,0
-9.71686535975867,1.6932613863639268,1,0
-9.419503972302376,2.9702078298602537,1,0
-9.58939758633136,20.159896366243824,1,0
41.16776300021097,0.19795653702455107,3,0
-9.218900257210386,-1.7407740224864425,1,0
-9.636704887686895,15.522576331911534,1,0
-9.785524125309495,-1.7254435624221003,1,0
-1.0234714217223146,-1.1685349445865034,1,0
-9.782368118091817,-1.0019976080048705,1,0
-9.735488621428157,-1.0276763067897585,1,0
-8.542941547732017,-1.7459652945207003,1,0
-2.414460877783534,-1.7806326863856623,1,0
54.37855406570972,2.450181602896314,3,0
-8.576644062719229,-1.7300621815631692,1,0
-9.746026981211246,-1.705555602872185,1,0
13.824244309870924,-0.20123015332969207,2,0
-9.717247450388625,-0.5023411040480248,1,0
-9.760896895789053,-1.72108801944926,1,0
-9.785514688777933,-1.7335139096103906,1,0
-8.4247800199551,-1.2532262471903055,1,0
-8.961869378501632,-1.251834351748862,1,0
-6.920279996503709,-1.3348104685458793,1,0
-9.785504473015479,-1.7422506736705052,1,0
84.14762596094653,-1.0985996797363602,0,0
-9.785542892149044,-1.709393712983193,1,0
-9.785517225858134,-1.7313441380225956,1,0
-6.874654126196841,-1.7561850131293606,1,0
-9.769321485714034,0.12791640495882994,1,0
-9.778081882682635,-0.30662888305917657,1,0
62.74117891692569,7.418884690422739,3,0
-9.78427789029856,-1.5617710402107166,1,0
-5.50442484316611,-1.7489077912342073,1,0
-7.24434453729147,-0.2997715840111892,1,0
-9.785577521907447,-1.6797775164448594,1,0
-9.567129121876587,-1.7343634210752001,1,0
-9.424349521860119,-1.6594834421369655,1,0
-9.785501771836527,-1.7445607864288322,1,0
-9.74758108988004,-1.6897053315239583,1,0
-9.373167325364479,-1.4614755533208599,1,0
-9.725184824224238,-0.9890258851899106,1,0
-6.857582385659171,-1.7546793877993407,1,0
8.45035433215629,-1.3478228068036635,2,0
-9.77349526591182,-0.3460415142253679,1,0
-9.785551464006423,-1.702062855808858,1,0
-9.071620655148491,-1.5318346534814267,1,0
-9.201319392417679,-1.316042685975926,1,0
4.641913378476028,1.0367844919006037,1,0
-9.676336024314168,-0.6278058826188095,1,0
-9.777891856389134,-0.03708289633459927,1,0
25.42986301919564,-1.744575801973404,2,0
-4.413555235801369,-1.7566139070146265,1,0
64.59210612142282,-0.4049050871074993,3,0
116.60460542065108,0.8206340484773045,0,0
-8.586645076628853,-1.7538336843250344,1,0
-9.78551276794133,-1.7351566549519548,1,0
-9.785527002356735,-1.722983042901306,1,0
-8.542616388145893,-1.7535291993816773,1,0
-9.767935218040442,0.47535514187446903,1,0
235.7677117930784,-3.5430558640492187,4,0
-9.78551098814074,-1.7366787829304569,1,0
-9.709100216589057,-1.7156294649017845,1,0
-9.785515892962664,-1.7324840620658217,1,0
-9.221290397272735,-1.5808150942766932,1,0
-8.879692053179497,0.4958489744518477,1,0
-9.74204699378544,-1.7294570132739786,1,0
-9.716015371760129,-1.715934191962353,1,0
87.005674781232,1.0963263319896166,0,0
-8.632770108065,-1.7514957209901247,1,0
-9.418638318001252,5.537673365579223,1,0
-8.562972565962193,-0.7881635937767236,1,0
-9.497962714758659,-1.4918106502515645,1,0
-9.713973855849469,-1.7263650653498475,1,0
-9.216261088429178,-1.7456328220740205,1,0
-8.641412676561869,1.3769436917535804,1,0
-7.699882767099289,-1.7234905836825356,1,0
-9.6085497716817,-1.7175887074292175,1,0
-6.913629158678273,-1.4807206543371905,1,0
-9.776948775679925,-0.7304568613713286,1,0
-9.017716233289907,-1.000821562725858,1,0
-9.783200749765358,-1.7325245299621224,1,0
-9.425878146150186,-1.71632471543902,1,0
-9.777252618942693,-0.3076234601117187,1,0
-9.785511016522598,-1.7366545100864972,1,0
-9.330512835591394,-1.7462538618403158,1,0
-8.648267229542105,-1.7377863479570412,1,0
-9.40828457606358,-0.990946020582878,1,0
72.7894424815071,-1.692763582498086,3,0
-8.019772784200264,-0.9766826655490952,1,0
-9.764550056025678,1.2385073305500818,1,0
-9.733581362496253,6.411716892517867,1,0
-9.781935747461207,-0.803223702875841,1,0
-6.947433848659994,-1.7655318975800502,1,0
37.02546520504477,-1.5301227997452465,2,0
-9.75977784873146,2.0172636088642117,1,0
-8.158736762415987,-1.750353029253704,1,0
-9.627571497111855,-1.7346464768675063,1,0
-9.780491695370406,-0.7626503558404389,1,0
-9.091933914320723,-0.5420792799842026,1,0
-8.752766854056315,-1.7023007957887974,1,0
-9.783752072670767,-1.469543100412467,1,0
-9.736374458440366,5.205786434586381,1,0
-8.697575016032241,-1.7279152155952022,1,0
22.078189935054947,0.8686155299569105,2,0
-9.762959701292203,1.243648863256992,1,0
-9.573121883762118,-1.732193077596024,1,0
-9.202516685189368,9.720076557703603,1,0
-9.770925428400435,0.26116105771027986,1,0
-6.240110312765053,-0.9333815606075908,1,0
-9.78551657900976,-1.7318973382026628,1,0
13.499695183091248,4.371477491036588,2,0
-9.461761847813108,-1.3238285575788942,1,0
-9.622445923029472,-1.707762163480691,1,0
-6.449924171352384,-0.4647666018170996,1,0
-7.604429806341057,-1.7592901484340133,1,0
-9.784327781110377,-1.729974613678095,1,0
-9.70409478112663,-0.7162966293488007,1,0
-9.674655360395029,-1.7435786043911763,1,0
-9.051372776425493,-1.5918356605388917,1,0
-9.785530940945057,-1.719614668094362,1,0
-9.587321555169783,-1.7288900959177487,1,0
40.79663548436156,-1.9859808449701715,3,0
-9.7855156365931,-1.732703315440248,1,0
48.4066565577062,-2.0864449764911925,3,0
-3.0987844334605583,0.944939941043899,1,0
-9.66678613664968,-1.7174825945723355,1,0
-9.577034785027614,-1.7333398872335302,1,0
-9.77398194349855,0.17019990876207247,1,0
-9.784282204648747,-1.4738502755253369,1,0
82.83557004756565,-1.7783731567176386,0,0
-9.222344524733165,-1.7440175987002708,1,0
-9.761098716984725,1.3834053173552907,1,0
-9.772148175557595,0.051521471662979046,1,0
-9.785521824949877,-1.7274108849120566,1,0
-9.324388865189029,-1.2599304859616547,1,0
-8.354947033891364,-1.225386302161756,1,0
8.99436836869328,-1.5546567097707353,2,0
-9.734943774217653,4.307190276454465,1,0
-9.758957481329976,1.7298218858368748,1,0
-9.734256304810708,5.896112018860809,1,0
-9.381883455172213,-1.7235768090475585,1,0
-9.766538075555026,0.6625303576097625,1,0
-9.781755300093685,-1.2371802714373774,1,0
-6.973044203652776,-0.22927478150633673,1,0
-9.772614281886103,-1.0754626646324346,1,0
-7.192219533013348,-1.3941148940439199,1,0
-9.763956287794707,1.1846761378722364,1,0
6.366004889180168,-1.0291037211276497,2,0
-9.78317611880768,-1.28371234597879,1,0
-9.780316804680778,-0.35501056236815165,1,0
-6.924588423111473,-1.570444723125106,1,0
-9.758874657182952,1.7234686253243976,1,0
-3.957590922622062,-1.2719001610575713,1,0
91.35762848684556,7.517946797254528,0,0
-9.770132146172143,-1.161332577481823,1,0
-6.326823337669252,-1.7629086830839862,1,0
-9.689048894844529,-1.0746747779105594,1,0
-9.770690711548006,0.03253761498319019,1,0
-9.77263287842274,-0.04219776198363134,1,0
-9.770161724225455,-1.7363855745600292,1,0
-8.131452416943691,-1.5736206892856222,1,0
-9.73207913863388,-1.7099677345885147,1,0
-8.599395557544298,-1.1424039863941742,1,0
-9.686830899717025,9.925443811902763,1,0
-9.77394629645566,0.48275951781412885,1,0
-9.772207660074294,0.3239385965850434,1,0
-9.785501578006292,-1.744726554676463,1,0
-9.783792289918638,-1.4778481684191973,1,0
-9.78552765138833,-1.7224279755793956,1,0
37.931665177672315,-1.772156030592219,3,0
-9.697528757147081,9.331164414676078,1,0
-9.36270821530179,0.7751236581415784,1,0
12.821694027786027,-1.1986176558637422,2,0
-9.47374522788896,-1.427681972668966,1,0
28.918370306259757,0.6180168462722193,2,0
-8.336182259634741,-1.2297848599766075,1,0
-8.64263621076159,0.19125857862537154,1,0
-8.688575481854045,-1.224960733822618,1,0
-9.547967956831089,-1.6062124008325158,1,0
-9.724619799617601,-0.5375812906469952,1,0
-9.785528408727481,-1.7217802810480523,1,0
-9.78552724296742,-1.7227772668961832,1,0
-4.446213995658753,-1.6855855677887719,1,0
-9.648013759831427,-0.41651284801168265,1,0
-9.74212609981965,3.274784823083534,1,0
6.699372605566932,-1.5803938765375616,2,0
-8.895191707075071,-0.507891850074101,1,0
-7.825279397988365,-1.3848198584347062,1,0
-9.785519542790375,-1.7293626422286486,1,0
-9.639407061161698,2.6964721287970477,1,0
-9.612626892733005,-1.1448504925932466,1,0
-9.785517294431088,-1.7312854927947063,1,0
76.0432561158467,-2.103851366105234,3,0
131.62060990874184,-1.9290828002778773,0,0
-8.12274497612041,-1.0866719772022293,1,0
-9.785530998542367,-1.7195654094977386,1,0
-9.771586138336568,0.751100544262679,1,0
-9.78552946933573,-1.72087322354069,1,0
186.3015586317722,-2.8356346218397865,4,0
-9.785526092013562,-1.7237615901278147,1,0
6.1918237286101405,0.3545728072069838,2,0
-9.78550357573193,-1.7430180519939893,1,0
-9.74342269299661,-1.743642923765444,1,0
-1.3084723600996426,2.4127445376390706,1,0
-9.78552989163001,-1.7205120673861904,1,0
-9.771496578126033,-0.09374046003183167,1,0
-8.662915993750927,-1.2339412077003304,1,0
-9.783293537767818,-1.450773745078893,1,0
-9.780362264591382,-0.7130270042247041,1,0
-9.74001221371985,3.710343623229077,1,0
-9.779229266656333,-1.739157724265984,1,0
-9.667805968885482,1.3238473078567834,1,0
-9.774912748094168,-0.03482637378196407,1,0
-9.143494750999821,-1.7450742993157187,1,0
-9.775208321345994,0.2879252030706081,1,0
-9.785548932324728,-1.7042280104640957,1,0
-8.65136368856662,1.4412576977778784,1,0
1.428176789180208,-1.8288693839078478,1,0
-8.968872871401265,12.849793487330455,1,0
-9.783366990560918,-1.3898266942801785,1,0
-9.731245219023668,-1.7228605841910662,1,0
-9.58476989832115,-1.7320525447336708,1,0
-9.642247985943106,1.8520449110851653,1,0
14.56288418790188,-1.577533380045347,2,0
-9.707977083447172,-1.707587940786782,1,0
-9.679509285651195,10.955119673852984,1,0
-9.72137065845104,-0.3795383410553448,1,0
-9.761285541485728,1.2017309534576914,1,0
36.972986395032265,-1.695733460926977,2,0
-9.778207117906447,-0.008657965352510955,1,0
-7.541555349506568,-1.7488108132129045,1,0
-8.394136148902945,-1.1675222207089668,1,0
78.72053361128376,2.2471235937938667,3,0
0.847731383824236,-0.42320265003299695,1,0
-9.772607973740227,0.4000333223849504,1,0
-8.083926909135464,-1.4058253824027505,1,0
-9.092053893643351,3.053819352828153,1,0
-9.776020517924366,0.21179071639191727,1,0
-9.640152310784048,-1.7254482509732754,1,0
-8.736196236910814,0.26214446154683624,1,0
5.007273523450932,-1.0135058481625574,2,0
-9.455445835657926,-1.7387532129221175,1,0
-9.785559203322647,-1.6954440077153514,1,0
-9.484785930806115,-1.7470740125873896,1,0
-9.778516229710979,-0.8017238105763136,1,0
-9.771626740397153,0.1130482777204651,1,0
-9.78163514238085,-1.1639142018121815,1,0
-9.657686414424386,-1.6182625180409433,1,0
3.2912026965490124,-0.4125827968318271,1,0
-9.780792112996629,-0.8846145700255494,1,0
-9.088431759231183,-1.422804245276546,1,1
-9.397377708615862,-1.2494420137996618,1,0
-6.630957583501932,-1.7437603761519997,1,0
-9.311344833368508,-1.7052360241627413,1,0
-9.205353705509436,-1.7489748737088315,1,0
-9.782468606944935,-1.3049104954669066,1,0
-9.578560805003404,-1.417686362520852,1,0
-9.775193335507149,0.21278604228893494,1,0
-9.695059567540026,-1.7166497574112194,1,0
-9.741929708966337,-1.663600859039048,1,0
119.0314756287334,-2.0489793834126604,0,0
-9.731186424480736,-1.7358135486592259,1,0
276.959785175958,-3.2034141204319253,4,0
-9.63488261935219,-1.737832398280531,1,0
194.79147096159917,-2.61213116799452,4,0
-9.785504771541035,-1.741995367484491,1,0
-9.193741045985155,-0.8607324237237605,1,0
-9.682208631327923,-1.7367420520962717,1,0
-9.785534983474493,-1.7161574003616713,1,0
-9.780223551512655,-0.9569735886476072,1,0
-9.779895155564807,-0.8774663046063531,1,0
-9.77492023582543,-0.4885727788444245,1,0
-9.212651611931982,-1.673997882665875,1,0
-9.785570393515705,-1.6858738873286254,1,0
-9.785577035406654,-1.680193583543562,1,0
-9.597305586305952,2.8179095387882125,1,0
-9.629977911470895,-0.8766883722248449,1,0
-9.68240903037425,1.48437951212399,1,0
-9.780892402634056,-0.9203616308174492,1,0
-9.782029804512517,-1.059762189685423,1,0
-9.645771314488224,-1.7058361419488894,1,0
-9.781997648185293,-1.1892298588407988,1,0
-8.388994865917875,0.7494845030635875,1,0
-9.785517684909898,-1.7309515459890654,1,0
-9.656732632955366,13.192442117897045,1,0
288.0220657877316,-3.2329919340616797,4,0
3.28033347800398,-1.1537595975770825,1,0
-9.783243674400621,-1.41199074717454,1,0
-9.775282743786164,-1.7240623469556384,1,0
13.681144622013683,-0.7726910146954318,2,0
-8.805783111873385,-1.3709164815031305,1,0
-9.785533902760774,-1.7170816525480066,1,0
-4.876116755754774,-1.3630079843529896,1,0
-9.05354232908104,-1.7421461670984313,1,0
-9.782421979967019,-0.9905876747492484,1,0
-9.662570492226186,3.970273867356145,1,0
-9.474141397901409,-1.4730530023211235,1,0
-9.78551786685151,-1.7307959451774708,1,0
-7.208149429217672,8.235784445048669,1,0
-9.52932671724614,-1.6774118105242788,1,0
-9.478357370119559,-1.6710605444589546,1,0
4.518329494773351,-0.8749572185599243,1,0
-9.7855219378025,-1.7273143706527867,1,0
13.533519269788606,1.2554435267926762,2,0
-3.828907654592639,-1.6428970964312417,1,0
-9.665608043103099,-1.6037448718971679,1,0
-8.397406565430991,-0.9815420307492058,1,0
-9.467526466670058,8.499376677744888,1,0
-9.68123982653057,10.6985456354254,1,0
-8.300530716074055,1.173266235180793,1,0
26.875679911518578,-1.3388970160337677,2,0
-4.027254415119611,0.01551919159552373,1,0
-9.694252364471938,-1.2398958725790241,1,0
124.03697938435084,-2.665758302109148,0,0
-9.777429112406157,-0.45649418737829894,1,0
-8.090286040474258,-1.5059306737715106,1,0
-9.785528062310018,-1.7220765455364968,1,0
-9.128152195733868,46.748520220446665,1,0
76.87557803326852,-1.678595693024756,3,0
281.3037030149649,-0.7467566964372438,4,0
-9.7326616061444,-1.407995666287648,1,0
-7.486525678280036,-0.962424912556986,1,0
-9.785501808494775,-1.7445294354198853,1,0
18.767735172540586,11.245243904457741,2,0
-3.6493616859329565,-1.7155483972677934,1,0
-9.670639013275181,-0.3561083603652353,1,0
-9.777660463127779,-0.5468329067876967,1,0
-9.574731066990017,-1.7324959504989401,1,0
-9.778720725655665,-1.644066926303802,1,0
-9.330618601870754,-1.6544115124054715,1,0
-9.77840923490011,-0.809166254687575,1,0
-9.780133379189273,-1.7137906154937999,1,0
-7.015422288731296,-1.7427430297343733,1,0
-9.779970777304339,-1.7191589266597727,1,0
-9.700731728408494,-1.1971264931776882,1,0
-7.856378667146713,-0.4119326667080986,1,0
-9.56047764540196,-1.7199616747525184,1,0
-9.670252711117108,-0.8435760105864398,1,0
-9.770523820002653,0.2363837142540326,1,0
-9.74597383344655,-1.4744993817427074,1,0
-9.732454845678552,4.6062734150593645,1,0
-9.20358941665644,0.5757909418240816,1,0
-9.757372114880804,2.2897966289989546,1,0
-9.593680903236374,-1.730532165289317,1,0
-8.595252114435539,-1.7136946845989045,1,0
-9.667357780922176,2.9326389321745623,1,0
-9.68073310695014,-1.6448055540172062,1,0
-9.785502080504132,-1.7442968065202558,1,0
-8.36161369095415,-1.5861635904140206,1,0
-9.785508326795627,-1.7389548288371561,1,0
-9.771791697142595,1.0730350032997342,1,0
98.99376462640721,-1.7632750088871834,0,0
-9.684137989876746,0.6248555293236175,1,0
-9.785503660857659,-1.7429452504361262,1,0
-9.385730678552063,-1.746320776046109,1,0
-9.70379750583515,-0.312344471860696,1,0
-9.669916690812666,-1.4101501359916089,1,0
50.73133938437678,-1.3299276123941752,3,0
-9.695326943404229,1.237473798436842,1,0
-7.830698524119969,-1.7215409496991962,1,0
-9.782678079513248,-1.3978054915521037,1,0
-8.33219794760598,-0.8486037764575297,1,0
-9.455736938187995,-0.5075790004137849,1,0
102.29985227462849,-2.3857116639681277,0,0
-9.784835007958822,-1.7418244463815418,1,0
-9.599592520250997,2.284518367324932,1,0
-9.702572646216538,-1.7320167981643562,1,0
-6.601115912419889,-1.7592210316174939,1,0
-9.20351920727946,5.494936960689175,1,0
-9.785531647415182,-1.719010477967962,1,0
-6.098484472270554,-1.7726973395274683,1,0
-8.696760760167548,-1.3874448737404574,1,0
-9.279838495547226,-1.7294920247735286,1,0
-7.124757209688168,-1.64586534572427,1,0
-9.620693050565988,-1.5759212591715706,1,0
-9.668983625894649,-1.7457434611693432,1,0
-9.7724810343354,0.7573352734412144,1,0
-9.70637631396197,-1.657806327321903,1,0
-9.734930366233495,0.14121143602231268,1,0
-9.785523823409871,-1.725701754190963,1,0
-9.295645133478082,-0.6196945797298555,1,0
12.828334965407844,9.038618930488845,2,0
135.41265257188618,-0.3392895082130012,0,0
-9.18451762353018,8.239462553555683,1,0
-9.771128880602836,-1.7241392060948693,1,0
-7.125436212163139,-1.272610431197616,1,0
-5.429253143855575,-1.1749768631482849,1,0
-3.750657294521913,3.1250635337873405,1,1
-9.785502602293699,-1.7438505596197627,1,0
-9.006420704614195,-1.6862090739663085,1,0
-9.475946546882597,25.35188818778931,1,0
-9.770007194725169,0.3823179116305988,1,0
-9.674197745632542,-1.7416587407539215,1,0
25.802158070223964,6.3352135105665885,2,0
-9.215290388351224,-1.7329514784843456,1,0
-9.706257813083313,-1.2034299795126644,1,0
-9.078664421380036,-1.5119241206508593,1,0
-9.766666586997903,-1.05752156124285,1,0
-9.697781497561099,1.7628033366864493,1,0
-5.638022660828633,-1.6851492891315283,1,0
-8.709174805448143,-1.7487053437242577,1,0
-9.785562636694026,-1.6925077065049101,1,0
-9.009415432214306,5.110651188557662,1,0
65.86888214848358,-1.21461781660452,3,0
-9.784664385341033,-1.7222206835149663,1,0
140.21697711137097,-2.329438575824445,0,0
-9.783843320459553,-1.5053985839382422,1,0
-9.78551539078238,-1.7329135386377605,1,0
97.9037415724224,-2.391062004568189,0,0
52.731370375403884,-1.840505094649398,3,0
16.448676328955333,-0.656432827517706,2,0
-9.634272474411194,-1.3420051841947456,1,0
-9.341025100373026,-1.7413222691134838,1,0
-9.785516821744123,-1.7316897459777472,1,0
-9.47481116770625,-1.7319687372167527,1,0
-9.785514266305027,-1.7338752185310409,1,0
-8.286446090322645,2.8725332029439423,1,0
-9.705783050369948,-1.1495303629394318,1,0
-9.4050318141524,-0.5031747754086711,1,0
0.5502267495320368,-0.9618435526583786,1,0
-9.770109320083158,0.23166960837327544,1,0
-9.785502246686864,-1.7441546830779648,1,0
-9.772078652010062,0.10540533384611916,1,0
-9.533223260468016,-1.728927502133807,1,0
-9.774398260037065,-0.37897523961281876,1,0
-2.207205419537714,0.054744749167287665,1,0
-9.409785448627618,-1.1623675319932527,1,0
-9.25445691628832,-1.7279372865042677,1,0
-9.569914029854676,-1.6944442341920305,1,0
-9.700021215662588,-1.7260310435302442,1,0
-9.693236697673152,-0.8085256219021059,1,0
83.36167992670666,-1.709115142951105,0,0
-8.358272672061798,1.468592721890425,1,0
-9.785522313693432,-1.7269928997494608,1,0
-9.513922443501079,-0.8204091773408476,1,0
-9.782045559309195,-1.3096436622993985,1,0
-8.138081153732264,-1.6558138998526006,1,0
-9.784278671698047,-1.7274099212194307,1,0
-9.785566040889647,-1.6895963570990988,1,0
-9.783833120600182,-1.4658870501950094,1,0
-9.785502310794142,-1.7440998570038457,1,0
-9.431285515793848,-1.7370224491157475,1,0
-9.78103969204631,-0.6706013545305322,1,0
-7.923279429457134,-0.9412960347113384,1,0
-9.313798085615637,-1.744315126934972,1,0
-9.781489571829713,-1.1633756831547801,1,0
-9.64812345469902,14.289501712947168,1,0
-8.835874261051682,-1.4618177047756644,1,0
-9.713796802867838,-1.6069426542931617,1,0
-9.412053564314956,-1.4683808514774233,1,0
-9.74333133265722,3.677446216529864,1,0
-9.614139518393635,-0.5612211048974008,1,0
-9.696586236414248,-1.5058804278252471,1,0
-9.0208954248489,-1.744350381962126,1,0
-8.391264621181975,-1.200611804261567,1,0
-9.72403292986669,5.416017858770403,1,0
-9.78303581722641,-1.6825891986798993,1,0
36.075685375235466,3.374440785738635,2,0
-9.578717501035912,-1.7349496159470514,1,0
-8.108744734198382,-1.2614289841422373,1,0
-9.313110691073748,-1.1942336769878454,1,0
-8.46975977308222,-0.1950706031155638,1,0
-8.830575108880868,7.615650713925237,1,0
24.938789144090943,-0.36764989706381535,2,0
-9.511859205885116,-1.6785218910744704,1,0
-9.682159474303809,5.764219437378252,1,0
-9.463345414969773,-0.4995913280791603,1,0
-9.532799691380275,0.3648407570169079,1,0
-8.993320459471954,1.7876919845132648,1,0
10.556927740950755,-1.662412256370036,2,0
-9.778357883874662,-0.6793327090079141,1,0
-9.698858049583922,-1.231056782778064,1,0
-8.622733185343387,-1.6916793659855602,1,0
0.17221828737390688,-1.6175278056218623,1,0
67.15189846792474,4.422122341354014,3,0
-9.781176575165626,-1.0360642482726257,1,0
40.45597531425331,4.358889808275031,3,0
-9.682810410975582,2.0015014489328826,1,0
-9.687741280899663,-1.730613234812318,1,0
-9.42261043348158,5.851319690134784,1,0
-8.578034192390163,-1.7511106698065853,1,0
-9.774414149030049,-0.2988445427858606,1,0
-9.375830634007249,-1.7377237604434874,1,0
-8.945273008588055,-1.574466689304002,1,0
-9.76408219594061,0.8726346850777666,1,0
-9.773190441410067,-0.2867848085714586,1,0
-9.748149219059826,2.9443021675201964,1,0
-9.783104409327816,-1.7066897457044896,1,0
-9.744035066077013,-1.6640120383248203,1,0
-9.780022739773662,-0.48740859967744976,1,0
-8.446197663183185,-1.752871167081341,1,0
-9.551387461456532,1.4549903609545103,1,0
-9.785503782542401,-1.7428411827394004,1,0
-9.66354345361575,12.352042587464204,1,0
-9.781074974860964,-0.8418681666535095,1,0
-9.779227635416897,-1.0308087143217892,1,0
87.32970245020127,-1.7686714716345027,0,0
-9.77160936202351,0.8790756593578366,1,0
-9.785573372320842,-1.6833263420239275,1,0
-7.982555488506281,9.611194034497895,1,0
-9.780856421497843,-0.8310206426824807,1,0
-9.695531106863033,-1.187918620130771,1,0
-9.774052474274333,1.2998083772515217,1,0
-9.781139775745023,-1.0781840082974574,1,0
-6.929105913398139,-1.7314817094985524,1,0
-9.753361346753987,2.1991944802480483,1,0
-9.78298700481005,-1.3578955233253156,1,0
-9.707327902067181,11.540879780943115,1,0
-2.5514742552374807,7.031163966645656,1,0
51.33515924157763,-0.06691823685838805,3,0
-8.70846712890155,-0.7843629803907948,1,0
-9.780852361653901,-0.9735901052137399,1,0
-7.849912513566647,-1.7444545257192408,1,0
-9.636593474030905,-0.16467178492939083,1,0
-9.785511314571815,-1.7363996112768847,1,0
47.73603314404693,6.226780793816531,3,1
276.63781574305654,-3.698994360199359,4,0
-9.779081406971212,-0.34108151336888026,1,0
-9.212241405113412,-1.7343668075715526,1,0
-9.777915020214978,-0.11677759327198634,1,0
-9.549732056436271,1.614042241788383,1,0
-8.868793167225482,-1.6338712264418813,1,0
-9.744296106836138,3.11946524994043,1,0
-9.725744858601043,-1.7225085723333655,1,0
-9.344309457420419,-1.473843856315306,1,0
-9.195628936863974,-1.5412157892925182,1,0
271.0543730476018,1.8927318298618743,4,0
-8.991513136195454,2.332996340931572,1,0
-9.693129257557015,9.565763446283153,1,0
-8.879196034835857,-1.7461854080178865,1,0
-8.667246940686832,-1.734697448722526,1,0
-9.785518254214269,-1.7304646632924605,1,0
-9.78550946377688,-1.73798245531332,1,0
-5.689976449937024,-1.760326589272752,1,0
-9.748645488996486,-1.726188541217558,1,0
-9.780865341694172,-1.065780591839764,1,0
-9.778699883930424,-0.8627378417572112,1,0
-4.2219535050502035,-1.7382116042354254,1,0
-9.77834409769171,-0.2036818150510491,1,0
-9.785509033285601,-1.7383506217367395,1,0
-9.78038960383154,-1.7429476328832418,1,0
-7.698534071687289,-1.7608689853587602,1,0
18.815398206355535,2.022692501718495,2,0
67.60804196473016,-1.688424553524862,3,0
-8.43624533260037,-1.4551414061221406,1,0
-9.51154990146551,-1.7278460419099793,1,0
-9.785531975652377,-1.7187297616788655,1,0
-9.783911454115138,-1.381055207988562,1,0
-8.465265873310162,-1.3633296207773378,1,0
-9.201072831342731,-1.7480996998266334,1,0
-9.63528011257486,-0.8544968048369617,1,0
-9.742994573817553,4.090801988367749,1,0
-8.761455413371673,-0.1442851724490759,1,0
-9.78553302000556,-1.7178366058912258,1,0
-9.44833328899759,-0.6458996172119372,1,0
-9.545763129613787,-1.7438108096214016,1,0
-9.65886678144392,-0.7000860190984911,1,0
-7.8413652415834765,-1.7495893111541014,1,0
-7.441154923703682,0.9940800183125784,1,0
64.30313636262855,-2.280897184181457,3,0
-9.705867885850822,0.0022497218411994258,1,0
-9.785556035986543,-1.6981527892052066,1,0
-9.777982418745683,-0.6737494131921217,1,0
-9.590994116321824,-1.7243128357014772,1,0
-7.626278171090837,-1.7004595562585147,1,0
-8.670081386028544,-1.1668259146046676,1,0
-6.691358404289755,-1.5157411500074294,1,0
63.54951672673302,0.06756859250742386,3,0
-9.78554805296343,-1.7049800612504498,1,0
-9.770158680628976,0.2849504845586326,1,0
-9.260965573409065,-0.3102412963074497,1,0
-8.451221444190017,1.547541977489955,1,0
9.848245296071543,0.232062473548182,2,0
-9.742967561698745,3.423105857529074,1,0
-9.705144009757353,-1.4724773840595622,1,0
-6.278218309843385,-1.7575626864282028,1,0
-9.785572849796921,-1.6837732169630406,1,0
-9.785515924202556,-1.732457344963449,1,0
-9.726361623937768,5.012071092440507,1,0
58.29288740306508,-1.5710155364869371,3,0
-9.702439506518516,-1.2464620536655309,1,0
-8.850921114803214,-1.6248338689157766,1,0
-9.751979997398264,2.788135027123464,1,0
-9.785525613630377,-1.7241707148536645,1,0
-9.785530601652829,-1.7199048389107916,1,0
-9.564754939793659,-1.7341179207063622,1,0
-9.494759585646182,4.495158598251788,1,0
85.99071110827455,6.508142524968222,0,0
-0.6379612781121562,-1.8114069773172115,1,0
-9.582737290098349,-0.8100372784907804,1,0
-9.544529152829021,-1.5799945794179444,1,0
-9.186384161640655,-1.745241378855937,1,0
-9.785510590735166,-1.7370186536679455,1,0
-9.773358839937453,-1.7332868195372668,1,0
-8.145015536211856,-0.873394755259563,1,0
-9.782007939935779,-1.2955424134555484,1,0
-8.903738665761255,-1.746930485397657,1,0
-9.760158709363488,2.737926366885489,1,0
-8.189425147243,0.4699575276762382,1,0
-9.785555280195494,-1.698799159763243,1,0
-7.19072959470315,-1.7565817640339034,1,0
-9.7855392776498,-1.712484919070542,1,0
-9.625914377429377,-1.7375250811148688,1,0
7.624917139125056,-0.8513542903967064,2,0
-9.7827144202598,-1.0628886969455478,1,0
-1.3547772374655782,-1.7928462325737513,1,0
-9.779132176319205,-0.35028629281098933,1,0
23.360077453075515,-0.7240596876733288,2,0
50.5033484610595,-1.2020846819297741,3,0
-9.652105182902917,13.709809694017522,1,0
-9.265905095747726,-1.7374743790268867,1,0
-9.735150923027163,4.053862036143411,1,0
-9.004208345637556,-1.7444227424730179,1,0
-9.529653676322893,-1.408916756272162,1,0
-9.76537465453411,0.6045506853507243,1,0
-9.60153336959129,-1.7465068916256539,1,0
-9.780804043054507,-0.49959226496819775,1,0
-8.96636199582698,-1.73211281256624,1,0
-9.785509045551327,-1.7383401317943847,1,0
-9.39041712014181,-1.4577629574288287,1,0
-9.785577093797864,-1.6801436459862682,1,0
-9.387558545230826,-1.7160421427395611,1,0
-9.770545596185714,1.5083090454949297,1,0
-9.78551340173008,-1.7346146236749123,1,0
-8.004102910075499,-1.6523942539204708,1,0
-8.546247546383382,-1.3869505396470465,1,0
-9.70474619059926,-1.5014254653532506,1,0
-9.77981980955184,-1.7439825439512489,1,0
187.65315998770262,-1.614029396959478,4,0
-9.502217300523553,-1.7158093616456795,1,0
-9.216154785035155,-1.6427497008144005,1,0
-9.74114489513824,3.526796376850881,1,0
-9.44801552373183,-1.7424226578798625,1,0
-9.762770817171532,1.2742113215876185,1,0
-9.78557498057989,-1.6819509204722403,1,0
-9.785518392789193,-1.7303461507074758,1,0
-9.782616341151403,-1.2457666699418242,1,0
-6.495289978300871,-1.7656455047597737,1,0
-6.281663883889172,-1.753062221587095,1,0
-9.78267103000675,-1.1251593359967933,1,0
-6.817393597277344,-1.7310080730670991,1,0
-9.77763894751846,-0.2715168854046581,1,0
-9.785502404335192,-1.7440198584628788,1,0
-2.8302458828020622,-1.7921712139346884,1,0
37.79219223026287,-1.403178033440181,3,0
3.6778419838167444,0.5703813275814802,1,0
0.8516040158261724,-0.6569987314226216,1,0
-9.760590631505979,1.4494044574724763,1,0
-9.772549731567823,-0.14204151954680855,1,0
-9.776058348619982,0.34843380406004054,1,0
-9.783966426021086,-1.7306932749672845,1,0
-9.213578477629252,-0.013206187230414779,1,0
-9.108206394955795,4.382524363385567,1,0
-9.7777977551271,1.243123676236689,1,0
-8.261938416067816,-1.7217927949752743,1,0
-9.785610519609707,-1.6515570933043027,1,0
-9.09808155478405,-1.732516220016063,1,0
-9.515767378512015,-1.7156243546533516,1,0
-9.069172062324887,-1.7106030672988006,1,0
-9.777334568244383,-0.5400676740878755,1,0
-9.637584150200098,-1.462809190372245,1,0
-8.09372353740182,-1.149792042464411,1,0
-9.777375519754445,-0.7995150656473159,1,0
-9.750145886555746,2.9293078838147686,1,0
-9.78168097894519,-1.1262519619173976,1,0
-9.075710718729177,-1.4530658232301332,1,0
-9.277594778986952,-1.714560999015966,1,0
-9.78550411790483,-1.7425543727782886,1,0
-9.746222689958596,-1.7355367048927544,1,0
-9.728955436673317,7.532838921594192,1,0
-9.782476672070327,-1.6896758656856243,1,0
-9.538378523871106,-1.7200104468030286,1,0
-9.785604862489883,-1.6563951973000255,1,0
-8.13116723798611,0.656124884086815,1,0
-9.573238212079458,-1.2870162084991699,1,0
-9.312684642525705,-1.735240706808626,1,0
-6.576779959363089,-1.7693729211354776,1,0
-9.777334137608275,-0.45901510003608736,1,0
-9.451006691116474,-1.7010248803261807,1,0
-8.764525495625401,-1.4287330293268063,1,0
-9.785511289365548,-1.7364211682781638,1,0
-9.45503973764141,-1.6800656478606875,1,0
-9.785510166654616,-1.7373813374839528,1,0
-9.034294148715476,-0.9939845474892582,1,0
-9.375196100705836,-1.6689832834862133,1,0
-9.645405493870975,-1.7149121205341484,1,0
-9.732197942201308,4.617845348457669,1,0
-9.785570572341266,-1.6857209514376614,1,0
-9.000715120515725,-1.737666213854423,1,0
-9.785517831443652,-1.730826226823362,1,0
-2.6750154374287725,2.8065363111626294,1,0
110.87842198131331,-0.48939940346783617,0,0
61.07009918483524,1.8997792748494295,3,0
-9.57186042756083,1.232068347780391,1,0
-9.78553716377686,-1.7142927536990669,1,0
1.385072185159121,-1.1167564928793139,1,0
-9.767037835652737,-1.3325573968509563,1,0
-8.471886571173727,-0.48723502790979867,1,0
-9.78555440750294,-1.6995455072799674,1,0
-9.60783238525703,-1.7175741045247146,1,0
-9.770889824509167,-1.2432717611391535,1,0
-7.314148195900185,-1.753570732699432,1,0
-7.615181492021774,-1.749648053916155,1,0
-9.466584306731852,-1.734594142417225,1,0
-9.785528924245252,-1.7213393979368536,1,0
-9.3356728073617,-0.7660354683056994,1,0
-8.900401572663517,0.36665926111266334,1,0
-9.762068023964728,0.9387452983322668,1,0
-9.596536062880354,-1.7400867202819628,1,0
45.257380988429475,-0.7263576986544761,3,0
-9.749020249474531,2.8012536341651533,1,0
-8.975888007852811,-0.49198599602190773,1,0
-9.783750128338635,-1.2979466477621948,1,0
-9.773218358701875,-0.1092151971659634,1,0
-4.341864912741248,-1.7313316191593784,1,0
-9.747300636856487,-0.956191852722081,1,0
25.37071026144272,-1.2150929724835644,2,0
74.2116356262741,-2.136677238975325,3,0
-9.358200462747359,-1.736110661510602,1,0
-9.78224788871693,-0.9021304886264377,1,0
6.538599222678336,1.896776154095313,2,0
-9.730627744256685,0.1335541510625622,1,0
-9.785527947690971,-1.7221745704832578,1,0
-9.027732609282427,-1.5805033312570176,1,0
-9.78179945742649,-1.14456248859603,1,0
-9.762337123684619,0.9739324414510211,1,0
-9.785547703132206,-1.705279245269776,1,0
-3.413539845787036,-0.9767563506596602,1,0
234.09062157437018,-3.3179211815589493,4,0
-9.763812917022332,1.2390867837839137,1,0
-6.886544866971992,17.143889787939706,1,0
-1.3975512932504177,-1.3035413952449237,1,0
-8.929848427448581,5.056377934020422,1,0
-5.372474792410556,-1.723589733507998,1,0
-8.54327195923552,-1.2573820337185475,1,0
-9.721770451266721,-1.6331553854277574,1,0
-9.431501588760959,-1.7438237228759683,1,0
-9.706374533900526,-1.4616935273761873,1,0
-8.80997534382991,-1.6940657712658895,1,0
-8.997477824512902,-1.7416260848773129,1,0
-9.707795747156416,7.446506284916999,1,0
-9.347680990566712,-1.7376809174271959,1,0
-9.785339350810442,-1.7161384873159968,1,0
-8.355735643147023,-1.7488626107135263,1,0
-9.54405615325925,-1.1084333767218222,1,0
-9.616497189757586,-0.6819078448462488,1,0
-9.762932393593006,1.3592750662450404,1,0
-8.16578832106933,-1.2878692761784993,1,0
-9.702072453749103,-1.7034020783783288,1,0
-9.763813436675125,1.0085218423508908,1,0
-9.078317596242256,-1.7143118241499706,1,0
-8.828478301901173,-1.7505315436365367,1,0
-9.684435146599048,-1.7396574678887804,1,0
-9.352268037354895,-1.726353795632333,1,0
-9.776222279660953,-0.3294724182799491,1,0
-9.78552415512037,-1.725418067448934,1,0
-9.670638882342104,-1.7459417999516536,1,0
-9.767672656203604,0.9819617586716314,1,0
-9.696083205690778,-1.229314484832799,1,0
-9.616850634486582,0.47092346960248377,1,0
-8.440304823067603,1.3732415347372413,1,0
66.64584864930764,-2.148034257014487,3,0
-8.382734437945146,-1.285433653427013,1,0
-6.7886240154025685,4.311654482854541,1,0
-9.7260095874677,-1.7407082761301123,1,0
-4.7744561544094255,2.963376056711714,1,0
-9.684812407516056,-0.3570804352868491,1,0
-9.764483172201096,1.5113438518602713,1,0
-9.752776742546397,2.3980426790861915,1,0
-9.776592635720801,-1.7370163069904545,1,0
-9.785515592273734,-1.7327412184196622,1,0
-7.92801936822652,-1.7289475539914387,1,0
-9.78227253898594,-1.2104067568436572,1,0
-9.76319162916805,1.464461419463004,1,0
-8.365041751501375,-1.3155185055775567,1,0
-9.317002980663446,-1.0073328450576002,1,0
-9.78453900983064,-1.7254191577980178,1,0
25.13717695244375,-0.47679431860839216,2,0
-9.736299947761024,4.0029468854140475,1,0
-9.777295645479374,-0.2150200882769142,1,0
-8.687995934301181,0.4485826400375763,1,0
148.06428436762303,-1.7064921084376286,0,0
-9.771602938581976,0.21474251969254543,1,0
-9.785535568279727,-1.7156572609579805,1,0
-9.552828060381943,-1.5503666322096235,1,0
86.83809031881515,-1.7388702463199108,0,0
-9.711332098122128,3.586247197562632,1,0
-9.69897099560494,0.054939864742229894,1,0
-8.934253657224195,4.2385607679592745,1,0
44.3110945768876,-1.3663742689843528,3,0
-9.459565669379712,-1.4462759287819502,1,0
-5.369162191789278,-1.7243880739211035,1,0
-9.780036292134687,-0.8749588656918729,1,0
44.14304211430533,4.06250872481449,3,0
-9.777507449025313,-0.07476996245177525,1,0
-9.785513735544411,-1.7343291376871073,1,0
-3.964970260939645,-1.2770787245382769,1,0
-9.782859160984305,-1.4227289467723503,1,0
-6.4875020286769445,-1.7649911719884168,1,0
-8.841499177355134,-0.8018997383083415,1,0
-9.422812318111552,-1.7474240264513439,1,0
-9.75857713242243,-1.693248170152267,1,0
-9.779001273904791,-0.1527002351787614,1,0
0.14017888471715167,0.022999202722811196,1,0
-9.785577746124135,-1.6795857609775764,1,0
-9.785146262590235,-1.6647263854656609,1,0
-9.086168790303567,-1.7423471531739867,1,0
-9.785526942199102,-1.7230344911460909,1,0
5.013159600296868,5.09656710575823,2,0
-9.781172851661653,-1.2070265022508182,1,0
-9.770948582606401,0.7913504289830047,1,0
-9.770629983881385,0.03217902349293733,1,0
-9.785528392690738,-1.7217939960535904,1,0
-9.74357799109901,-0.7869641784176651,1,0
-8.983325527238183,-1.2078426039599266,1,0
-9.183227522352658,-1.7406491950676213,1,0
-9.623768619678264,-1.1782628023417807,1,0
-8.636257723949942,-1.614403563274796,1,0
-9.341162817262788,-0.8185687154281314,1,0
-9.662536294117913,4.118259472706208,1,0
-8.915577216008854,-1.7302217205707038,1,0
-9.733961502494006,-0.6088545902484322,1,0
-9.76982079198695,0.7447585925259483,1,0
-9.783908139776724,-1.3990042652264447,1,0
-9.781414726786206,-1.6938595015019295,1,0
-9.72431769051285,5.846406021448128,1,0
-9.751542642159126,3.421620403678774,1,0
-9.161166550706405,-1.7393594816632434,1,0
-9.218534361152097,-1.746593762922101,1,0
-8.572655623426476,-1.7422595758909167,1,0
-9.777396539278161,0.14322067340102196,1,0
-9.783688644424169,-1.7099771588415416,1,0
-9.785564558781015,-1.6908638918002903,1,0
-9.773771415883763,0.17838748809717608,1,0
-9.785595914781267,-1.664047491429653,1,0
-9.703339160608772,-1.721202696904323,1,0
-9.625540608387167,-1.156019158440882,1,0
84.87242452000793,0.014302236639198718,0,0
-9.770886914152126,0.2220502123359409,1,0
-9.755109498998916,2.1706079622275443,1,0
204.42487719241564,-3.089052851110078,4,0
-9.114624728227543,-1.7412666161847674,1,0
-9.784754474741803,-1.558149855359003,1,0
-9.609261363310408,-1.7429268502220794,1,0
-9.298795606022995,-1.7373046779715027,1,0
-9.785503028914723,-1.7434857031296107,1,0
-9.778402502091794,-0.5231932694496524,1,0
-9.546623390501212,-1.4873814025998913,1,0
-7.456490153325087,-1.7616903083499156,1,0
37.03440197491783,-1.4992105930461546,2,0
-9.785517712140605,-1.7309282576380773,1,0
-9.78550458838873,-1.7421520037111076,1,0
-9.775592315521374,-0.5222354554176445,1,0
-9.742132288028305,6.41576930199755,1,0
-9.785508817643013,-1.7385350444287844,1,0
-9.6292005235644,-1.5262074527728795,1,0
-9.723672088192474,-1.5517130845660503,1,0
-9.783964812973823,-1.489878941144656,1,0
-9.78191005197822,-0.9092388334023274,1,0
-9.779106780933784,-0.5114740496757665,1,0
-9.772759662739473,-1.4351677565113141,1,0
-9.774015068992213,-0.4237020477105582,1,0
-9.775465902796057,0.3992537709734707,1,0
-8.43694912065197,-1.701982747320723,1,0
-9.783081230849039,-1.347858652241521,1,0
-8.047415138548383,-1.3784218017009655,1,0
-9.369107412600354,-1.7275870967465865,1,0
-9.78348189048116,-1.135125524909514,1,0
-9.785501225952151,-1.7450276397856659,1,0
-7.267574754204475,0.7867437478118267,1,0
8.324653167736365,-1.5664850947549964,2,0
-9.572171237709796,-1.739256771671913,1,0
-8.485881057119506,-0.6980157378370283,1,0
-9.213512094573124,-1.605107825199063,1,0
-9.57422646664807,3.143135938000489,1,0
-9.690913809162307,-0.5010203005752969,1,0
-9.684415064561126,-1.7098800796867422,1,0
-9.75199792330651,2.6526678462907087,1,0
-9.224118937690928,-0.8239681741376846,1,0
-9.784487958951908,-1.550149190210363,1,0
-9.78552358518088,-1.7259054933140752,1,0
-9.785566662472212,-1.6890647648423607,1,0
-9.19240348885265,-1.7342907173591804,1,0
-9.724806624619005,-1.1356362924186998,1,0
-9.785521317847426,-1.7278445710401509,1,0
87.63545760933384,0.3781579312226777,0,0
77.07713157487392,-1.8404353528605983,3,0
-9.784248513778376,-1.6831721824918748,1,0
-9.778729146096943,-0.7122203915065242,1,0
-9.772900938544467,0.26779749785239115,1,0
-7.354849623842362,-1.7535049687733426,1,0
10.985644869996761,65.8116623769722,2,0
-9.76433838950859,1.132314529235404,1,0
-9.78106054270059,-1.7421134206100175,1,0
-9.785579972968783,-1.6776813102456811,1,0
2.364310271703884,11.343962275996283,1,0
104.00134507435905,1.591444152467011,0,0
-9.558991482962012,0.008228284990026147,1,0
-9.389852801115609,1.9701486495374767,1,0
-9.622271078511101,-0.5884680144040858,1,0
-8.627906834608716,-1.7443131314506455,1,0
-9.387269058391436,-1.2434236584181018,1,0
-9.785521232721695,-1.7279173725980137,1,0
-9.36705310791296,3.4931178077863994,1,0
-9.566518832973168,-1.7375150815809153,1,0
-9.777790917277304,-0.6204348055299861,1,0
-8.652610413941366,-0.9826108940026799,1,0
298.99312730524366,-2.532150709505677,4,0
-9.756289126078574,2.1315337154462037,1,0
8.973515631152825,-1.1227192014364191,2,0
-9.785506707183837,-1.7403399595264273,1,0
-9.427538638574102,-1.7471748489536654,1,0
75.49761542011998,-1.3878178161830197,3,0
-9.378848819273736,-1.5847985956748598,1,0
-9.561684379593704,-1.7413994699323,1,0
-6.016267692590423,-1.763735853817847,1,0
-9.785529559562255,-1.720796059660521,1,0
-9.690806967122084,1.2628028880624123,1,0
-9.652529456882537,-1.6931689813198947,1,0
-1.0696751922037961,1.0925221414924433,1,1
-8.852288304814799,-1.7487182040516538,1,0
-9.78550990141324,-1.7376081782438688,1,0
-9.784533054000075,-1.590393660118531,1,0
-7.10718795951181,-1.7394004595612385,1,0
-9.785529815832582,-1.7205768911561785,1,0
-9.785010965060444,-1.7377670734481871,1,0
-9.495492780374367,-1.6717153649342835,1,0
-9.755922380784165,-1.7354434369674674,1,0
-9.775790896890518,-0.25240006808685456,1,0
-8.961981199493039,-1.73792373814251,1,0
-9.692981207859757,-0.554331445793889,1,0
138.76684225137,-1.8761209265982293,0,0
-8.582802440113923,-1.1182065374320564,1,0
109.54328871356437,-2.5192119242847966,0,0
-5.035857940052991,-1.752859270056335,1,0
-9.637752284404103,-1.2629260852748245,1,0
-9.770360220657627,0.13516667842890806,1,0
-9.728178199580718,-1.7101926915498435,1,0
-9.469007900465325,-1.4301073873626091,1,0
-9.352672344017773,-1.7414855902583162,1,0
-9.621139337456144,3.85789125293483,1,0
-8.632281761950361,-1.7489812896581967,1,0
93.89254765834502,-1.955392240008153,0,0
-9.759640719072685,3.1659807616060345,1,0
-4.952896804439282,-1.6145780028933998,1,0
-9.783571334496058,-1.7339075801379131,1,0
-9.751539385545474,-1.311198982509418,1,0
-9.764193040846006,3.2045675806543557,1,0
-6.505926192255364,-1.7376138505925234,1,0
-9.698242563611098,-0.9838277931057409,1,0
-9.760289373603698,1.4343031991230428,1,0
-6.70270174199333,-1.7611855224592516,1,0
-9.562426314807338,-1.6471324282141788,1,0
-9.026090283010038,-1.384851697923088,1,0
-9.78551643120577,-1.7320237437054384,1,0
-9.561183392742128,-0.1764853069839989,1,0
-5.248066690116813,-0.8869522115736357,1,0
-9.785556342411386,-1.6978907273605237,1,0
-9.244942780191497,-1.734456005210181,1,0
-9.578919342064765,-0.7100972597690038,1,0
-2.7122104412338466,-1.782765125992121,1,0
-9.441996274289819,-1.6990597926802595,1,0
-9.435171212842706,-1.5481300780748408,1,0
-9.760753210913686,-1.2961381042089413,1,0
-9.60013109712725,-0.4940450947825379,1,0
1.9631596752319407,5.807569689179663,1,0
-9.764115234708337,0.8318226059334632,1,0
-9.43646885308751,-1.546266223467243,1,0
-9.738257890659105,-1.0285685903699409,1,0
-4.80507391093976,-0.8255591185345451,1,0
57.78295648459769,-1.4394117649739093,3,0
-8.864595989457529,-1.7382155236405548,1,0
-9.426488977212271,-1.6063390300542297,1,0
-6.454817321323223,-1.387327140624526,1,0
-8.202469973273784,1.1232152019026955,1,0
-9.785521879689155,-1.727364070573846,1,0
-9.769706111344824,0.10485941600538906,1,0
-9.52960143243535,-1.4853224219503585,1,0
-9.76025461793954,1.5636288515572838,1,0
82.82908249741993,8.842912147165432,3,0
-6.114932642058186,-1.7719141458952787,1,0
-8.962284303035869,-1.744304649870905,1,0
47.17725175232516,2.000422540539423,3,0
-9.78552403311807,-1.725522406729928,1,0
-9.785520114178729,-1.7288739772602844,1,0
-9.275341182301617,-1.6829185792677381,1,0
-9.783902192816688,-1.365821238426946,1,0
-6.15614408165235,-1.370229000562193,1,0
-7.797255446673295,2.492305907781605,1,0
-9.78163571482704,-1.5655216539513672,1,0
217.0317862900321,-3.2009757029863763,4,0
-9.785200683746481,-1.6994167056537215,1,0
-9.774036801946874,0.04181826266606459,1,0
-9.398477153405851,-1.6836181926917164,1,0
-9.182620894285618,-1.5264716352869165,1,0
-9.785514802563387,-1.7334165975723332,1,0
-9.719445380589034,2.0888617305093358,1,0
-4.331369391509946,-1.644948624777725,1,0
-8.573415788222247,5.771161324837405,1,0
-9.785657073083373,-1.611743450668006,1,0
-9.757185932857885,2.0375986992171065,1,0
46.03822585635653,-1.606693396545138,3,0
-9.785515153545763,-1.733116429060035,1,0
-9.775193011314654,-0.3534435784032668,1,0
-9.784382285471745,-1.525151590770012,1,0
-9.785528226766022,-1.7219358988336635,1,0
-9.780056884572652,-0.6992316561777412,1,0
-8.793177856000295,-1.4083151082129026,1,0
-9.78126593848656,-0.7611438596196094,1,0
-9.623149402997806,-0.1650008070394402,1,0
-8.894752427685011,-1.727947656354556,1,0
-9.086720177341828,-0.5400132783447544,1,0
-1.5194370162344946,-1.4228474100901771,1,0
-9.551409120453673,-1.3580493164888356,1,0
-9.77966414118404,-1.0670375403836942,1,0
-9.7089354946468,-1.7164445804579778,1,0
-9.530645211664753,-1.469883176181992,1,0
80.87576256379992,-1.007250059620841,3,0
-9.746177271805433,3.2443519975573087,1,0
48.120728643830375,-1.6443934398175453,3,0
-9.760512196529561,1.2129997592768302,1,0
-9.550673731273918,-1.7343441642619883,1,0
-9.669612792075528,10.752930144883699,1,0
-9.441372014246312,-0.782550549088824,1,0
27.23825409639176,-1.4944021147892737,2,0
31.994980138097763,3.4116676406546427,2,0
-9.758641155440113,4.678601257067006,1,0
-9.785523548085989,-1.7259372177513905,1,0
-9.774022104555796,-0.22346794173277518,1,0
-9.582403982787836,-1.7239307100573937,1,0
-9.74149686539723,4.082801930487719,1,0
-9.006478160256059,0.12931790033296298,1,0
-8.247501321104181,-0.6974397802749295,1,0
-9.73197277438616,-1.7381130048705948,1,0
-9.785528661643587,-1.7215639811525412,1,0
-9.082043931349984,-0.446874812408791,1,0
-7.424958973787094,-1.746092205107435,1,0
-7.220896783284703,-1.7135645647746878,1,0
-9.772666527715987,0.4759127819937443,1,0
103.65543460801541,-1.6948146199356218,0,0
-9.596377691098496,-1.322406271883179,1,0
-9.78552335209238,-1.7261048361668476,1,0
-9.784757750855945,-1.6491556501719906,1,0
-9.322111531033904,-0.19194230507601517,1,0
-9.4148006613826,-1.7338472246180916,1,0
-9.7675406091796,0.6569786646163638,1,0
-9.012811337569882,1.4205089106445379,1,0
-9.74625742106394,3.064092288050798,1,0
-9.785526360490072,-1.7235319826031676,1,0
46.95257501094257,-1.144444807053488,3,0
-9.777326918650548,-0.7990368307095336,1,0
-9.728644534494215,5.023573669293186,1,0
65.19233994699884,-2.0727280212123635,3,0
-9.707493252921784,0.6730091658460076,1,0
-8.913057967172021,-1.050641903972214,1,0
-9.762317987103184,-1.38800299278744,1,0
-9.50568024742361,-1.6572050393161737,1,0
-7.515901123907673,-1.7371824367336544,1,0
-9.685675403693743,18.41585146570677,1,0
-9.703915645700123,-1.6868085173131293,1,0
-8.549737211455716,-1.7501995449057146,1,0
-9.772464212515466,-1.7408015663814365,1,0
-9.785518336442271,-1.7303943399410437,1,0
16.768568186327226,-1.7759735965136132,2,0
-9.352400960696219,0.5017839390089518,1,0
-8.984017641013718,-0.8524460833592497,1,0
-9.776462082646926,-0.4604716105707902,1,0
2.393693146070767,8.194080076515103,1,0
-9.717479786106235,-1.2953812606380823,1,0
-8.110512505870403,-1.4126531360433239,1,0
-9.55441548649241,-1.4220271964646536,1,0
-9.78154647396998,-0.7163554990307776,1,0
20.551249699369723,0.17710425637881144,2,0
-9.785017242898897,-1.1386881999157197,1,0
-9.776273318285199,-1.729986157118125,1,0
-9.785501742998177,-1.7445854496751774,1,0
-9.77986326751384,-1.0492086567815675,1,0
-9.731749111203026,-1.7417067617213235,1,0
-8.6887243881309,-1.7482674874423583,1,0
-8.542218118366756,5.060192883838107,1,0
-9.785530732328466,-1.7197930819844756,1,0
-9.721316424891755,-1.2212126896487492,1,0
-8.764543056729396,0.6850813152051556,1,0
-9.781598989348456,-1.7017980580677068,1,0
-9.77867714096199,-1.7305007114451878,1,0
-9.188489157821566,-0.11986067341906859,1,0
-9.785508909516878,-1.7384564717052247,1,0
55.42795750441226,0.2675199203293994,3,0
-9.75750824096612,1.96099004874393,1,0
-9.785512824665355,-1.7351081432120687,1,0
-8.502153689165507,-1.7464374475205178,1,0
-9.785520467046615,-1.7285721962163942,1,0
-9.39550970354676,-0.9303237627808951,1,0
-9.743553284914192,-1.720234402675537,1,0
-9.429206349253716,-1.08770175854626,1,0
46.1098222986717,-1.6187804535378965,3,0
312.25133292119136,-4.01821735067074,4,0
52.01779850032055,2.814533087791471,3,0
-9.782176771690745,-0.943168792192903,1,0
-9.405892937687032,-1.745228036882359,1,0
-8.621119584336517,-1.7051465514881745,1,0
-9.385842992576343,-1.736543157076831,1,0
-9.75057311075443,2.7891456774312857,1,0
-9.743056665433167,4.322600665217153,1,0
-9.785521076641318,-1.7280508562657764,1,0
-9.785525431490292,-1.7243264854054265,1,0
-9.767591594442363,1.7713667036349925,1,0
-9.200812823411933,-1.741023223191705,1,0
-9.785513888826298,-1.7341980473557073,1,0
-9.660732791628687,22.81313838513866,1,0
-9.387271064846098,-0.048937376735681104,1,0
-7.089096729479049,0.1987005643704396,1,0
-9.42365379852811,-1.6404450193086832,1,0
-8.832703419544712,-1.4841889938523594,1,0
-9.602128184418644,-1.706527187573223,1,0
-9.548490094752264,1.0607451713482003,1,0
-9.628063704936011,-1.7437987864759865,1,0
-8.808937597073195,-1.4065883729055244,1,0
-9.785532325324821,-1.718430713451673,1,0
-9.750226059575262,3.008600123709477,1,0
-9.785521499967665,-1.7276888174624054,1,0
-9.784475905962934,-1.355902650601352,1,0
-5.396543286852226,-1.2803665001225757,1,0
-7.741225258413694,-1.7189300111805301,1,0
-9.785503750449067,-1.7428686297244935,1,0
-9.78551337850856,-1.734634483274516,1,0
-9.783658467442077,-1.735785234720855,1,0
-9.785512007664757,-1.735806861637778,1,0
-9.75638922894788,1.8230666555969806,1,0
-9.069825147831654,-1.7108673251545181,1,0
-8.624323374279678,-1.721246023373248,1,0
-9.773515922211585,0.051978890453932225,1,0
-9.785503706030465,-1.7429066175739916,1,0
40.4952887739598,-0.1299279348602056,3,0
-9.773994300537181,0.27603180367172264,1,0
-8.238591298490423,-1.2260216756100473,1,0
-8.461946704059919,-1.7344441960924348,1,0
-8.372930321428615,-1.7040488650946235,1,0
189.3360754091598,1.3911138279237742,4,0
-9.785503705554126,-1.7429070249503937,1,0
-9.475453150692939,-1.63113870867809,1,0
-9.773607069109506,-0.27741017172487314,1,0
-9.257121127085535,-1.7319796661698743,1,0
-9.731359936184274,-1.5865959397642038,1,0
-8.65950522217555,-1.728005560930816,1,0
-8.04141264551591,-1.7579617896833313,1,0
-9.783642090705106,-1.4546580116575631,1,0
-9.782451933475798,-1.2262997432263663,1,0
-7.989219407072029,-1.0756340132537514,1,0
-9.779954238814845,-0.9815125659130624,1,0
-9.619804475701837,-1.6735567802271414,1,0
-9.785539220052488,-1.7125341776671654,1,0
-9.785155635967264,-1.6966119293959823,1,0
-9.692651542697416,9.039545630736015,1,0
-9.785389907304042,-1.7256362596990666,1,0
-7.483900087019817,4.222399383985444,1,0
-9.739233527190523,4.3305046526711495,1,0
207.79530795740337,-1.4210388843920363,4,0
-9.77129070842616,-0.005867724620755688,1,0
-6.600000253156919,-1.1019974152793748,1,0
-9.756726992756764,1.6400541457652849,1,0
-9.26253495286743,-0.1728406684730559,1,0
-9.77633377254832,-0.6126256790481523,1,0
-9.406440331892558,3.2515873548937844,1,0
6.773912810188399,0.3296010683070414,2,0
-9.782727877457294,-1.2069877520104422,1,0
-9.783371080194916,-1.3323549363661817,1,0
-8.529783555421915,-1.1038821233321623,1,0
-9.63179369096663,15.753896537452377,1,0
-9.124317265540535,-0.7848709302992765,1,0
-9.747933392945495,2.5774708135165927,1,0
-9.75985637794976,1.5119276941384747,1,0
-9.2709623471296,-1.7431724366950365,1,0
-9.58114180475964,-1.666957168613205,1,0
-9.78372553368126,-1.5158390546797444,1,0
-9.735814477671319,4.373627885287335,1,0
26.454457361683207,-1.9410528617887306,2,0
-9.770587638193467,0.5098157692994301,1,0
-9.563772649898082,-1.4405411045130427,1,0
-9.734846900602957,1.3552486811129318,1,0
-8.315282858947928,-1.437987479575852,1,0
-9.500921353823319,-1.7014727034994532,1,0
42.08570567730166,-1.5670225843140893,3,0
-9.785550459367995,-1.7029220465889705,1,0
-7.447243815746184,-1.7564939770151755,1,0
10.123165525822074,-0.6184307015199908,2,0
-9.780324729147303,-1.1819918714530158,1,0
-9.783942224108305,-1.540223056780027,1,0
-9.505159513601967,-1.6904614479692384,1,0
-9.785162748340708,-1.6753808590812747,1,0
-9.744658299596791,2.9451236165489805,1,0
-9.78427181753587,-1.1374202334466457,1,0
-9.176280214242238,-1.7354439081093171,1,0
-9.715381115675742,7.419275873793452,1,0
-8.581473370971912,-1.2743119067351065,1,0
-8.97553951753527,-1.733644954792049,1,0
-9.417329899276988,-1.672462509113049,1,0
-8.696763400764294,0.25252348321199003,1,0
-9.78552300962456,-1.726397722825958,1,0
-9.780161186843541,-0.7126586415461572,1,0
-9.768599704855767,-1.164026894301612,1,0
-9.742559189748349,-1.7384576577303554,1,0
-9.76111333719267,-1.5076726426245366,1,0
-9.778165981083552,-0.18665211590579922,1,0
34.6661602613994,0.783590464514174,2,0
204.58285652406653,7.842203765364222,4,0
-8.043496393296712,-0.4996216781166968,1,0
-9.785572805636335,-1.6838109841503208,1,0
-8.22612489838502,-1.7314876229610687,1,0
-9.643169548671823,-0.9523088691206462,1,0
-9.758115361863188,1.6736804490026262,1,0
-9.073327158279705,-1.739901442424357,1,0
-8.983614050790685,-1.2474374467927953,1,0
-9.785507413515031,-1.7397358882181448,1,0
-9.78550209298818,-1.744286129863717,1,0
-7.203033354830373,-1.3546047037368045,1,0
-9.777251153176872,-0.7368251304733187,1,0
-8.707969365764129,4.927177748555424,1,0
-9.398424883211216,-0.307603518303319,1,0
-8.69373515134518,-1.3742627801569085,1,0
-9.57880686438178,-1.2595731610007213,1,0
-9.040384759630635,-0.43746434944672974,1,0
-9.260568939458517,-1.7159094125780836,1,0
-7.705006168289223,2.3678607984131173,1,0
20.263114932227197,8.589513852453837,2,0
10.421031577017374,-1.1045448823553308,2,0
-9.549982969520757,-0.4506192605303516,1,0
-9.78551843383373,-1.7303110484408262,1,0
-9.770468622678662,0.08661453270493791,1,0
-9.646812511877238,-1.7432706033832466,1,0
-9.785527643151637,-1.722435019796349,1,0
-9.774711402383003,-0.33139118591024674,1,0
-9.785514953026935,-1.7332879175513125,1,0
-9.709080307901829,-1.7199232112095855,1,0
-8.139074776855349,-1.5900152182057277,1,0
-9.334674312331549,-1.2010011782526309,1,0
-2.980338664119251,-1.78935674087111,1,0
-6.275086746506194,-1.7592849947228342,1,0
-9.484715912455254,-1.7454819860522357,1,0
-9.760489396106891,1.2539647384599966,1,0
-9.410138083911308,-0.6989576764566134,1,0
-9.779441136131005,-0.5485836824163166,1,0
-9.785530850897157,-1.7196916792083803,1,0
-9.784086791338016,-1.5586419516512773,1,0
-9.700961988575079,-1.1249722998955374,1,0
-9.778337487023615,-0.6646957031557797,1,0
-9.777344010301194,-1.5233348255530357,1,0
-9.23511222534892,1.3491077225759023,1,0
-8.451958534958319,-1.7443044999239172,1,0
-9.785517427289944,-1.7311718687265474,1,0
-9.698131245849604,-1.7342352906259026,1,0
-9.698669653563545,0.31643017747909385,1,0
-9.667993941766802,-1.740302644507044,1,0
-8.87651459668059,1.4976981410370969,1,0
-9.784237260160404,-1.4859861123166471,1,0
-9.785516429201177,-1.7320254580811307,1,0
-9.756874957519528,-1.7356659266003958,1,0
-9.785541365879828,-1.7106990148716648,1,0
-9.785179027935522,-1.6631089250925317,1,0
-9.782618814980713,-1.184309891472609,1,0
-9.778590333210262,-0.5179141450075226,1,0
-9.747740361392587,3.4357657898036775,1,0
85.17427209043716,-1.948292175652453,0,0
-9.373154378445207,-1.3799345454836156,1,0
-9.625632197332498,-1.330404581174766,1,0
1.9010436170847562,-0.4237562175072723,1,0
-6.365142796795331,-1.2908738306334102,1,0
72.47849184051569,-1.6276145982248118,3,0
-8.39018310922529,-1.5472712876402195,1,0
-7.976818024643029,-0.9339619920582696,1,0
13.13587527160458,-0.35083356862675497,2,0
73.57990699442493,-1.3984581748563556,3,0
-9.785557532028086,-1.696873338744253,1,0
-8.93931426365799,-0.5744603555462839,1,0
-7.27008190213133,-1.7400302727112735,1,0
-9.785534262892828,-1.7167736590139842,1,0
2.542207210418489,-0.38512786145387734,1,0
-9.023865120663988,2.0015549565941857,1,0
-7.719274824608153,-0.3429449095632493,1,0
-9.52156267539697,-1.7394059178331083,1,0
-9.782234145835695,-1.4758517524145687,1,0
-9.737376321889624,6.645035046177939,1,0
-9.256984696406745,-0.8931866679031809,1,0
-9.78069276257494,-0.9965776219000556,1,0
-9.73635264732531,-1.3864057555957636,1,0
-8.647443945462191,-1.7315237398607386,1,0
-9.785513315929537,-1.734688002349345,1,0
-9.75873643771788,1.8140710485339726,1,0
-9.74161934129323,4.482315909558094,1,0
-9.753086668269924,-1.45386210898013,1,0
-8.90949272993651,-1.4057380154792096,1,0
-9.784177339978848,-1.724942758063998,1,0
-8.551013499165517,-1.7478284685299477,1,0
-9.315436932889488,-1.7001048292212928,1,0
-9.781319988824466,-0.7974063879046797,1,0
-9.386997397296883,-1.7437544863895964,1,0
242.44297703333137,-3.2100494201355856,4,0
247.79166415630664,68.22889806072342,4,0
-9.77770701700406,-0.6497030721094518,1,0
-9.769111790267143,0.41932750042511513,1,0
-9.147475751253715,3.003591016149916,1,0
-9.294060561553644,-1.672071959936812,1,0
-9.531241970366437,0.8555504341061706,1,0
225.20921801620065,-1.528946879451248,4,0
-9.76531441991677,0.9221528545392679,1,0
-9.785602029067347,-1.6588184079319919,1,0
-9.703107904865313,-1.7218768877883173,1,0
72.1488662661037,10.319172587740148,3,0
-9.7621657795416,1.338364675449256,1,0
-8.64488163044985,-1.3378672026983975,1,0
-9.780310227996582,-0.9341592764168944,1,0
-9.749041076917091,2.9769402689574953,1,0
-9.37073114474063,8.791429100959103,1,0
155.25007881913032,-2.0479215032130167,0,0
-8.414523677248463,-1.3121929314111713,1,0
-9.758363450540383,0.4422539504476237,1,0
37.14762659822797,-1.9808680285171003,3,0
10.933896693066053,-1.4709395776091723,2,0
-9.785529806385194,-1.720584970788154,1,0
-9.778668983792455,2.1492899028456227,1,0
-9.77927887731336,-0.6076676952133877,1,0
-9.782590123034806,-1.3302514626243154,1,0
-9.029725277921028,-1.724588333295287,1,0
-9.155943273581547,-1.7475359582103533,1,0
-9.205008061684573,-1.4525514227820235,1,0
4.974821716755285,-1.3755110386185128,2,0
-8.937016202170092,0.590876996322611,1,0
-9.785625384995521,-1.6388438602869906,1,0
-9.713576939355658,-1.6940881492605122,1,0
-9.414136141894685,-1.7462334904742656,1,0
-9.763989966764337,-1.056496927438089,1,0
-7.455632841379542,-1.7486695048642364,1,0
-9.71121254310836,-1.7449901279337565,1,0
-9.785518568320077,-1.7301960325032932,1,0
-9.785552279657393,-1.701365291616288,1,0
-7.825984407560376,-1.5703695414135377,1,0
-9.364176400682608,-1.735175820103979,1,0
82.49599590071816,-0.7578065555837142,3,0
-9.627540869960564,-1.7287724253368995,1,0
283.8760550488181,-3.4872952881140136,4,0
-8.756256574483961,-1.7365158072725948,1,0
54.69097576703116,0.0008225503781822407,3,0
-9.766246811858592,-1.7103629275404346,1,0
-8.798125910799913,-1.1330804440291924,1,0
-7.883435163095602,-1.2736259754023893,1,0
-5.225668747127264,-1.7181458468620303,1,0
-9.695284337437998,-1.6963117921963557,1,0
-9.05898392499468,-1.2423861847231354,1,0
-8.892710841902879,-1.3526749550969435,1,0
-9.306619814710535,-1.7485403405966862,1,0
54.8603463162396,37.50123417675343,3,0
-9.168584945422461,4.338886141711393,1,0
-9.771368574625097,0.02065452312948346,1,0
-9.674598046023641,3.9998342668564337,1,0
23.75990735840485,-0.8268482155266134,2,0
-9.596610506201591,-1.7234894738610356,1,0
-9.784742346525201,-1.562496419873752,1,0
-9.785510399068302,-1.73718257174775,1,0
-8.615529303560223,1.5752935274325224,1,0
-9.759771651806297,-1.7380251390092147,1,0
-9.70069198742445,-1.731661901303521,1,0
-9.60297011738215,2.7697352287497328,1,0
-9.785516880016248,-1.731639910264554,1,0
-9.78091408997457,-0.8017811930937176,1,0
-6.96798177810599,-1.0568443777420615,1,0
-9.683831641479252,-1.2719454928778888,1,0
-9.278178914988633,-1.586421883822185,1,0
-9.777541840499858,-0.6126724213970811,1,0
-9.78557937498484,-1.6781927203964973,1,0
-9.785565083190447,-1.6904154043295854,1,0
-9.682132728477507,10.074904638673907,1,0
-9.711685888831289,-1.7422843346347316,1,0
-9.77844181836634,-0.8791212288884068,1,0
-9.776959560255795,-0.05688033055428687,1,0
18.164689529445578,-0.3394928307704139,2,0
-9.785530638569094,-1.7198732672396269,1,0
16.458445080074977,4.091890226158189,2,0
-9.781646658428691,-1.1504144826434286,1,0
-9.17794083441375,-1.7474019320534446,1,0
-9.783203194197583,-1.47390779465361,1,0
-7.895724755461359,-1.7428888211830778,1,0
-9.758897551228728,-1.7184353593073984,1,0
-9.777558185244773,-0.5721499876653824,1,0
-9.769790523907806,-1.3840960077574458,1,0
-9.781616676317688,-1.017117773933539,1,0
-9.723767772551716,5.532218124485791,1,0
-9.767707602412388,-1.403870522920125,1,0
207.9367317377671,3.275934964636857,4,0
-9.765975469158706,0.6660655807520732,1,0
-8.914465278571592,-1.4375253720505243,1,0
-9.441442562928154,-1.281199887838202,1,0
-6.9667008834943545,-1.7513231631701662,1,0
-9.776755522472675,0.12873352301301555,1,0
-9.684379827665056,10.185380577108184,1,0
78.30640212285239,-1.628953512450793,3,0
67.08825746310768,-1.4452294908094818,3,0
-9.112033479993414,9.882962666228984,1,0
33.19114068234195,-1.3642415815845268,2,0
-1.5681445500151625,-1.5481184132008914,1,0
-9.552847145429704,-1.7467070425874098,1,0
-9.785509343957798,-1.738084927452471,1,0
-9.663675832790444,-1.1175576485049699,1,0
-9.785551435842885,-1.7020869419386335,1,0
-9.769962529084077,0.5136619292179856,1,0
-8.92880897451187,0.9101341920142261,1,0
221.59530787650027,-0.47848625475142614,4,0
-9.785502722847134,-1.743747459441992,1,0
-9.771196484605728,0.23193829537515076,1,0
-9.785560343261169,-1.694469105063019,1,0
-9.785530800623556,-1.719734674392821,1,0
-9.78551282033861,-1.7351118435477213,1,0
-9.605545748949176,-0.801029112595069,1,0
-8.932898171295477,-1.3292785712346578,1,0
-9.663081123573482,-1.7411499128884949,1,0
-9.762378964259934,1.448088716455068,1,0
-9.709426423236003,8.20225471843678,1,0
-9.447791437287671,-1.7379012174747925,1,0
-1.6871240836302581,-1.795612724212592,1,0
-9.323530967403366,-1.7311367643178182,1,0
-6.17076841233607,-1.739953563194382,1,0
-9.785514393924155,-1.7337660756033053,1,0
-9.731558628757378,1.4818435636736043,1,0
-9.778684195981498,-1.7371997287904128,1,0
-9.782827035968655,-1.2203657251223736,1,0
-7.596650130470255,-0.9498890753618875,1,0
-8.69424150417605,25.445308608599763,1,0
-9.78551023687491,-1.7373212834126732,1,0
-8.345408968645813,0.9251644170981579,1,0
-9.708753564562834,-1.5919174858936764,1,0
-8.436827129493315,-1.0088137372278227,1,0
-9.771103491118062,0.25799904953228414,1,0
-9.785545120641029,-1.707487853407907,1,0
-9.78550585711738,-1.7410669566640506,1,0
-9.785569560021873,-1.6865867111622583,1,0
-8.779226344773026,-1.3443844030803713,1,0
-9.223281834003386,-1.324245131981657,1,0
-9.784376880809278,-1.7389139325624845,1,0
-9.698408658093344,8.268818264326999,1,0
-9.710391154736671,7.790318353899486,1,0
-9.771182296323488,-0.00814721897063131,1,0
-9.785507745801105,-1.73945170922963,1,0
-9.712448916914271,-1.7451208338994575,1,0
-9.625906306052304,1.4442045005126354,1,0
-9.70096090720889,-1.0855987204438176,1,0
234.89462298002667,-0.5605531376097727,4,0
-9.339895874216834,-1.7434329776060675,1,0
-9.572240473043909,-1.7344757777856143,1,0
-9.782077996572598,-0.8352870617374379,1,0
-9.634817479761011,-1.1580979280101908,1,0
-8.348400696395249,-1.188279226704906,1,0
-8.947435377411056,-1.7162882814531826,1,0
-8.866405237490532,-1.4635620978982897,1,0
11.36422354594005,11.154732536831169,2,0
-8.464851654768452,1.7771474815786292,1,0
-8.879701455572077,-1.7180816380169297,1,0
-9.78553808483766,-1.7135050405035104,1,0
-9.481476423759753,-1.7255252917135908,1,0
-8.335089869197859,-1.7254829850199238,1,0
-9.136963653845198,-1.4718452274483314,1,0
-9.297795621424562,3.292075137007261,1,0
21.191618124822785,-0.9645136997351158,2,0
-9.785510393491169,-1.7371873414464583,1,0
-9.259724262101459,-1.6402415138077575,1,0
-9.747280602464972,-0.5293144097613971,1,0
-9.783806312745151,-1.4459974411408212,1,0
-9.783025565173732,-1.3873643493078702,1,0
-9.517127310227135,-1.7379564503328526,1,0
-6.980168489210309,5.382335979889682,1,0
-9.468310113182977,-1.727075204063766,1,0
74.64732499226527,7.671249618372845,3,0
105.20100814933194,-0.9806958972657381,0,0
-9.776923156776656,0.3621871990691319,1,0
-3.7533942054004266,-1.7588223023706646,1,0
-8.397355627414036,-1.7523535851442875,1,0
-9.785523869912456,-1.7256619840697056,1,0
-9.577957794317507,-1.1507148671505563,1,0
-9.785548228335534,-1.7048300788384012,1,0
-9.785596514511786,-1.6635345875653624,1,0
-8.99271500849088,-1.066253499169676,1,0
-7.969199504291634,0.7700987266478725,1,0
206.44208123252722,-2.290646255520481,4,0
-9.702017862216174,-1.686426868589078,1,0
-9.74832565575247,2.648336910434474,1,0
-9.29088142464406,-1.7016370787371702,1,0
-9.754299559268022,1.960278482498829,1,0
-9.7822446522783,-1.7289467520038762,1,0
-9.78197243340484,-1.4557273002715638,1,0
-9.59443642977774,-1.7188828114569383,1,0
-9.785519634088663,-1.7292845617515749,1,0
-7.964339718332198,-1.7485698072350044,1,0
89.42011993011661,-2.100671915034961,0,0
-9.771801156782137,-0.004147522704046835,1,0
-9.759059803365012,2.471393412857703,1,0
-9.767155109897868,1.3000324676770671,1,0
-1.6204679725244109,-1.7900902954471907,1,0
121.94661251401905,-0.8548692667441553,0,0
-8.815571087152001,-1.2812994164535216,1,0
-9.785516086594425,-1.7323184635583582,1,0
-8.849109615295394,-1.7466363376991572,1,0
-9.611850562901664,-1.3798322554834672,1,0
-9.723330750175935,6.030351731507336,1,0
-8.466767985046172,4.44938271020069,1,0
-9.352017949555153,-1.7373945113771867,1,0
-9.70142790296135,-1.4432797084790967,1,0
-9.78551136294006,-1.7363582455980526,1,0
-9.715670324623341,6.602615133522729,1,0
-9.785525356804321,-1.724390358630476,1,0
-7.498249861463346,0.16383684756396,1,0
-9.736347387152101,5.29551698404998,1,0
-7.022642532763115,3.8405233536959917,1,0
-9.785563707245847,-1.6915921450151536,1,0
224.6195286366351,0.5212489193953207,4,0
-8.004883238459838,-1.4200745312086314,1,0
20.912785249330085,2.500286601623854,2,0
-9.78554039795919,-1.7115268037207803,1,0
-9.783293590156742,-1.7040557638647562,1,0
-9.706135841384572,-1.013614118778453,1,0
-9.59292957841479,-1.727548516497706,1,0
-9.785536836333565,-1.7145727910274935,1,0
-9.785528106391213,-1.7220388462452836,1,0
-8.053850260126577,-0.5029921342303993,1,0
-9.765003500686998,0.6802629272332434,1,0
-9.352293015531313,-1.6575580746260998,1,0
-7.8229235903350425,3.5108262192022712,1,0
-9.782088835337092,-0.9597711246062184,1,0
-9.772384591872127,0.8171527679173396,1,0
-8.353008044013109,-1.1917309918220924,1,0
-9.702102393478109,-1.7223611418939797,1,0
-9.7855281825062,-1.7219737508910276,1,0
1.7870070627667225,-1.3724453475777019,1,0
72.71822274011153,5.557481139537066,3,0
-8.814361046152246,-1.2796437882823113,1,0
0.32240769799756563,6.2551878387761715,1,0
-6.7066157181783534,-1.330452306519082,1,0
52.148355654764046,-0.5544900955966883,3,0
-8.66571303378636,-1.4428666811699236,1,0
-9.785509997832172,-1.7375257184704722,1,0
-9.785503974447433,-1.7426770609713949,1,0
-8.736830936602512,-1.75190344071728,1,0
-9.785510647677512,-1.7369699552138749,1,0
-9.624472970253986,-0.8704702168626514,1,0
-9.775786358565197,0.800081246496231,1,0
-9.768801165037365,1.4232720682574045,1,0
-8.269217593346434,-1.6919772541016116,1,0
-9.747490257586511,3.867776707478737,1,0
-9.469487924893482,-1.729165295427288,1,0
20.97222021660739,-0.6553281676044996,2,0
-8.888320515389307,-1.7486027870064436,1,0
-9.785515730928049,-1.7326226379386107,1,0
-9.766107489336877,1.0294342575721225,1,0
-9.75367744729173,2.4338565033033905,1,0
-9.29119131951964,-0.9941986475266715,1,0
-7.368963819982577,-1.7580535259101293,1,0
-9.7785838740254,-0.8684814842642131,1,0
-9.781910949206615,-0.9527455082896243,1,0
45.401670463205505,5.7202047766246755,3,0
-4.770620178683676,-0.8001968292052428,1,0
-9.785597787567182,-1.662445840182653,1,0
-9.785520553422735,-1.7284983252954758,1,0
-9.59854310955375,-1.7315733916099547,1,0
-9.777816698081491,-1.7163559418254295,1,0
-8.312143611326823,-1.385581185258092,1,0
-7.863482644564103,-1.0262905289587843,1,0
-9.78327822607541,-1.419257456916258,1,0
16.01289858519584,3.634277931215844,2,0
-2.6926450530223445,5.157904077385656,1,0
-9.78225435295072,-0.9749999619165519,1,0
-9.535989601346238,0.6529603040784226,1,0
79.04463359300357,0.49350726907476283,3,0
-9.777967626439063,-1.6518415116986562,1,0
-9.785503223638095,-1.7433191710512257,1,0
0.8680597702778527,-1.61005951347403,1,0
-9.65574936669026,14.000329448390207,1,0
-8.863784988873743,-1.7130323679175299,1,0
-9.214571627034346,-1.724563730850783,1,0
-9.560920656328282,21.68608774548831,1,0
-9.625155109380474,-0.32611373941795785,1,0
-9.781153331214709,-0.9264467620678256,1,0
-3.5681084626718214,-1.6306297675571606,1,0
-9.72532102376216,-1.6708531815738952,1,0
-9.679552502711461,-0.98362257454141,1,0
-9.785513916235631,-1.7341746062385683,1,0
-8.880357636748997,-1.1873157066915287,1,0
-9.785510689138844,-1.7369344964928735,1,0
-9.775962549106415,-0.5417103370138935,1,0
139.0334392038427,-2.54037191228754,0,0
-9.732649438500946,-1.3134368913158585,1,0
-9.7466289630994,3.2359564676365116,1,0
-9.735191949941497,4.208764979761839,1,0
-8.07845484607195,-1.7235352746429422,1,0
-9.773128506565111,-0.10878463656869952,1,0
-9.778200792089404,-0.7157568117863037,1,0
-9.785533399012543,-1.7175124700672693,1,0
2.7648962887059128,3.41563486465268,1,0
-9.33887463749815,-1.5715627850971026,1,0
-9.785511928473415,-1.7358745879646311,1,0
-8.351862637495463,-0.9948408578243673,1,0
-9.785551994588412,-1.7016090894189422,1,0
-8.372370665937654,-1.5298093454300405,1,0
-9.73268494159642,25.93288672411252,1,0
-9.73815797603917,0.7720817485495584,1,0
-9.784592501439716,-1.7327669587489292,1,0
189.0850364570621,3.3868544593285463,4,0
-8.493454945448775,0.938521139397833,1,0
-9.785520279428631,-1.728732651596781,1,0
-7.989111568388074,-1.4260764619089716,1,0
-8.21343298958662,-0.24485652605592279,1,0
-9.785571725875293,-1.6847344215838516,1,0
18.0075769252116,-1.7463140186089265,2,0
-9.78469642568488,-1.7393832510452847,1,0
-9.761218120322168,-1.7298613231888122,1,0
-9.317470674662964,-1.1145145292641607,1,0
-9.775292905239704,0.07156091325068537,1,0
-9.778781156718898,-0.3870943182131059,1,0
-8.468830133148348,2.2841957860916864,1,0
-9.74944719448651,-1.2689885253587407,1,0
-9.096463014590562,-1.669858255003733,1,0
-9.782089030915426,-1.259894666925793,1,0
-9.751427413950124,2.2543702118419002,1,0
-7.225783948442712,-0.7716083605843194,1,0
-6.5923781220332245,-0.7686423544051617,1,0
-9.7855152877344,-1.7330016677327533,1,0
-9.785545308775045,-1.7073269567030849,1,0
-3.8874833008897642,-1.3472177773520186,1,0
13.436017862974762,-1.1267276542264064,2,0
-9.462281190778192,-1.7357059299147832,1,0
-9.780950230616172,-1.1121989434295194,1,0
-9.760716975547892,3.8753487119091217,1,0
-9.766131457730271,-1.7389870214092513,1,0
-9.773999749537515,-0.5946735559243874,1,0
-6.021860442835525,12.936961423161836,1,0
-9.758122907779313,1.3772205215793836,1,0
-2.409596266121838,-1.5985692453042226,1,0
-9.426254271050368,-1.7462104197662824,1,0
-6.84836049930416,-1.7589544601452634,1,0
-9.768913047464572,0.24655173703947675,1,0
79.06734218591932,-0.868730162930455,3,0
-2.366737414827167,-0.5683319269315915,1,0
-9.781694491033516,-0.7435791681884185,1,0
-9.78425097146792,-1.744733500390353,1,0
-9.693359296098185,4.235979895650323,1,0
-9.652319675666565,-1.7134209062144103,1,0
-7.850903590230183,1.1534312770942123,1,0
-9.19647937318633,-1.7190737844963633,1,0
-7.67360858730091,0.7934862117619077,1,0
-9.616063667272675,-1.7151413113116727,1,0
-9.639702254189515,-0.9255430185809904,1,0
75.16440133660939,-0.27487651721201845,3,0
-9.746913802689155,-0.9466326908837681,1,0
-4.9065021343277015,3.675056156794491,1,0
-8.7543971797004,11.704274206385705,1,0
-8.787301425795153,-1.5734078380772325,1,0
-9.675474518454807,1.057980934916201,1,0
-9.465235501582773,-1.7271115804418091,1,0
-9.05186610374359,-1.2595106149566493,1,0
-6.343381475120006,3.9102815543078213,1,0
-9.695105094061272,-1.7342372807402628,1,0
-9.691706711905283,9.802969777325877,1,0
44.7117271554573,-1.5511137666420387,3,0
0.4920507231248603,-1.2017155926604617,1,0
-9.785619373042916,-1.643985425754262,1,0
-9.63131749301747,5.7281770911468,1,0
-7.589884411876762,-1.7323782035623938,1,0
-9.77438287734179,-0.43660117835199863,1,0
-9.729642114207872,-1.6452818270492482,1,0
-7.74151232067766,5.369976178394634,1,0
-9.393510503174602,-1.5860518615097898,1,0
128.95303599895848,-0.011904530601766217,0,0
-9.774831377099886,0.3626416333059894,1,0
-9.770231198901566,-1.1999696785100549,1,0
-9.615800369087736,2.045596075443867,1,0
-9.770969439196314,0.7703784122805315,1,0
-3.209023836184734,-1.3224774954406184,1,0
-9.577537891909575,-1.7335574503720408,1,0
-9.785525636177084,-1.7241514323706304,1,0
-9.562556128404244,-0.33027398672150365,1,0
-9.531428118097702,-1.7468105448846005,1,0
39.0035202412724,-1.0177141077311538,3,0
275.7426389849184,-3.131273864649855,4,0
7.361578426142604,2.8805561963267428,2,0
-9.75949301213237,1.5755371811228018,1,0
-9.775687685536006,0.1161430057378281,1,0
-7.5332818716698196,4.57571430683709,1,0
-9.785522968818196,-1.7264326214044066,1,0
-9.76981773274965,0.7440951995345437,1,0
7.759943207357463,-1.845183616522608,2,0
-9.782137259286628,-0.9304838506328834,1,0
-9.785538086405609,-1.7135036995561865,1,0
-9.484276240516119,-1.7194471882629379,1,0
-8.024196979536933,-1.7453829058522432,1,0
-8.46278099142335,-1.714030753812686,1,0
-2.7442323608336334,-1.7901419411048751,1,0
-9.785537988835525,-1.713587143822555,1,0
52.86147877410281,-1.812513210549337,3,0
-9.244523406884149,0.5783029350899562,1,0
-9.782451638950503,-1.2716563499248232,1,0
-9.554887745116677,5.608094898043587,1,0
-8.700702972109996,-1.7017006134303307,1,0
19.014308890058594,-1.1461008045490273,2,0
9.0966655848576,-0.38616789324929757,2,0
-5.617853433918089,-1.690154477709498,1,0
-9.02603772844992,2.243271192778477,1,0
-9.410895789845496,-1.221169721031436,1,0
-9.731429181676402,-1.6858547637225971,1,0
-6.3928834643525345,-1.3509238881930614,1,0
-9.784473081262409,-1.5642490083616536,1,0
-9.78403102567744,-1.5604876059074573,1,0
-9.785600311210658,-1.660287560004201,1,0
-8.831954967664455,-1.7497635399307496,1,0
-9.785603681268658,-1.6574054059072088,1,0
-9.785578166671838,-1.6792260985365515,1,0
-9.77803296117427,-0.4759948206106286,1,0
-9.785501334339099,-1.744934944680166,1,0
-9.628765867335082,16.296507830481495,1,0
-4.374174081339348,-0.07352639447641551,1,0
-9.731605204054645,1.4997817932940984,1,0
-7.935700413876846,-1.0200791755041743,1,0
-9.165477856536299,-1.7423230164252503,1,0
-8.904767819717039,-1.7375941053735482,1,0
-9.670405620800885,2.2517887576478954,1,0
-9.206567933096686,-1.7406864608381063,1,0
-9.703966264364377,-1.694448780747213,1,0
-9.783990387732953,-0.9432943895542374,1,0
-9.781207421605266,-0.8194011887633845,1,0
-9.785539382761916,-1.7123950246778068,1,0
-9.665017708321063,0.20384212518024625,1,0
-9.776748630919336,-0.3840288057742369,1,0
84.96319306696853,-1.5119775917325364,0,0
-8.82060765693581,-1.5687382370957557,1,0
-9.780803776938527,-0.8980535371881108,1,0
-9.776104308440067,-0.21905642037796103,1,0
-9.778170312952357,-1.699210824454467,1,0
20.929212429781014,-1.248854324015837,2,0
-7.95251402973324,-1.3081102038711363,1,0
-9.749173661738384,2.9143978585093446,1,0
-9.616607288891176,-1.7414138909122687,1,0
-9.501031550327548,-1.7453206287749972,1,0
-9.705280968012309,-1.7223866064505713,1,0
-9.781384143990504,-0.9335663802382759,1,0
-5.253021281753886,-1.741730513172032,1,0
-9.681180758959107,10.375691632600251,1,0
94.45931333413095,0.4910406563250911,0,0
-9.648418308356005,-0.0677630735855399,1,0
-9.618282210513122,5.804610704738125,1,0
-9.755487611294505,2.166294528922688,1,0
-9.623459827254297,-1.7008004492930489,1,0
-9.785509775977332,-1.7377154540297615,1,0
-9.785544063367153,-1.7083920592804545,1,0
-9.6567452088604,-1.7442514750913232,1,0
-9.783856240910891,-1.5070361554311136,1,0
56.78766955846159,2.322049882216514,3,0
-8.908642906755537,0.4622793314159308,1,0
-9.780765446999595,-1.6970210246280881,1,0
229.92389022927944,-2.439154537115297,4,0
103.54539462013199,-0.7393612645498623,0,0
8.69130009973517,-0.2404731098309083,2,0
-8.09154771108691,-1.5504663585927416,1,0
-9.778884422287842,-0.8028358926473511,1,0
-7.979217195376618,-1.0266638031092363,1,0
-9.785530763131716,-1.7197667383104716,1,0
-7.486183193874589,-0.8909118533927594,1,0
-9.779373133843363,-0.9231678651463091,1,0
27.329728820532164,8.038980451647209,2,0
44.25348414358393,-1.7457100042057696,3,0
81.8425707599917,2.4908148505885928,3,0
-9.783270682785158,-1.2163060535354906,1,0
-4.706167032422561,0.010573008746087131,1,0
-9.011479087312278,-1.7214931390481818,1,0
-9.40285630478808,-1.4748377393370873,1,0
-8.669944269352204,-1.6737036583202243,1,0
70.07381894478135,1.0204335601209271,3,0
-9.193201901529807,-1.7073330326576392,1,0
-9.297516111164429,-0.5532977016227774,1,0
-9.544042843226332,-1.739209832298726,1,0
12.871955890235029,-0.9456089167424273,2,0
-9.783225476518593,-1.2564779706241305,1,0
-8.668075013933672,-0.2714341721616542,1,0
-9.474770741999464,-1.5900781548349179,1,0
-4.816713162730485,-1.7466973886003911,1,0
-9.17460613875387,-1.7371172819282346,1,0
22.70304549170672,-0.7216780655099342,2,0
-9.775115259466766,-0.03344565159361501,1,0
-9.497810540266096,31.009698172149882,1,0
-1.1535881621675514,1.0697602851477903,1,1
-8.017528642482258,-0.2504210982504207,1,0
-9.776456011118546,-0.1583053507465999,1,0
-9.722732248599502,-1.2321225987744853,1,0
-9.776478543078692,-0.32332424811764504,1,0
-8.47615511685152,3.8661437969778376,1,0
-9.718324601444678,-1.736455345341497,1,0
-9.783400242711023,-1.2676876474453116,1,0
-6.52997154740722,-1.3972076082430327,1,0
-8.574411337228323,-1.3942408533277872,1,0
-8.10955486002466,-1.2577545452573313,1,0
-9.697743375704112,-1.0328500419961886,1,0
-8.766331250436023,-1.599386726410232,1,0
-9.21918962258526,-0.07469859883649099,1,0
-9.7820486778671,-1.0347786611831244,1,0
-9.779724892369394,-0.9599911515381165,1,0
-9.785532791323195,-1.7180321805122787,1,0
-9.693183282921321,-1.7106144041569435,1,0
-5.739769771604574,44.38000496926493,1,0
-7.7331245745153545,-1.4395687175023486,1,0
-8.324266331059667,-1.7471392703980437,1,0
-8.689900236800513,8.317985129268244,1,0
-5.629581717787418,-1.7758935281351855,1,0
-9.11487642809621,-0.7022596424189741,1,0
108.4474230079942,-1.3185901901711503,0,0
-9.706513030133287,-1.2060826466276933,1,0
-9.780807414648535,-0.9452241603399478,1,0
-7.824466867404661,-0.9861343899827811,1,0
-9.77229581436443,-1.7320280249540234,1,0
-7.513150792764659,-1.7500315134833448,1,0
-9.783415117019748,-1.4497736788726463,1,0
16.30039258820041,-0.4142119218399869,2,0
-9.758425223066482,2.420435117649065,1,0
-9.775089691638996,-0.40531374735354864,1,0
-9.784578159687449,-1.557240475428635,1,0
-9.406715343474774,2.1719267187728275,1,0
-9.77114090413572,-1.744255158855347,1,0
-9.784927663800977,-1.688048234113871,1,0
-9.78550408477943,-1.7425827024122529,1,0
-9.167307326763511,-1.3777235393183471,1,0
-9.772768970193109,0.9315592300650248,1,0
-6.115411309978507,-1.0950686619595413,1,0
-9.74682943656939,-1.7068390946386058,1,0
-7.5612078005108545,-1.0041372693241453,1,0
-9.483932601164012,-1.7433605876461884,1,0
168.06742031480482,-2.968647138252184,0,0
-9.785530247236842,-1.7202079439279883,1,0
-8.789145741299011,0.7326025361796846,1,0
-9.782730207740595,-1.0844813737538619,1,0
-8.560015331330582,-1.7536926454297317,1,0
-9.522407947218946,-0.8836816169048461,1,0
-9.013599397089985,1.8046792055774552,1,0
-9.767899289771346,0.6947136040948019,1,0
-9.770005894650355,0.4070370775958525,1,0
-9.091899188079601,-1.6741162986754685,1,0
-9.28825862263201,-1.5808700310563066,1,0
-9.784409543144884,-1.7300792808036187,1,0
-9.699941108921763,-1.33790467654325,1,0
-9.734140123526904,-0.437783208495066,1,0
-9.646047971550813,-1.08938591095558,1,0
-7.717152255784515,-1.758660612779236,1,0
-9.747435515270858,-1.4209216757434524,1,0
-9.781485296446046,-1.1067047409464335,1,0
-9.473155879875927,1.4382408769584512,1,0
-9.382133336102845,3.504742175487687,1,0
-9.748527804901356,1.5760511714907746,1,0
-9.215788823033135,-1.7424880354135812,1,0
67.85225306166676,-1.2747180991156866,3,0
-9.681128979081294,-1.7257659779109167,1,0
-9.780540454011012,-0.6559763429750519,1,0
-9.411276317805454,-1.3059320626227728,1,0
-9.752910443590258,4.113507322066939,1,0
-9.365768412996221,-1.221200802104148,1,0
-9.785522719037987,-1.7266462394052702,1,0
-9.785526310752353,-1.7235745194891563,1,0
-8.11270004944176,-1.75324435891141,1,0
-9.78551783285282,-1.7308250216681724,1,0
-9.780282354414208,-1.0196668696242683,1,0
-6.736885704712922,-1.7524177802298675,1,0
-8.769940202714585,-1.6591626800884622,1,0
-9.779847985799416,-1.4054796048088096,1,0
-9.78518104935421,-1.7068034186520658,1,0
-8.366548655973277,-1.7445709771177311,1,0
-9.782775816430345,-1.7330574694525767,1,0
-9.699346610262293,-1.7236346416312174,1,0
-7.521282492320585,-1.7588006851697764,1,0
-7.832810159319098,-1.7442618788859654,1,0
-9.703290176700474,-1.706052684630559,1,0
-9.392430325703383,-1.220905168934139,1,0
26.22254620722232,-0.8975174903972601,2,0
-9.713902758280899,-1.7273896662519306,1,0
-9.78198327296057,-1.726161937673957,1,0
-9.683324819544177,-0.8052198419762956,1,0
-8.72443094381377,-1.7495680663681639,1,0
-9.785521777415225,-1.7274515376821853,1,0
-8.160688993090831,-1.3329526949984465,1,0
-9.754692496431327,-1.7420837158767057,1,0
-8.836227845661435,-0.30605490157065685,1,0
-9.611570083731312,5.644384995281051,1,0
-9.777077218989103,-0.46731916067208557,1,0
-7.131831228245744,-1.7572833281922584,1,0
-9.677515973827909,-1.4790493171962493,1,0
-8.155563801379106,4.2734227990499525,1,0
-9.607409740351699,7.296185926299093,1,0
-9.78552830698943,-1.721867289857939,1,0
42.58130019268961,-0.8471978164555448,3,0
-9.195706428374415,-1.742833775253771,1,0
-9.773089684917053,-1.7151881703756096,1,0
-9.785503770574385,-1.7428514180715038,1,0
-9.742432041991485,3.6215946245572814,1,0
-9.484031874660845,-1.7382377175077588,1,0
-9.785516666298863,-1.7318226864769737,1,0
-9.545337088300844,0.1540649589143097,1,0
-7.009851694580334,-0.8048842719145608,1,0
-9.001592970227122,-1.740748997937798,1,0
-9.78552753835708,-1.7225246426048162,1,0
-9.785524984227914,-1.724708994873004,1,0
-8.342459449896609,-1.2644541962342617,1,0
-8.478293380879984,0.12504130343814546,1,0
-9.7855183833815,-1.730354196391418,1,0
-9.785505093724757,-1.7417198282705044,1,0
-9.784047767065037,-1.6683470738221113,1,0
-4.857107637151049,-1.2010084322999584,1,0
-7.106016949183445,-1.7389751700416174,1,0
-9.785527637098163,-1.7224401968714593,1,0
-9.776436753224417,-0.6726925150548785,1,0
-9.771922055980564,-0.16891835568625524,1,0
-9.785529744103883,-1.7206382352527316,1,0
-9.785598821698928,-1.6615614260136422,1,0
-9.650065765072386,-1.4973691550090416,1,0
-9.779791571551154,-0.6591984509532967,1,0
-3.441869082814783,-1.5508667458268115,1,0
65.8072671125095,-1.702891611358836,3,0
-9.770029580315654,0.2051819391239591,1,0
-9.759608325696467,1.7949348480450409,1,0
29.98250659588145,-0.7424860620544613,2,0
-9.682246474535686,-1.7364085487645422,1,0
-9.668654495238712,-1.74202929270022,1,0
-9.745852782372676,3.6099978098651686,1,0
-9.458584550161097,-1.7370966212916077,1,0
-9.781961457407549,-0.8685811515998413,1,0
-8.372709148853065,-1.7468648905424828,1,0
-9.780784714472397,-1.0459944304794775,1,0
-3.244439626974269,-1.784804060687343,1,0
-6.238489572964146,-1.7542133218873064,1,0
-8.913142428913165,-1.7177714714280121,1,0
8.334505813022812,0.2255280626977827,2,0
-6.3557446246085405,-1.5819311314099178,1,0
-8.58079165573437,0.2838269684633199,1,0
-9.681494435323458,-1.7314664586545694,1,0
-9.621180088309872,-1.7080599749751135,1,0
-9.76077314225692,1.6490153299206298,1,0
-9.39282476770744,0.6931681970162362,1,0
-9.75913231346419,-1.733797627323335,1,0
-9.756078534872382,1.805789990148317,1,0
-9.779384243043783,-0.9881076372178921,1,0
-8.21500054939692,-1.6835886521539611,1,0
-4.696989460834059,-1.7662973008705931,1,0
97.45990278636832,-0.77910268354481,0,0
-7.339851536406512,-1.25171852764015,1,0
-9.785507701164182,-1.7394898837933122,1,0
-9.779894481531256,-1.0915534235306295,1,0
-9.637122363237001,3.037802111196945,1,0
40.93107340728736,-1.6001431607741843,3,0
52.49911749000488,-1.5854014916630474,3,0
-9.784848850846526,-1.5845821127439728,1,0
-8.2027412766572,-1.75385644179212,1,0
-9.550093164292345,12.694485644105374,1,0
-8.936905003517213,-0.8270589012655274,1,0
-9.764358244126816,0.913914823716584,1,0
55.27981818621383,-1.9382230684384392,3,0
173.54228004472603,24.055247990935968,4,0
60.03601528086993,-1.2019784077308966,3,0
-9.410844063743795,-0.30643952811628483,1,0
-9.632008679000828,-0.6537605177260042,1,0
-9.782939340534067,-1.1149073711103967,1,0
235.58732966573012,-3.347837562116796,4,0
-9.649691300240885,0.0385436961723824,1,0
92.204736297317,-1.8859716057557125,0,0
-9.772443191704538,-0.13508405985687855,1,0
-9.765949075604496,1.2079669182264348,1,0
-9.704117896448297,-0.21993370785089783,1,0
-9.401496067550804,-1.6597032764951691,1,0
-9.697034054651592,-1.235799028553055,1,0
-9.785505475887483,-1.7413929935778838,1,0
-9.78552224339375,-1.7270530217168076,1,0
-4.12264595896599,-1.712652922084787,1,0
40.33036391292072,14.742452725401218,3,0
-9.32389303033965,2.348160588775394,1,0
-9.782020977818524,-0.8720522380189345,1,0
-9.69990719700943,-1.733553449318205,1,0
-9.669717271506896,-1.7345774801078777,1,0
-9.552548062576802,-1.7248537441871654,1,0
-4.577801533287211,-1.768985512310136,1,0
-9.780135555640815,-1.7437608585000723,1,0
-9.770030457175885,1.5157037239084596,1,0
-9.320299723059795,5.715003833224694,1,0
-9.745731513609968,3.3344366377397705,1,0
-9.773594332485587,0.045306141219737306,1,0
70.35305289609333,-2.072345404617251,3,0
-9.712878639747474,6.591541764885308,1,0
-8.73666018602097,3.8129774005657273,1,0
-8.577161167770296,-1.7479688407849816,1,0
16.983900222367517,9.330318167934355,2,0
-4.420852306973934,-1.7832506347922001,1,0
-6.348869114893631,-1.2490361121677729,1,0
-9.782760948186413,-1.4330576014444163,1,0
-8.921046823379125,-1.7299526584462876,1,0
-9.773391299757726,0.04262681862179529,1,0
-9.777746087695059,-0.7042036035637744,1,0
-8.965892587360567,-1.7056766301577388,1,0
90.94676997740649,-1.4231316550459128,0,0
-9.783708275464942,-1.7377524587637547,1,0
-9.77925925708827,-0.8610388074705355,1,0
-9.183768619177593,-0.6097683385819306,1,0
-9.782211593291086,-1.2899496081644175,1,0
-9.772144300393752,-0.019293762235988776,1,0
-9.782790288211302,-1.0683037686946002,1,0
-9.744102977871865,-0.6785110514595837,1,0
-8.097713710033746,-0.8416557036622528,1,0
-9.769011889052601,0.3256503722276498,1,0
-9.783580787768324,-1.3255715584452195,1,0
37.53520680410473,-1.1187411084037227,3,0
17.693311409193235,10.298330161974707,2,0
-9.785530067160892,-1.720361949182008,1,0
-7.400837637960889,1.1102465736774718,1,0
-3.6645163670539667,1.2647386376475387,1,0
-9.785562420674335,-1.692692451703273,1,0
59.455709492514146,3.6378542169676757,3,0
-9.780611970785099,-0.7862003535261534,1,0
-9.535168971280727,-1.7384050664082231,1,0
72.97656257304777,2.9042400715575347,3,0
-9.62669290096664,16.59688560366223,1,0
-8.269568249482173,-1.1698953782844892,1,0
-6.930847587532963,0.802169378380504,1,0
-9.772185725641876,0.47625837264462834,1,0
-9.719849935448503,-0.39475824374524526,1,0
-9.785509414515499,-1.7380245848229063,1,0
-9.785503031733061,-1.7434832928192314,1,0
-9.785529019671811,-1.7212577868642949,1,0
-9.257813695638466,-1.2650082412059158,1,0
-7.388434581831644,0.037939366953317455,1,0
49.28192340115113,-1.9719368719851307,3,0
-9.77991617312687,-1.0757862182020759,1,0
15.450356650098662,1.0472067862376164,2,0
-9.77512145325396,0.1319619833341017,1,0
-9.70198289991784,-1.7288910965817428,1,0
-9.469667731891487,0.30805055486366295,1,0
-7.945593077159744,-1.7355713821592715,1,0
89.95134028794119,-1.2417123537816603,0,0
-9.411993489061334,-0.5093628961941565,1,0
-9.694245035817952,-1.6574824370837484,1,0
-9.78273667871952,-1.6560990868646968,1,0
-9.785570936105403,-1.685409851658573,1,0
6.434721611704848,-1.7630012693444213,2,0
-7.990450595581415,-1.7222143445554579,1,0
-9.598488011259686,0.2402676475125729,1,0
-8.231961064072614,0.07076510592091001,1,0
-9.785504308777796,-1.7423911336591542,1,0
89.82168963345872,-2.112290298837472,0,0
-8.708765107151578,3.8383078508133286,1,0
-8.022860829320205,17.38648718645096,1,0
-8.453984632439889,0.34988354157525436,1,0
-9.552119092525707,-0.643085731299043,1,0
59.18924080165799,-1.4632071420484127,3,0
-9.784337407285653,-1.4024299159323033,1,0
-9.102299700709173,-1.7475555005221244,1,0
-9.776771656138214,-0.37389189404725154,1,0
-9.57111820569087,-1.0446040433175596,1,0
-9.767153253090308,0.5174442313761023,1,0
-2.6849598742358083,0.38224089516865845,1,1
-9.757021737384111,1.8560983108523046,1,0
-8.863656033261782,-1.7476129261324718,1,0
-9.73150085975438,-0.3059008770278917,1,0
-9.763037850067201,1.3176511381416707,1,0
-9.693259210054018,-0.890363706775862,1,0
-9.751192034843287,2.2700655821667572,1,0
-9.622549150266558,-1.7438686878678338,1,0
-9.785515411264955,-1.7328960214524693,1,0
-9.763479324816918,1.504866755159386,1,0
-9.513859698609497,11.206707808152771,1,0
-8.754943009550377,-1.7377235086119007,1,0
-9.77401479765219,-1.349859619608608,1,0
319.50660691957944,-4.183415082203059,4,0
-9.785505868093022,-1.741057570032785,1,0
-9.785511908036444,-1.5894667229428046,1,0
-9.77306913333442,0.027526117553334117,1,0
-9.55445557128322,4.844549579710991,1,0
-9.14384597534681,-1.2639764150756077,1,0
-9.785521451103232,-1.7277306074916567,1,0
-9.68064856964493,10.443909859376891,1,0
-9.785580325519108,-1.6773798007860594,1,0
-9.046049582321158,-1.4986053796888843,1,0
-9.733178017928681,4.34083808440846,1,0
-9.784335592423421,-1.356703423214396,1,0
-9.785522337748548,-1.7269723272411537,1,0
-9.785511745440195,-1.7360311223471472,1,0
-8.005320078698066,-1.0462316368900597,1,0
57.19429488604182,-1.7755615235591442,3,0
-9.756585637382953,4.067480202398713,1,0
-9.777500007871181,-1.123273913562218,1,0
-8.837628988854515,-1.7111168204426772,1,0
-9.781604222515387,-1.059223333314227,1,0
87.85767998710463,1.2711990677762417,0,0
-9.785528309410822,-1.721865219027895,1,0
-9.785559799103522,-1.694934481680395,1,0
-9.785587386469203,-1.6713411076112275,1,0
-7.962809840076152,-1.2647550671804402,1,0
-9.660214037712812,1.0638943412003115,1,0
-9.785511306077105,-1.736406876156056,1,0
-9.08123902971112,28.757238976086317,1,0
-9.782901917501912,-1.7398065679119006,1,0
-9.36586777495898,-1.7224466847934825,1,0
0.594020751868916,-1.1201764598724806,1,0
-9.784688164144178,-1.5386702108294066,1,0
-8.477893032561589,-0.015734576658031685,1,0
-9.78552463697686,-1.7250059722701523,1,0
-9.39427811124134,0.41702173029088563,1,0
-9.785505152354135,-1.7416696870250097,1,0
-8.99733022374884,1.7564557996127261,1,0
-5.989361391781855,1.4450508111437932,1,0
-9.785527109731461,-1.7228912134706604,1,0
-9.546744653111972,-1.5857495281061589,1,0
-9.361831404615938,5.181796354578801,1,0
-9.65794780943159,13.308391287985192,1,0
-9.70382555805798,-1.0950834448719076,1,0
88.62299687264697,-1.0061142689438003,0,0
34.9208869588405,-1.2677733364833321,2,0
56.29799033842025,-1.7144382060390622,3,0
-7.473618654143089,-0.8670573728297083,1,0
-9.785585901423149,-1.6726111544668987,1,0
-9.778888106970594,-0.5198308083928515,1,0
-6.008495350726474,-0.09755223291219073,1,0
-6.514825916031233,-1.7103288959481138,1,0
-8.67956224957064,-1.734364705903311,1,0
-9.767751592916559,0.815646238011829,1,0
-6.365743740699505,-1.6759626161223924,1,0
-9.781314048183107,-0.8779482243983152,1,0
-9.633973780154879,-0.9590092520822202,1,0
-9.779848135764833,-0.9457454920459458,1,0
-9.764861181224513,1.8883355600905043,1,0
-9.041471379836409,-1.0338797673898223,1,0
99.21634276946433,6.820784285275455,0,0
-9.782831975997185,-1.2206645474394646,1,0
-9.77216802133507,-0.6422315143584827,1,0
27.116694128956187,-1.4574130338459308,2,0
-8.299897133322773,-1.7401551054244107,1,0
20.5443489034393,2.3179988923568855,2,0
-9.655158546908295,-1.7243722426337575,1,0
-9.7808533722317,-1.0197845888297603,1,0
1.259724419572846,-0.8981763776049365,1,0
-9.55407193056351,-1.401955403981927,1,0
-9.692767998001267,-1.7092621079877617,1,0
-5.599107432543838,-1.5438910418033929,1,0
-9.197834126911662,-1.7493615557547024,1,0
-9.559019976563013,1.2211738396043943,1,0
-9.785503422727906,-1.7431489046891548,1,0
-9.221588961770617,-1.7165111687553398,1,0
49.542765440007585,1.3177569222929053,3,0
-9.738957364135539,2.4394749366968638,1,0
-9.505065766377575,-1.717714104275438,1,0
-5.891143698964585,0.5216215923707821,1,0
-9.698184549241201,8.017231027987474,1,0
-9.752701327874348,-0.6560407122484649,1,0
-9.785509482334248,-1.737966584607654,1,0
-9.785528311177245,-1.7218637083404038,1,0
-9.39341467438958,-0.6623769264547822,1,0
-7.551859859859553,-1.0345934395132839,1,0
-9.785501551371008,-1.7447493338069484,1,0
-9.709419320145717,7.900667233394233,1,0
-9.672594231571221,-1.7424819896013144,1,0
-7.2290361919291835,-1.7443814838572558,1,0
-9.727803554838557,-1.238152601567738,1,0
93.57787315812334,-2.130835760472917,0,0
-9.775660614021703,0.1526893071078248,1,0
-8.988649344521894,-1.7180161023577127,1,0
-9.652413294120818,-1.7244680734514268,1,0
-9.69911555809971,-1.376538741759975,1,0
-8.138184009448592,-1.513431846486297,1,0
-9.758832648791266,1.4183325077514333,1,0
-7.054577597636052,-1.7179083203376482,1,0
-7.930508370984147,-1.710019324867911,1,0
-9.78218460171562,-1.0651530577868067,1,0
-9.476674699984729,-0.7948051170539762,1,0
-9.77305851652296,-1.735477806208345,1,0
-9.747438430457326,3.0443436261782315,1,0
-8.169541786718174,-0.3538447060153993,1,0
-9.78415078893333,-1.722830806452719,1,0
55.80503029237357,-0.37687053463540465,3,0
-9.785547699698595,-1.7052821817746748,1,0
-9.78550678260416,-1.7402754582627578,1,0
-9.037685382665215,15.824321917570831,1,0
-2.804964310670762,7.7587909667382595,1,0
-9.785520099571004,-1.728886470136616,1,0
-7.016387266759367,-1.7582789234212632,1,0
-9.657739119343116,-1.7227614365104778,1,0
37.69628629220928,2.8259863884276513,3,0
249.9227737356423,-3.3163898477144333,4,0
-9.783483109015258,-1.72659796812376,1,0
-8.814098696970705,-1.7346443808751963,1,0
-9.286869614222125,-1.1968524943308114,1,0
-9.785503190512694,-1.7433475006851902,1,0
-9.206156688511603,-1.733307676092262,1,0
-9.730001089696426,-1.7451503479666597,1,0
-9.27944323185296,-1.734911365839574,1,0
-9.749091092138777,2.9489304374280527,1,0
-9.258017514323031,-0.7854652209182064,1,0
-7.074523013473055,-1.75037981737269,1,0
-9.701532363327493,-1.7196579584102076,1,0
118.58725282984972,-1.8638614721791713,0,0
-9.785511087000907,-1.7365942353529995,1,0
-9.652366222048697,0.35293308945011526,1,0
8.669567538422303,2.589747937438486,2,0
-9.785502156380948,-1.744231914854201,1,0
-9.782028513610278,-0.8646280040657568,1,0
-9.594137007965308,20.14098409023854,1,0
-9.785515100830926,-1.7331615120485369,1,0
24.83713583470504,-0.6533675091625536,2,0
58.67413712382913,-1.2423046265466573,3,0
-9.747171007273256,-1.159242526627487,1,0
87.04508986079738,-2.404616342895185,0,0
-9.180302648725446,-1.5401845177338653,1,0
-9.785528224424022,-1.7219379017676406,1,0
-9.777910230958268,-0.8232263078537594,1,0
-9.411645986959805,-0.41635588175772054,1,0
67.73711499712714,-1.8078970661273024,3,0
-8.263054174863743,4.512274404350388,1,0
-9.76304661929291,0.9250745388738064,1,0
-9.783024486305173,-1.4312657658994157,1,0
-9.234578236166618,-1.7342049258402463,1,0
-9.777683821460124,-0.4834236218285335,1,0
-7.802745256272006,-1.7419873467743354,1,0
-7.1071808836678185,-0.5316835473864501,1,0
-8.91773367041241,-1.447424647197977,1,0
0.3116777967211082,-1.6588892821007377,1,0
-9.785516891309449,-1.7316302520490203,1,0
-9.738670319902605,3.594652763511192,1,0
-9.773779106751318,-1.7112795233141742,1,0
-9.699123053123992,-1.6792722331070213,1,0
-9.29206239011696,-1.513176292080844,1,0
-8.630766457894078,-1.7471928392314766,1,0
4.226881924969975,-0.3380840114402428,1,0
-9.779787756973969,-1.7419895800689333,1,0
-4.2168398681935075,-1.5226161489958638,1,0
354.20255758841796,-1.1934404933371234,4,0
-9.702439208034985,-0.745753255993653,1,0
49.04532882898013,-0.28012022476227605,3,0
-9.769079193106302,-1.326960305296164,1,0
26.571213773772907,-0.0906079500845891,2,0
-4.449135098325189,-1.7805454662617923,1,0
-9.393683770031274,12.408347792612993,1,0
-8.780510221643926,-1.72244149985094,1,0
-9.77372183777778,0.7020324835471361,1,0
48.12257540001902,-1.6452089863379493,3,0
-9.777589512406754,-0.824728533410814,1,0
-8.397212271888794,-1.294952798910386,1,0
-6.425103830817481,-1.605618526173535,1,0
-9.785502432518577,-1.7439957553590864,1,0
-9.49228144436809,-1.71794685419134,1,0
-9.777567921329522,-0.3525257244261033,1,0
287.69506964527267,-3.531247712863133,4,0
-9.785538543889425,-1.7131124484699802,1,0
-8.949689256830585,-1.3976995015545162,1,0
-1.4556516658672134,-1.8014753173509679,1,0
-7.452421540035786,-1.7621324353780154,1,0
-9.780256849737992,-0.933516680014085,1,0
-9.785574425942787,-1.6824252593704632,1,0
-9.781867513971171,-1.187072886147877,1,0
-8.867017787090226,-1.382291405921954,1,0
-7.633711535384009,-0.903393788287543,1,0
-9.765989855666197,-1.7391284227222916,1,0
-8.39900609973273,-1.1128394251864089,1,0
-9.785592012096991,-1.667385160240287,1,0
-5.376172263227917,-1.606212036446132,1,0
-9.156935915708482,-1.442814923541567,1,0
-9.538449937532853,0.12539194861120495,1,0
-6.24861596361678,-1.7506697684023285,1,0
-7.260985218843792,-1.7564297874290702,1,0
-9.62981916037115,-0.13035598764982215,1,0
-9.734301911210157,4.380131254685104,1,0
-9.655253215970465,-0.36093901289908037,1,0
-9.133265347118172,-1.7397519458569632,1,0
-9.779945729377776,-0.8849755968113009,1,0
91.24104440029281,-1.571237775524926,0,0
-8.763423136420451,8.000324120962436,1,0
-9.692985112179965,-0.32940429854524345,1,0
-9.785526105748,-1.7237498441082202,1,0
-8.930148507235428,-1.3054578205522287,1,0
-9.785505559544502,-1.7413214480972607,1,0
-9.753627731162801,1.9219853017781539,1,0
-9.785535923132356,-1.7153537825124152,1,0
-9.785509895498699,-1.7376132365008619,1,0
-9.772399373222273,0.6746940337574774,1,0
-9.315075384348505,-0.08001897057805718,1,0
-8.805372351952942,-1.6736882461435931,1,0
-9.785501625203537,-1.7446861904646191,1,0
-6.861608161690649,-0.9046620606727305,1,0
-9.785540465301601,-1.71146921088193,1,0
1.1044655381313468,-1.2942123207265828,1,0
-9.550435853832143,-1.666522809457688,1,0
-9.763954478515176,1.0565493165174078,1,0
-9.605997091534299,-1.6754252590243468,1,0
-9.557292479552016,-1.7367697686960615,1,0
38.08205536578508,16.382633701289343,3,0
-9.597038054270174,-1.7213528854579259,1,0
-9.746409231214942,-1.3098173661856463,1,0
-9.032426411135196,2.159266983068157,1,0
-9.748195561723337,-1.7162652972461907,1,0
-9.211495880992334,-1.7339797499207983,1,0
-9.278654006546368,-1.3649742853216,1,0
-9.766728800355107,-1.737430882376494,1,0
-9.75837600807343,1.4863966529453103,1,0
-9.557117942667245,15.000057963658083,1,0
-8.991760343839047,-0.7954175668785243,1,0
71.17574201093662,-2.325173239956519,3,0
-8.798186329053848,-1.7272584452153068,1,0
-9.774676552864362,-0.31447594202566287,1,0
-6.728393941848431,-1.7222906315307276,1,0
-8.581306487117258,-0.5442857109051372,1,0
-9.216417601182396,-0.6755052414210772,1,0
-9.784925855272407,-1.6260181897410482,1,0
-9.654143918751705,15.93583726019897,1,0
6.029333639218466,-0.4098844689214033,2,0
-9.785530057832588,-1.720369926969883,1,0
63.39533160231558,-1.1798078691944487,3,0
-9.184184041767866,-0.5545933263515649,1,0
-8.804880801947833,3.8208227835588415,1,0
-9.59686413328662,-1.4900670368825137,1,0
-9.783685361621535,-1.2586845344061637,1,0
-9.785507533711211,-1.7396330935726756,1,0
-9.755928951956909,-1.728359359649173,1,0
-9.780933448499287,-0.958255636018326,1,0
-9.64142392264166,16.07011901190281,1,0
-8.921276818182193,-1.1837360677550193,1,0
-9.478440518828318,-1.197968814451766,1,0
-8.994983485740804,-1.7230154371643225,1,0
-9.085338001738824,-1.7045401715048376,1,0
68.99397282620993,11.50271399160654,3,0
237.0799472285364,-3.2349028734170404,4,0
-9.773847133225308,0.1721114313022989,1,0
-9.646148969727532,-1.7360610152055873,1,0
-6.946716774546879,-1.751199497820081,1,0
-3.2833991301522545,-1.7747557583490365,1,0
-9.622430869606672,-1.029177927624608,1,0
-9.34063393051926,2.9413054379227326,1,0
229.03028241097914,-2.82200312864416,4,0
-9.64597607358159,-1.1638478184119252,1,0
-8.993959221651005,-1.4585650311922045,1,0
-9.785516710618227,-1.7317847834975595,1,0
-9.7739121354116,-0.17126295771696953,1,0
-8.707145041030204,10.119938739671127,1,0
11.035188491201307,-0.9393179852244723,2,0
-8.964239529883667,-1.3761687869574841,1,0
-2.859657562239085,-1.654932499568105,1,0
-8.673634239801466,-1.7312010235492583,1,0
-7.906999991602378,-1.0564466595982915,1,0
-9.785512493490737,-1.7353913716556453,1,0
-9.69043444498684,9.855801091382453,1,0
-9.770733858413692,0.5138532085933762,1,0
-9.78355733184463,-0.5311290545460057,1,0
-8.489610168383386,-1.3938394786016217,1,0
-9.54133436376489,-1.7426200617828123,1,0
-9.780564607743312,-0.706455370252147,1,0
-4.824316893197557,-0.5776272748238589,1,0
-9.785518283906061,-1.7304392701633948,1,0
-9.782344972511952,-0.0012926948764682145,1,0
-8.977838923703603,1.173540125904554,1,0
-9.7738925318933,0.13970831491966385,1,0
-9.74772449595124,-1.4201589381566677,1,0
-9.686921975369806,-1.6858943940043787,1,0
-7.004708802548775,-1.7623676693149755,1,0
-9.7780913767153,-0.7494594976401273,1,0
-2.781712586660836,5.105428961749126,1,0
-9.589746496736359,8.050699982528279,1,0
-9.509991376091472,0.9944484470691393,1,0
-9.785550689082427,-1.7027255893190463,1,0
-8.700745367429333,-1.7162810338273655,1,0
5.663312854723129,-1.502514684414932,2,0
-9.646677711007385,17.576797680055435,1,0
-9.71186712000994,-1.7284010814787476,1,0
-9.785515933193453,-1.732449655733859,1,0
-9.763054931556299,1.6374643996718383,1,0
-9.767646193472766,0.5138192935091004,1,0
-9.783867440657575,-1.0291454251645864,1,0
-9.785562071021738,-1.6929914829564487,1,0
-5.942291680694289,1.0348722560247285,1,0
-9.060938162299498,-1.7400182165115772,1,0
-9.785526442757769,-1.7234616253037176,1,0
-8.596627661003273,-1.111374688840368,1,0
-9.783643756993452,-1.3726557048009285,1,0
-9.785539009590085,-1.712714170140837,1,0
-9.785518563020807,-1.730200564565767,1,0
-9.278355401017231,-1.7377304892100616,1,0
27.366260333553836,8.690323601908943,2,0
-9.779877358516558,-0.8358949528578632,1,0
-9.785531953780483,-1.7187484670453295,1,0
140.06445563267962,-1.1892798316894346,0,0
110.44925462699001,2.383790961315324,0,0
-9.568795786631688,3.687549086225671,1,0
41.07864631469387,-0.11433669256654855,3,0
-9.785545284660389,-1.7073475801334426,1,0
-9.781723461397531,-1.1621330493870206,1,0
11.621441960639842,-1.5135927993988267,2,0
-8.94635558069329,-0.7776856293411347,1,0
-9.785552892546773,-1.7008411339788887,1,0
-9.785518785431377,-1.7300103537340086,1,0
-9.234611522735783,0.2034064798222055,1,0
-9.58273135919532,11.818300878997267,1,0
-6.8445853783962285,3.7838121222913825,1,0
-8.710706353763793,-1.7312840011146846,1,0
-9.784496821383007,-1.6602322974566261,1,0
-6.831655507089206,-0.4990518087293989,1,0
-8.646884468729295,-1.743604133498212,1,0
-9.785514782636543,-1.7334336394851555,1,0
-9.715446160738605,6.786049592654659,1,0
-7.929248895771562,-1.740605888774606,1,0
-9.78408302030984,-1.697379764290439,1,0
52.02599365725355,-1.2048036667836528,3,0
-8.988739696795266,-1.7281054431095697,1,0
157.36895882779856,-1.936505874163768,0,0
-9.757808760466967,2.019785294159577,1,0
-6.894376899179255,-1.7658060836995606,1,0
61.64360938419516,-1.9230726378000793,3,0
-9.49232870216931,-1.730847376602351,1,0
-9.782511821585139,-1.2303148807275726,1,0
-9.572196001280792,-1.6336445875658825,1,0
-9.776912883140284,0.32725632376218083,1,0
-9.785503066089005,-1.7434539107962281,1,0
-7.514852289258388,-1.6063311596306518,1,0
-9.624274153500966,-0.9430549144411011,1,0
-9.774885987112922,-0.09838736440328599,1,0
-8.9535022296903,-1.1287421122943095,1,0
-9.778436141551985,-0.9340222414294309,1,0
-9.656561651401306,27.175904261078305,1,0
-9.25235067494798,-1.025073560395394,1,0
-9.784369521787454,-1.5036245995744366,1,0
-8.151926821304338,-1.7416904754635256,1,0
18.78197449085863,-0.24478793024866374,2,0
-9.785504302406764,-1.7423965823185326,1,0
21.384697230993652,-0.2109219953726702,2,0
-9.670722277406995,0.8661740960164268,1,0
-9.449279042082132,-1.7295707654187271,1,0
-9.785520828448904,-1.7282631163452997,1,0
-9.7723713298338,-1.7183759459783023,1,0
-8.662813736168664,-1.7331884625687297,1,0
-8.879085865530108,-1.3787554823425636,1,0
-9.780816020156495,-1.7347800857033269,1,0
-9.74650700546478,-1.7343034252244518,1,0
26.856663813862188,1.2306096941305347,2,0
-9.770415647278325,0.055458939390160555,1,0
-9.785509139906125,-1.7382594373187308,1,0
-9.055631291544458,-1.3657635484534687,1,0
-9.78550436129416,-1.74234622041082,1,0
-9.763257561152171,0.004932663963591599,1,0
-9.78552861524024,-1.7216036664037149,1,0
-9.775030293131502,-0.3764826883792749,1,0
-1.9386485642397133,15.035448723969491,1,0
-9.75385178961923,2.095173602925337,1,0
-9.785519923964952,-1.7099376948162865,1,0
-9.776268088348832,-0.37913846773668625,1,0
-9.658112373795325,-1.7459592666533528,1,0
-8.998475812393893,-1.725934682327745,1,0
-8.815066117844044,-0.4957149595455136,1,0
-9.20744444981566,-1.3628465989554075,1,0
-2.7634205439343607,9.059714183669161,1,0
-9.78084674247965,-0.8490213726941461,1,0
-9.67265370633919,-1.7221726865140898,1,0
-9.7834670389987,-1.4264216410764272,1,0
-9.746624446455069,-1.5530307925329507,1,0
-9.766541757849327,0.8406368038759697,1,0
-9.781111213220745,-0.8458661532883791,1,0
-9.781321630674867,-1.129574315762322,1,0
-9.784538964048906,-1.4786740751332705,1,0
38.07726712952595,-1.1765411630924916,3,0
-9.374378803516064,-1.6698382385281456,1,0
-9.570143290677775,4.132263262661466,1,0
62.00326952488973,-1.7476524402329585,3,0
69.63917173852897,-1.8004073735962558,3,0
-9.716734463716755,6.620442587142619,1,0
-9.618425301602809,0.17886650121191439,1,0
-9.785517905137247,-1.7307632022991501,1,0
-9.78241455760379,-1.2933897770896001,1,0
-9.785524509000476,-1.7251154207301895,1,0
-9.75343033134811,3.165456530734195,1,0
-9.781889456834413,-1.7398676932425985,1,0
-6.303584545801437,-1.7460948905679683,1,0
-6.354027568479928,3.724406910095647,1,0
-8.408311997962876,-1.7294394360963352,1,0
-9.435320221768535,1.2444188588630984,1,0
90.31966109267506,-0.200598246200274,0,0
-9.204697002593612,-1.5441854819887961,1,0
-9.75655613108228,2.785613580595217,1,0
-9.42197417681029,-1.123211968191925,1,0
-9.785509967148009,-1.7375519603003757,1,0
-9.551713974550063,-0.6206050117886792,1,0
-9.773146401274708,-0.32803123376428056,1,0
-9.064730024451904,5.27115371807033,1,0
-9.672567943009383,11.539528598872067,1,0
-9.771158606587939,1.2556563729104027,1,0
-8.587214124307355,2.1748145016424556,1,0
-5.787244762917736,-1.761895524143482,1,0
-9.381446054039182,-1.6533381467718498,1,0
-9.781564467871394,-0.9977232751702834,1,0
-9.166795525224726,-1.6832691334858265,1,0
-7.406263961736011,-0.8473708060674464,1,0
-8.683370480877416,-1.736375544294757,1,0
-9.619485790817391,-1.7306335585317818,1,0
-9.709294361661366,-1.6318053682133213,1,0
-9.777824172700871,-0.17000389666151028,1,0
-9.584846912252454,-1.662364059992444,1,0
-8.661473348256425,-0.8257781460835644,1,0
-9.780870963716135,-0.7136835265677681,1,0
-7.692941223155054,-0.9460878576021864,1,0
-9.785530025600323,-1.7203974927730932,1,0
-6.5126943727084745,42.89423786578833,1,0
-7.854694666843528,-1.552156942974162,1,0
-8.046878654907271,8.942350988152278,1,0
-9.778790655794653,-1.7289149042351997,1,0
-2.3404897824309696,-1.430039960359128,1,0
-9.76814281197839,0.4231075993722013,1,0
85.18915941135812,2.519678490565917,0,0
-8.223846690733623,-1.1635152081735987,1,0
-9.785503780934757,-1.7428425576347577,1,0
-9.28224893350351,-1.076885684858337,1,0
-9.632618578895446,-0.8292980891025762,1,0
-9.56865004675528,-1.7325640459705278,1,0
1.1099509177985336,-1.7927024816036832,1,0
-9.291856708163188,5.511191494473556,1,0
53.95381616887329,-1.5818161154531596,3,0
-9.785535554148339,-1.7156693464579102,1,0
-8.201131034361845,-0.6944705023055643,1,0
-9.783920298363947,-1.5012310129382076,1,0
-9.784415347021,-1.4852686197562106,1,0
-9.672483422806133,-1.5575634337158728,1,0
-9.785502236266952,-1.7441635944367615,1,0
195.98131373556984,-3.215585681707439,4,0
-9.714959593623568,6.754736407287564,1,0
-9.717220905377586,-1.0514824784685832,1,0
-9.785504225478032,-1.7424623736074756,1,0
105.63146588599471,-2.413759858495998,0,0
-9.783118578470733,-1.221153385474687,1,0
184.80758096520034,-2.793510372162653,4,0
-9.785557391845519,-1.6969932262245946,1,0
-8.502552588648516,-1.4404468861459596,1,0
27.4563113892282,-0.31392448720907185,2,0
-9.407742838194366,-1.055198334243205,1,0
-9.618519582631373,-1.7151367347792845,1,0
-7.7714884387657,15.22612251973684,1,0
-9.246734512587011,-1.7453819225458125,1,0
-9.779682073585612,-1.7241451105105905,1,0
-0.24785235509586023,-1.805277252960764,1,0
-9.646874074479607,-1.7237050369940838,1,0
-9.216871148414112,-1.7212787900611561,1,0
-9.563393740567212,1.7376804061016742,1,0
-9.762152492342667,0.7420112707902815,1,0
-9.73298166101107,-0.6623173916104892,1,0
-9.781489930470403,-1.0273179566881268,1,0
-9.765897697472349,1.0897206664814085,1,0
-7.348956566121446,-1.717159548946443,1,0
-9.620942285687173,0.9068493768081978,1,0
-9.77257808328788,-0.2211356761455654,1,0
-9.785579624070389,-1.6779796964862201,1,0
-9.662524962866035,-1.7243988102292098,1,0
-7.467237258016768,-1.0839138974115168,1,0
-9.785509504880956,-1.7379473021246201,1,0
-9.328052464673124,-1.7316282781394767,1,0
-9.769326142732798,0.4468474010583783,1,0
-9.19066783693191,-0.9954514086356989,1,0
-9.785611987547254,-1.6503016780510742,1,0
30.252871988042447,-1.3003979439035052,2,0
89.19394503161249,-1.7358286542868036,0,0
-9.784298802898883,-1.7356585144988348,1,0
-6.3159150354233216,-1.738013032493489,1,0
-9.227183899107136,-1.7413784955887133,1,0
-9.623159402450755,-0.07900206099206453,1,0
-7.293205288589149,-1.1935895171904565,1,1
22.047845209487797,-0.780420086283163,2,0
-9.400738449315114,-1.0763241092429128,1,0
63.76589028205426,-1.8660365556317353,3,0
-7.864084678661301,-0.9800617430248996,1,0
-9.78554521956074,-1.7074032549083995,1,0
33.65034712771485,-0.5649230229727067,2,0
17.04549207232873,-1.130896345172375,2,0
-7.943238225524102,-0.6828665326737123,1,0
-9.785507168518057,-1.7399454154809704,1,0
-9.698204522081259,0.03756279237604643,1,0
-8.605806762537618,-1.7349614924109378,1,0
-9.766679456058945,1.20425704461899,1,0
-9.783899104670843,-1.349272782908431,1,0
-8.213404078194655,-1.7441289116832692,1,0
54.741439157059176,1.178236171022991,3,0
-9.785514773347934,-1.7334415833249968,1,0
-9.778622910088975,-1.7195833759549943,1,0
-8.721501183355553,-1.4065165190182836,1,0
75.15446643317289,1.9046610467093044,3,0
-9.5496707912584,-0.6925325643721302,1,0
-8.531479935369376,-1.7392406667651301,1,0
22.145323262183883,2.5653207198483017,2,0
-7.139136606691592,-1.76015847786568,1,0
13.515378998442575,1.2078703553994576,2,0
-9.725051416245126,-1.7431462172928214,1,0
-9.722882542901955,-1.6970506266673004,1,0
-8.497065580516427,-1.4243499755340772,1,0
-9.324696925195049,-1.729338023197028,1,0
-9.785525110298943,-1.724601175918575,1,0
23.4684293779352,-1.1322767607758137,2,0
-9.741581593081332,-0.9438661600535316,1,0
-9.73271153106295,-1.7379574286228594,1,0
-9.770433920426145,1.0861663529429406,1,0
-9.778787557595411,-0.6242125978117894,1,0
-9.520109824355064,-1.1553414728224205,1,0
88.43424440134004,2.996593930524659,0,0
-9.154358977676683,0.348303350857347,1,0
27.986462727865497,-1.9491658530589213,2,0
78.21904768588745,-0.49105840527177547,3,0
-9.47489972252846,-1.7314623723866656,1,0
-8.627126365823383,-1.7381402778234214,1,0
-9.785508425457321,-1.7388704509998663,1,0
-9.755318792300093,2.061701986113959,1,0
-9.73705487040667,-0.9680116062336628,1,0
-9.762178925356942,-1.7206275733053764,1,0
-9.747765884449862,-1.720855366221463,1,0
-9.77984091761776,-0.5728365326374922,1,0
-9.043005228527335,-1.7396943036858155,1,0
2.471211103404677,-1.5317265055583187,1,0
-9.70370141952603,-1.7325158109530223,1,0
-9.462619327243353,-1.1496240419352335,1,0
-9.78554367360285,-1.7087253950214922,1,0
-9.785577707104041,-1.679619131894517,1,0
-9.762204552939545,1.1329691678868699,1,0
-9.694591736506286,-1.519270878025386,1,0
-8.027043955662245,-1.0487937816816133,1,0
-9.785534363380487,-1.7166877195671528,1,0
-9.743409325934314,3.1045838724830634,1,0
-7.724969151154651,-0.8965719711044078,1,0
-8.387743502804202,1.0359443563023172,1,0
-9.783831358341583,-1.4460690624186998,1,0
-9.466868820294946,-1.6737487634221118,1,0
-9.50103956697997,-1.7149070490361156,1,0
-5.564128700342278,-1.7718437970964476,1,0
-9.738969231962182,-1.0411966388486897,1,0
-6.296598559067461,0.3171198072680166,1,0
-9.693071117245982,1.314554468824349,1,0
-9.785587126288927,-1.6715636199968706,1,0
66.7542921756071,-0.5980481569643659,3,0
-9.766756044902387,0.9972050921585747,1,0
-9.777219002372169,-0.7517509799217899,1,0
-9.485575071140058,-0.5327229697979321,1,0
-9.785526307854624,-1.7235769976956026,1,0
-9.752528606393215,3.396989466108243,1,0
-9.78209011178225,-1.7210544515749246,1,0
-9.190799921713424,-1.7420623403662723,1,0
-9.780305637585956,-0.8542230901870075,1,0
-9.776719231276891,0.45750985302788094,1,0
-9.69046225115898,9.182478433765013,1,0
-9.785512843738758,-1.735091831181967,1,0
-8.977725657462754,-1.7502788497752344,1,0
-9.781689002709344,-0.9992823502348247,1,0
-9.760310911905268,1.334430160365168,1,0
-9.608660198229696,-1.741446021934448,1,0
-9.313282559272883,-0.536359047700192,1,0
-0.6296964441484452,0.24403748011958326,1,0
-9.770614700190098,2.0232749785308646,1,0
-9.710599674248636,-1.505721092442208,1,0
24.68523110406476,-1.0637123242469433,2,0
15.301525258655317,8.061908684612366,2,0
-8.307480292610345,-1.0863343921650674,1,0
-9.464803431127637,-1.7191586854190644,1,0
-9.757100970902924,2.257846256158926,1,0
-9.653984089957202,33.04820419716364,1,0
-9.332731106395778,-1.7371603283718124,1,0
-9.41028412564677,-1.1937914082213592,1,0
-9.707567147553817,-1.7306042259210481,1,0
-9.754982109234914,2.582649332240598,1,0
-9.765376537455083,1.2981582421729452,1,0
-9.785525082056015,-1.7246253299444179,1,0
-9.781724617874348,-1.397424373110343,1,0
-9.697527913847754,-1.7381713467863793,1,0
-9.636723984061259,-1.6909443142092098,1,0
-9.785514515807371,-1.7336618381664117,1,0
-9.785533522721725,-1.7174066710208342,1,0
-3.2116048694736667,-1.7744814209606443,1,0
-8.332197397738657,-1.0978863746469498,1,0
-9.701564707194652,-1.723828307013242,1,0
-9.78111420247349,-0.8598064700151996,1,0
-9.588121370895486,-1.504535282280388,1,0
53.52132839621514,-1.8540043958371881,3,0
-3.846424316061123,-0.5976215285249283,1,0
-6.855645790965471,1.3214014927208009,1,0
-9.763120047257827,1.2094388119720483,1,0
-8.361887088992866,-1.7271361160522707,1,0
-9.61286199211477,-1.742539056969052,1,0
-9.78467378514298,-1.7078154291001577,1,0
-9.782203814184014,-1.2169308381077761,1,0
-9.785551361692796,-1.7021503568652308,1,0
-9.785529038824604,-1.721241406938126,1,0
-9.783650684922167,-1.7233420738282585,1,0
35.315665706801,-1.5527003756811437,2,0
-9.72946943908547,-1.742361305187941,1,0
-9.510024247612062,-0.47282075605865415,1,0
-9.760043280072654,0.747659656769915,1,0
-9.78551369203879,-1.7343663447318347,1,0
-9.563847503313216,-1.3477527766601396,1,0
92.99638341394764,-2.0614141990385835,0,0
4.540150270431589,1.021603343426626,1,0
-9.648847381802643,-0.5629549439053506,1,0
-9.166196737301021,-1.0086474530224425,1,0
-9.564315729692737,-1.715461251468664,1,0
-8.586428919056097,-1.397775661947304,1,0
-9.72484856543941,-1.738250754831223,1,0
-8.396022439138767,-1.194081339074825,1,0
-9.761408997259718,3.0689441285709966,1,0
-9.785536226540387,-1.715094300718279,1,0
97.6624801174936,-0.4740640507324937,0,0
-9.508611962255067,4.8688861793913984,1,0
-8.810978025767705,-1.3593346285220684,1,0
-9.762851785355682,3.045781952427311,1,0
-9.327443844602977,-1.5818124036257515,1,0
-5.294611610109005,-1.7648021090246027,1,0
-9.785570356341424,-1.685905679662008,1,0
58.885174752943016,-2.0649235370334607,3,0
-9.555857274143127,2.5902048170333467,1,0
-8.06654602858929,-1.729120838069477,1,0
-9.689367898004184,-1.3237558792016342,1,0
39.22630925991291,-1.524754508857422,3,0
-9.769544702112787,0.4310051754019333,1,0
-6.371712974565508,-1.585645109302409,1,0
-9.753338425813864,2.3457281841206963,1,0
-9.78551154637023,-1.7362013717352014,1,0
-9.246198938887261,-0.6402836740900355,1,0
-9.743813487874148,5.14386714207769,1,0
27.469997176999154,0.08729924481928264,2,0
-6.536793713999012,-1.1713463135232405,1,0
-9.367758243254269,0.8399473028570523,1,0
-8.526438769858629,-1.0200217626598334,1,0
-8.600749520755329,-1.7383662054586273,1,0
-9.785511740398942,-1.7360354337474029,1,0
-9.48865255078929,-1.5695277233436093,1,0
-9.733046583052692,5.939117003502261,1,0
-9.756906666042962,1.5912666134166629,1,0
90.93908702835924,-1.0672179834140982,0,0
-9.608047452553798,-1.7205057467260723,1,0
-0.058430318767635825,-1.8022311374089708,1,0
-9.77563151847004,-0.17123753511451345,1,0
-9.701908544893273,-1.722620780810693,1,0
-9.771269811857225,0.45475257699845595,1,0
-9.330912486216146,-1.7440301823583122,1,0
-9.669843847248883,-1.7424166940343624,1,0
85.45877059183168,2.288934047512576,0,0
-9.023007382927144,-1.7185283252723795,1,0
-9.140003448514303,-1.7470702080401992,1,0
-8.159163790780317,-1.5875354666322814,1,0
-9.785566389272006,-1.6892984121829955,1,0
-9.561540622698324,-1.2437548579549025,1,0
-9.620388225074125,-1.3717178402493386,1,0
-9.763465143896529,3.133860512524076,1,0
-9.575966193052375,-1.7348372775193441,1,0
-8.652007579450661,1.5851401446337725,1,0
-8.736269556206697,5.568771201246399,1,0
-9.724434003482804,6.169594433053287,1,0
-9.785529675868336,-1.7206965919223358,1,0
-9.785510683958659,-1.7369389267112465,1,0
0.32363231394093717,-1.7537889193930354,1,0
-1.0892731154112862,-0.05790087599610061,1,0
-9.651463387178572,-1.7403779218669182,1,0
-9.623616638286737,-1.5812098867785045,1,0
-8.569642716543466,-1.7277904948882064,1,0
-9.780719976401745,-0.5352023852749376,1,0
-9.765814437369597,0.5378644890052691,1,0
-8.609293013829879,-1.7254826479229015,1,0
-9.751535094029467,2.263865929699027,1,0
-9.78551398298262,-1.7341175226202208,1,0
-9.776521074051345,-1.709089086221239,1,0
-9.751372750464462,2.5037395470951056,1,0
-9.785504639773787,-1.7421080579817283,1,0
-8.81789008431262,0.9679148711713648,1,0
-9.76935710049407,0.33966217361259776,1,0
-8.39647782126978,-1.4425720717917623,1,0
-9.779821968501437,-0.6956250539681806,1,0
-9.600533346737144,-1.1935545928946119,1,0
-8.645636093703523,-1.294570540375914,1,0
60.51054263392322,-2.0086313991579057,3,0
-9.206008427649135,-1.6947886509841945,1,0
-8.481624294496894,-1.7421099566735445,1,0
-9.7224722885514,-1.7288300246107755,1,0
-9.559893249315097,-1.68902304707114,1,0
120.90725506255478,-2.4092913731977417,0,0
-9.088652532615386,-1.7038183135899763,1,0
-9.750854666379075,2.3157601958670604,1,0
-9.785531115940058,-1.7194650081886318,1,0
62.12644514596245,-2.005368245552974,3,0
-9.601312847449048,2.217888629110202,1,0
113.48240121439727,-1.8877670569106297,0,0
-9.365383385268586,2.6773212356832854,1,0
-9.784796245012876,-1.6922132931212719,1,0
-9.692144047471215,10.441707919074748,1,0
24.50880320374844,0.8954242641367705,2,0
-9.754836041589737,2.0114437439366912,1,0
-9.785522535905528,-1.72680285865787,1,0
-9.71095941007313,-1.7171826069137668,1,0
-9.735958438478516,-0.7495537649277255,1,0
-9.784483414942779,-1.5233020298094333,1,0
106.47626452579956,-1.836187420804537,0,0
-9.621165948739087,-0.946797969640414,1,0
-9.579111549406178,0.4704958477315073,1,0
-6.8722706500073,-0.6839647749490564,1,0
-9.153057211410353,1.5140828930049528,1,0
-4.000548607488205,-0.8034920857514865,1,0
-8.741374379595253,15.998187717003155,1,0
-9.766375394870707,0.6902403528036727,1,0
-9.762544677733047,1.345492667159863,1,0
-9.549256959766572,-1.207752712854785,1,0
-9.701650175459536,-1.7080306788569275,1,0
-9.774857361500896,-0.2611403207691947,1,0
12.00937100943094,-1.5471452404878105,2,0
-2.4523174202437072,-0.03560250332380144,1,0
-9.78178247358055,-1.7358675382526485,1,0
-8.875310029332699,-1.731084529204215,1,0
-9.7855246818718,-1.724967577044252,1,0
-9.784901877611176,-1.7419327958981174,1,0
-9.669995780203259,-0.921476071015295,1,0
-9.739259621796739,3.5267003029170567,1,0
-8.834128086047617,-1.7419386516634103,1,0
-9.778807034189313,0.5210904840975208,1,0
-9.712505799790275,6.90250094595686,1,0
-9.777927854373404,-0.3463170350766671,1,0
-9.722228911502148,-1.7317061317034494,1,0
-9.769178595715331,1.0931232298925555,1,0
-9.785508593664494,-1.7387265962078664,1,0
-9.766759451702955,1.3454503154386401,1,0
-9.463002555105106,-1.7267836158504548,1,0
-9.782119893607964,-0.8744031221095916,1,0
-8.640666790143941,-1.3006203961500862,1,0
-8.388075446732799,1.3120107898673368,1,0
-9.714279494861007,2.773344974973078,1,0
-9.780050098457144,-1.0207238440095028,1,0
-9.365725338032327,-1.7260303365165,1,0
-9.72912716773236,4.615369222234152,1,0
-9.522090628518605,-1.7129845463343767,1,0
-9.785511193522193,-1.7365031358050746,1,0
-9.784833468019809,-1.5830544977314642,1,0
39.643810626071186,4.71537170011406,3,0
-9.785632733118428,-1.632559570063728,1,0
-9.78554560910672,-1.7070701058815458,1,0
86.2505954260933,8.16752313147131,0,0
-9.785504778705965,-1.7419892398644423,1,0
-9.671460051394424,-1.347875203143459,1,0
-9.737457385871489,4.281613715835364,1,0
-9.78551148299731,-1.7362555697707005,1,0
-9.706071386242158,-0.8673378544283237,1,0
-7.972369125121684,-1.754544631961271,1,0
-9.756526596352607,-1.6898114767794414,1,0
-9.776372443753708,-0.46187171351581324,1,0
-9.68329144736793,2.466656626519807,1,0
-9.78553183155986,-1.7188529930405076,1,0
-9.464799928190022,1.0550045415921812,1,0
-9.391763383534029,-0.8557501815679652,1,0
-9.542470822043413,-1.7416375289111634,1,0
-9.119723328808023,-1.5965791428632734,1,0
-9.772312768321482,-1.7302612344685964,1,0
68.60709098006562,0.7326833377367112,3,0
-9.630121871554225,16.92134425386279,1,0
-8.005781616960377,3.026789154864451,1,0
-9.314867001822636,-1.5814258891851378,1,0
19.026832899785493,-0.9331536619260213,2,0
25.503641287896603,-1.4391102581553752,2,0
-9.695777112138474,0.21316234569588732,1,0
-9.390042634405754,0.24385365360679323,1,0
-9.748078747813068,-1.3738209458757495,1,0
-8.305544490649115,-1.2562379736202702,1,0
-7.8129985730983815,-1.7501592021746586,1,0
-7.701627055448116,-0.6186242783240385,1,0
-7.567877442675026,1.4432934186032562,1,0
-9.602262061209531,5.605934427914202,1,0
16.08702360163037,-1.8721679023572302,2,0
-9.466841378709654,-1.7272640619422819,1,0
-7.211797206260439,-1.7277746128039961,1,0
-9.574283698155938,-1.0928950928216987,1,0
3.8460409973516025,-1.270928658191472,1,0
-9.597579252951052,3.3992259434565657,1,0
-9.714857610886387,6.38829024000572,1,0
-9.044792426479507,5.852063446468306,1,0
-9.685378793968846,-0.0006137653040043656,1,0
-9.686988486430135,-1.7204328912724118,1,0
-9.700517305039746,-0.866181481885858,1,0
-9.774862328517884,-0.025395604152356643,1,0
-5.569369276491823,-1.5580382466728544,1,0
-9.74037214862269,3.8457868658546337,1,0
-9.77680593108231,-1.0821685600990611,1,0
-9.616695301637,-1.4470955404189199,1,0
-7.700046367895117,2.532662714232037,1,0
75.3458100564759,-0.6310682670482365,3,0
-8.651802901351173,-1.3947043472486933,1,0
-3.787070404970579,-0.4813736843419453,1,0
-9.780618771122738,-1.124765607734505,1,0
-9.770699621205281,0.5904689664558427,1,0
-9.621965702366357,-1.739250254809519,1,0
-9.121075456155248,-1.7377682784952226,1,0
-9.609676453631266,18.335721551722006,1,0
-3.219944516865083,-1.1520130537442053,1,0
71.27746165548237,-1.8310191891869636,3,0
-7.427958785223216,-1.7519147192814404,1,0
49.75925379433811,-0.9008722994912727,3,0
-9.785509583774587,-1.7378798304080185,1,0
-9.772923494813854,0.03194467759846753,1,0
-9.785509603741126,-1.7378627545471628,1,0
-7.72706957460233,-1.7423695619384985,1,0
11.591251878570123,2.7342645297513624,2,0
-9.784993642157781,-1.686481588215329,1,0
259.034908519016,-3.604360793642548,4,0
42.755030770020625,0.1731182581956594,3,0
-7.382372756340286,-1.7176073338519233,1,0
-7.252311311083837,-1.7465656018982545,1,0
-9.748044025669417,2.8875940721251006,1,0
-9.785512900125376,-1.7350436080003655,1,0
-9.782665098585626,-1.1866952101245773,1,0
-9.785515766554228,-1.7325921695785351,1,0
-9.722504224052201,-1.7424841861052653,1,0
-9.784644088433145,-1.587654273152746,1,0
-7.944375465134346,1.9047872902840153,1,0
-9.71327224258675,1.141513771950316,1,0
-8.170036875097217,-1.7541691670876247,1,0
-8.872617973500052,-1.6262937322201663,1,0
-9.745721502904823,-1.4322273227320996,1,0
-9.785658189165256,-1.6107889507838131,1,0
116.41681855181552,-2.309670604826037,0,0
-9.70381101393672,-1.6935299500551089,1,0
-9.785526933069274,-1.7230422991937981,1,0
-9.785571194896356,-1.6851885274541023,1,0
-7.5812906115876615,-0.552865271080017,1,0
-9.471490219295076,-1.7459278356044634,1,0
-9.75756679022198,5.307766277707341,1,0
-9.775074948886932,0.31072191387677206,1,0
-9.470975793986426,4.347400513286064,1,0
-9.385988513635924,-1.720645582806105,1,0
-9.78554071204515,-1.7112581899056298,1,0
-9.771722802397441,0.46679928127997217,1,0
-9.784488767412553,-1.725987987475992,1,0
71.36883120468269,-1.9185243861089252,3,0
-9.780572716839185,-0.6775715783504619,1,0
-9.725288228023816,-1.6722896658012993,1,0
-8.63893433366622,-1.7359033120898149,1,0
-9.390989227226612,-1.443612889336637,1,0
-9.720708629023424,-1.7416755030069608,1,0
-3.251624486324819,0.21617757231642454,1,0
-9.785536714271721,-1.7146771812305377,1,0
-5.056174639685983,-1.5349773758233667,1,0
-9.72588167105804,5.3734379321588195,1,0
-9.65193578471219,13.594411738215953,1,0
-9.779000419000038,-0.6893727544245983,1,0
-8.703419977448903,-1.4103651080244686,1,0
-9.785567894165514,-1.688011391310569,1,0
-8.488738397902512,-1.7409471004183477,1,0
-9.735020722403517,4.418825308069893,1,0
-9.785513721373329,-1.7343412571350705,1,0
-4.320377837438616,-1.4653897048414233,1,0
-9.76138690672931,1.1513981234805337,1,0
-9.764618667911837,0.06159550784187995,1,0
-8.63313634359516,-1.752728246440699,1,0
20.48112517083761,-1.8409313268839784,2,0
-8.770240198701387,2.7919037621006426,1,0
110.61953020620798,0.050979148553907505,0,0
-9.782640078338318,-1.1671511059074882,1,0
-6.529453219525147,-0.6092215380770594,1,0
-9.778921342079625,-0.41426719228769404,1,0
-9.7005926871612,-1.4085283373492066,1,0
40.555693801976474,-1.080383334677936,3,0
-9.763115331731553,-1.7400907130716692,1,0
-9.697984198619933,-1.3555872361653882,1,0
-9.784970963799747,-1.7146802336193994,1,0
-9.77183548220254,-1.3835450912353633,1,0
121.3269037012659,-0.3929083599909933,0,0
-9.78554612267944,-1.7066308862239894,1,0
-9.785503285899559,-1.743265923560665,1,0
-9.257600649943885,-1.5636009799205437,1,0
-9.785505293707702,-1.7415487980776794,1,0
-9.408520597761155,-1.0476066798589065,1,0
31.576100548628137,0.1197794829382286,2,0
-9.704991888498085,-1.714961541045584,1,0
-9.78451668802637,-1.613488141445921,1,0
-9.747828032523811,-1.7313680416375057,1,0
29.793235534787303,0.47324224524187253,2,0
-9.669658259500457,-1.4638682299990644,1,0
27.493944598529414,-1.5521358358374306,2,0
-9.705595078246223,-1.7211374410437539,1,0
-9.480870400693965,-1.736827893133166,1,0
-9.07030366421707,-1.4823717911402599,1,0
115.89800459154549,15.365972627245846,0,0
-9.766099224081682,1.1602491967937403,1,0
-9.22709780984341,-1.7372264953488221,1,0
-9.02971779555829,-0.46895957979385205,1,0
-9.127997521116953,-1.7269156113678799,1,0
-3.666662130252056,-1.5110120956522317,1,0
-9.7002440540777,-1.7137112478614576,1,0
-9.77594023584116,-0.5201818624684428,1,0
-8.492518125385928,-1.0778714599345898,1,0
-9.526146334436197,2.2568762904729116,1,0
-9.785561931255966,-1.6931110139824386,1,0
-9.368146482510939,-1.7270714783220997,1,0
-9.667321490692892,-1.742801955736827,1,0
-8.970094725646819,0.6321625202408372,1,0
-9.76664743441656,1.0757858249494978,1,0
-9.010881759707424,-1.4965301658350696,1,0
-9.739907741574255,3.861408403811308,1,0
-8.00984260546663,-1.7586103779723865,1,0
-9.784472485232278,-1.7271802584163072,1,0
-9.658931332921844,-1.6554861636406226,1,0
-9.785546817419721,-1.7060367277414918,1,0
-9.63118253422833,-1.6973297716624078,1,0
-8.242582121417145,-1.7502582166382807,1,0
-9.785535091266016,-1.7160652144766742,1,0
-7.9450726975948545,-0.9615665631901955,1,0
-9.77987957842578,-0.4405735737843427,1,0
12.225261573349012,0.20598012006092614,2,0
-9.69947479637084,-0.33061738184809064,1,0
-9.772740316588207,-0.033023826914411636,1,0
189.61145618401272,2.2664957938203827,4,0
-9.785516782148452,-1.7317236091411738,1,0
-8.627892677667141,-1.4753348965150204,1,0
-9.785542707011992,-1.7095520466114853,1,0
-9.691651468585006,0.30479368519143035,1,0
-9.098019477140104,-1.7309550852602185,1,0
-9.726713317125798,7.493467967672292,1,0
-9.706873855657898,-1.4653133852005382,1,0
-9.77484382331672,0.537449671342684,1,0
-9.785520806219756,-1.7282821272440654,1,0
-6.072538157495579,-1.7335703080666007,1,0
-9.64063223539384,-1.7347435154753694,1,0
-7.001603724093881,-1.7068495847808733,1,0
-9.784540828620079,-1.6102907667206465,1,0
-9.785502764010754,-1.7437122553312416,1,0
-9.769318625039238,0.5889120106936045,1,0
-9.768420328796614,0.3854618212520504,1,0
-9.785521288810601,-1.7278694040266638,1,0
-9.675795861404792,11.892290046585092,1,0
-4.520438982677039,-1.74505391942554,1,0
-8.570766731515485,2.7877273593034593,1,0
-9.773077980572484,0.38970218682407065,1,0
-9.770896347838784,0.29670410925071944,1,0
-9.785508669660397,-1.7386616026977109,1,0
-9.711699291641262,-1.7146838250810585,1,0
-9.702833965390194,-1.6824047415015808,1,0
-9.388528760301732,-1.7216709489926303,1,0
-9.118267145995354,-1.731200353389565,1,0
-9.694907368875878,-0.8626054003363289,1,0
-9.763496289094913,0.6390581561320241,1,0
-9.779061930410245,-0.5785066659417758,1,0
37.990890452988324,-1.3779679617507377,3,0
-9.785509316389685,-1.738108504361744,1,0
-9.782972235406826,-1.3874881493005657,1,0
-9.785501737559974,-1.7445901005557682,1,0
-9.354865636263783,-1.5497020720618822,1,0
-9.540030893218127,-1.7464155361666995,1,0
-9.512386585520812,65.1303831533128,1,0
-9.785520031434693,-1.7289447419361366,1,0
21.60605103401186,-1.7743255242083609,2,0
-7.255276658431166,-1.7504338659652194,1,0
-8.071187124141566,-1.7275119496526892,1,0
-8.276717631067141,13.812976279260898,1,0
252.92585214978345,-2.7358226564564587,4,0
-8.300400521819391,-1.718371365197482,1,0
-8.557940046324878,2.9529186117091752,1,0
-9.58663231303212,-1.7335306105256767,1,0
-5.432611413483179,-1.7774645253998445,1,0
-9.67907474655102,-1.4030340683074145,1,0
-9.43283579769213,-1.7410918203554304,1,0
-9.168976723562972,-1.7089728575761138,1,0
-9.766464175587616,0.839558645602029,1,0
-9.776615685922595,-1.7300358623885967,1,0
94.25314951135134,-1.8940739726815043,0,0
-9.774465703960237,-0.9718845477346985,1,0
-6.24181694298919,-1.1810101102475292,1,0
-9.785504044449404,-1.7426171936142993,1,0
-8.326867498857274,-0.9008334194170877,1,0
-9.151831138101652,-1.721957518763763,1,0
-9.183841399544155,-1.746033516271187,1,0
-8.965600021677837,-1.7469890837693705,1,0
-9.783902002487203,-1.5122569082459105,1,0
-9.636850297996784,27.640933683025036,1,0
-8.070056277855754,-1.7284043137914618,1,0
-8.642539007141144,-1.7297544507539468,1,0
5.747617183980905,-1.3551571170251757,2,0
-9.214679798079997,-1.742705114171162,1,0
164.85233666467167,-2.706984999923591,0,0
-9.762954337808674,-1.5231407014297107,1,0
-9.776581606236604,-0.4602793354683017,1,0
-7.0952972990418095,2.7278919196442724,1,0
-9.679331459189395,-0.8892377513093815,1,0
-9.785517261861415,-1.7313133471562017,1,0
-9.785503954004556,-1.7426945442086526,1,0
-9.785507573267187,-1.7395992643572824,1,0
-9.785517241021589,-1.7313311698737945,1,0
-9.553655323886568,2.6836118969874523,1,0
-9.578915221099145,7.225067298435344,1,0
-9.781624018923878,-0.9216385601015109,1,0
-8.859558946278607,-1.746741944120786,1,0
39.85218417400168,-1.9437235938842599,3,0
-9.782933579961695,-1.357828063481366,1,0
-8.543131147705155,-1.7500260034037955,1,0
-9.710647300649233,-1.7103543125339815,1,0
-9.706736993219463,-1.0389349198442515,1,0
-8.625270571304924,-1.275145006351237,1,0
-9.772013800129105,-0.04436962129979993,1,0
-9.783952735683958,-1.4092776200460038,1,0
-7.108285760536084,0.05297023649746602,1,0
-9.785502870988532,-1.7436207653809315,1,0
-9.782632107270585,-1.3617751133838072,1,0
-9.785503050588144,-1.743467167503314,1,0
-5.306843848317785,-1.6364961895153494,1,0
-8.508703118173795,-1.7426066774825302,1,0
-9.45919480028953,15.900959185788839,1,0
-9.785513248507735,-1.7347456630842621,1,0
-9.775982400888136,0.1554044511099777,1,0
-6.482606664853471,-0.4797209129122264,1,0
-4.760183126960997,-1.7768478364327243,1,0
-9.782158109656402,-0.9796037258297015,1,0
-9.622602611875177,-1.7172303706615086,1,0
-9.783191470694803,-1.1383831826841937,1,0
-8.33486217451378,-1.3381650590499279,1,0
-6.7438294687302385,0.5226264267346858,1,0
-9.78428115421108,-1.4504368439977342,1,0
-9.167373781231788,-1.7188260324436966,1,0
-9.62488085021892,17.262806706781298,1,0
-9.714523815386798,-1.5057777291103884,1,0
-9.781287933984006,-0.4840599156271278,1,0
-9.41132261157223,-0.3660192356448573,1,0
9.424626695727284,-1.3834871359636085,2,0
-9.66551362055088,12.060364194623393,1,0
-9.739319776251717,3.762170728096197,1,0
-8.601148620135767,-1.5286360095712084,1,0
-9.688855456756617,-0.9167382601777492,1,0
-9.619839570654875,-1.664000989076708,1,0
-9.62901973233129,-1.2707556299457818,1,0
19.829170052285246,2.393173857254326,2,0
-9.700272960253747,8.098380797205227,1,0
-9.784142542824666,-1.4860837129741955,1,0
-9.771225101863033,0.5669286548978019,1,0
-9.785503981612363,-1.7426709333513462,1,0
-9.30566216355896,-1.1138723318180366,1,0
-9.32248306535562,-0.6382498956982373,1,0
61.91243183092645,3.423926272723657,3,0
-0.27779931478287523,-0.7160832355459892,1,0
-9.78464758793596,-1.5530262598506228,1,0
-9.558761445854726,0.4452796546934872,1,0
-9.755982071746045,-1.0415790367039461,1,0
-9.785525331220954,-1.7244122381380735,1,0
-9.371598075535488,-0.9342740380099641,1,0
79.05377746280514,-0.6270207303267679,3,0
-9.577662253691752,-1.7304656428446554,1,0
-9.770452366340988,-0.04677217526301791,1,0
-9.771384161395293,0.5000597104824307,1,0
-9.666954126079878,-1.6486373733707065,1,0
-9.707771785816812,-1.7298314085394462,1,0
-9.712833951826376,-1.14028840841525,1,0
-9.778617796671139,-0.323305097423203,1,0
-8.332470278080462,-0.1370994921675741,1,0
-9.014525351408476,3.6270718217725237,1,0
-4.5263961141420275,-1.7628916951581843,1,0
-9.721334571076643,14.64177425152928,1,0
-5.95258850597407,-1.7729709214716551,1,0
-9.032627875726412,5.085343365326441,1,0
-9.774897884872852,-0.49225015983896137,1,0
-9.57880140939445,-1.663454524638663,1,0
-9.73870052818362,-0.4189069877411249,1,0
-9.644475627897164,9.345795636601416,1,0
-9.782316934247214,-1.294966991283385,1,0
-9.725632125992746,-1.4425420050729334,1,0
-9.782617480119178,-1.1439994145826833,1,0
-9.785518310382564,-1.7304166268250434,1,0
17.061809365442556,-1.2821553356296358,2,0
-9.782827903699042,-1.354845492125012,1,0
-9.785532031503113,-1.7186819967957163,1,0
7.415510271485918,-1.4830823867830836,2,0
-9.70292859945083,17.967898154281617,1,0
-9.785511807384099,-1.7359781464408544,1,0
-9.783766534007993,-1.3699991920463104,1,0
36.65538084315473,-1.4655109861011368,2,0
-9.785545736051036,-1.70696154007038,1,0
-9.554856675099689,-1.6908798952660289,1,0
-8.162179515936192,-1.6739802069685803,1,0
-9.685483600933221,-1.741284413676475,1,0
31.704713786974484,1.017706335203596,2,0
138.812909525429,1.2464709980611257,0,0
-9.784235418682,-1.71347037950529,1,0
-9.10563662276269,-0.4553437085882883,1,0
-9.388072087910182,1.217212755863887,1,0
-9.733412445756718,5.004250110929786,1,0
-4.940532678889941,-1.2987302393723803,1,0
-8.156137203444924,-0.052842969039486265,1,0
-4.431872374141804,-0.7627214903532927,1,0
-9.394848273318262,-0.6637824180679253,1,0
-9.785405709187753,-1.7312210691217413,1,0
-8.232573142726299,-1.122790078564463,1,0
-9.124811803709003,7.7225756277207696,1,0
-9.783380763164358,-1.2100685172312984,1,0
-9.77875117085688,-1.1946588017471946,1,0
30.101347309572457,4.182891996727246,2,0
-9.75598478164402,1.9240890939740556,1,0
-9.76226328358597,-0.7028910773990421,1,0
-9.785516845104576,-1.7316697675600263,1,0
-9.642929467101183,-1.3327167480220092,1,0
-9.785538521362565,-1.7131317139789974,1,0
-3.724524274447403,-0.8673705385536121,1,0
-9.508458979967545,0.6084009028022748,1,0
-9.185267209177152,-1.717090305672895,1,0
-9.785509019590858,-1.7383623338083005,1,0
-9.578249764236611,14.425536520228807,1,0
-9.785521920158114,-1.7273294605536822,1,0
-9.653821354595623,13.533854042558165,1,0
-7.9772323253576625,-1.4849161583469168,1,0
-6.879729587861914,-1.7638209546541466,1,0
-9.780982287249909,-1.0143115078741265,1,0
-8.549720438584712,-1.2179252628218156,1,0
-9.783244439997167,-1.7333575157721166,1,0
-9.785522223447058,-1.7270700806036465,1,0
-4.955335042567913,-1.2027637879739363,1,0
-9.764768112953236,3.7422417647230573,1,0
-9.767794655581193,-1.1053102975890656,1,0
-9.706429739119828,-0.5325265761823982,1,0
-9.675279652760734,-1.7329892950205443,1,0
-9.583939109558239,-1.743168823599343,1,0
-0.8187441732895078,-1.7832931072793328,1,0
-9.785522345171495,-1.7269659789588871,1,0
-9.570676930869444,-1.7327595630688566,1,0
-5.621387369538293,-1.7602983247581152,1,0
-9.78094453133885,-0.927093952275211,1,0
-9.349702138015306,-1.5947878656709216,1,0
-9.454075810550542,-1.7351400424266035,1,0
-9.785547024111109,-1.7058599603310036,1,0
-9.771023960169702,0.044667638278512056,1,0
-8.978918957455758,-1.7366246274656987,1,0
-9.775047948369643,-0.5566287399265921,1,0
-9.544177142281479,-1.3040354265271303,1,0
-9.703459034972305,-0.48902861090715677,1,0
-9.781006749655198,-0.7304326943260294,1,0
198.73937435511812,-2.6957179347693065,4,0
-9.281137162081707,-1.5934162625835981,1,0
-9.484457565882044,-0.9954357558994107,1,0
-9.779107732885251,-0.0014575675320436243,1,0
-9.785524553200755,-1.7250776195948758,1,0
-9.743360055573808,6.724238404945278,1,0
-9.684298849040957,0.09013862804496342,1,0
-9.785541827610999,-1.7103041313458727,1,0
53.421098162106105,-1.1251794687413341,3,0
-9.78153243987038,0.07836181729846503,1,0
-8.917482827494013,-1.1766946164636487,1,0
-8.97530707037983,-1.2193973177278985,1,0
72.75885461251494,0.6530602300856385,3,0
-9.594629650090086,11.755914371834901,1,0
-9.358802010432848,-1.7347954093035698,1,0
102.71915929412944,-1.5466689655476893,0,0
65.53017054109995,0.5892545197112569,3,0
-9.7368116054961,4.182126308333733,1,0
-9.354234782465396,-1.7366383559458431,1,0
96.4057208380213,-2.0139919363333703,0,0
-7.533853233041874,-1.7585153524749604,1,0
-9.673077435066375,-1.7396155863307734,1,0
-9.746207258507273,-1.3201266711824748,1,0
-7.348159096957412,-1.05859946301726,1,0
-9.781213523461238,-1.7067754091210166,1,0
-9.785520666672307,-1.7284014715558709,1,0
28.615411205050673,-0.8480343532262424,2,0
-7.523560598698144,-1.1561459189159409,1,0
-8.673733893909708,-1.2410929037375416,1,0
-9.662473798621479,-1.7229024267234063,1,0
-9.315791080093726,52.035973484013184,1,0
-8.64944249492721,-1.38487051810884,1,0
-6.453697787780622,-1.7466270431213409,1,0
-9.775370385773778,-0.38425931273531333,1,0
-9.785626128600233,-1.6382079117752417,1,0
-8.30765264878383,-1.7092837477472413,1,0
-9.752612545487715,-1.7076162875872458,1,0
-9.683528397899535,10.073483774134214,1,0
-9.785509963972416,-1.7375546761430567,1,0
-9.74336918077852,3.3234415617987185,1,0
-9.785511310384003,-1.7364031927944201,1,0
-9.191774150776462,-1.7343285090508385,1,0
5.898488044703006,-1.2229182749673133,2,0
-9.70851140442894,-1.738903778067381,1,0
18.427664102315017,3.1635920838653435,2,0
-9.7207805299728,-1.0507034394155306,1,0
59.96905706904789,-1.8734679500073863,3,0
-9.785506943249455,-1.7401380705711416,1,0
-9.766197913361907,0.9282347820285235,1,0
-7.974462740070056,-1.0075538741780254,1,0
-9.1901036501942,-1.2967256599367258,1,0
-7.830270129949085,-1.6300831995824714,1,0
56.490625745386154,-1.0752409011714903,3,0
-9.78372019104655,-1.7402946073017085,1,0
-9.783084858599675,-1.3241196947205411,1,0
-6.150893645893902,-1.7596198594253885,1,0
-9.759565220006486,-1.5485811159528333,1,0
-9.541185130910273,0.04534535472549028,1,0
-9.785514402577645,-1.733758674932,1,0
-9.633844863160238,-1.132068673376293,1,0
-9.741891082569346,-1.7054842601453915,1,0
-9.716366297703736,-1.657734075181728,1,0
53.93266464127832,-0.682501981691949,3,0
-9.776606634058604,-0.33926998351534654,1,0
-8.880793157767172,-0.7524877823183098,1,0
-9.69001692860557,-1.7318037003079263,1,0
-9.373149227883664,-1.031998248732592,1,0
23.165379295689075,-1.3304558387975074,2,0
-9.423891113248311,-1.7180724030598857,1,0
-9.784316839221214,-1.7138671015631028,1,0
-9.760603830589067,1.4351176417624147,1,0
-9.207594755183727,-1.553833409177529,1,0
-9.244530966620575,-0.9894071961082224,1,0
-9.3656969004661,-1.7292998372842858,1,0
-9.645197259209995,0.023613944966099032,1,0
85.09187684697609,-1.7155353153427066,0,0
-9.327149822461948,-0.5876911288355618,1,0
-9.785524378483618,-1.7252270418643714,1,0
-6.6365134819462055,-1.5983950196680454,1,0
-9.288223283888348,-1.3774700682434713,1,0
-9.781090433183962,-1.208522703585539,1,0
-9.721465641962642,6.077777437359216,1,0
-9.7678895195163,1.161744857728186,1,0
86.13424304605853,-1.6497904723311902,0,0
-9.785533334389232,-1.717567737465824,1,0
-9.750559987874496,2.353355902154937,1,0
-9.76412555137902,1.9594400335299311,1,0
-9.628129727444705,-1.4795645293909516,1,0
-9.700602008487087,19.520015728425022,1,0
-9.672473389963836,11.292812047573204,1,0
-9.776427299932548,0.12689978293252913,1,0
-9.746625323015866,3.094461825437878,1,0
-9.785517276270667,-1.7313010240200373,1,0
-9.780756180671252,-0.9570672228274126,1,0
-7.981753737454503,-0.8628816030683545,1,0
-9.744376213317697,-1.7358404533883032,1,0
-9.708811270099138,-1.7387184292084732,1,0
-9.546786777790805,-1.719571858227543,1,0
-9.662812682832758,13.104768925258142,1,0
12.030129068737939,-1.5592795565698725,2,0
-9.78173922334201,-1.1276131979740844,1,0
-9.779777124895995,-0.6611439874088931,1,0
-9.67459988955909,-1.7383991956484919,1,0
-9.76358278732783,1.9562203039521786,1,0
-8.687810184378655,-0.43801167363709415,1,0
157.0468582348729,-2.4536824182826855,0,0
14.128580552695698,-0.9825197278577142,2,0
-9.78551326196431,-1.7347341547009023,1,0
-9.657796832811414,-1.6517369649751419,1,0
15.841916168555528,-1.6980499278562333,2,0
39.496145940102124,3.4119017288991706,3,0
-9.77364510008621,-1.3470911495654496,1,0
38.672990289558726,-1.669810156850955,3,0
-9.307310867004494,-1.7391834456668163,1,0
26.255381210875843,-0.5844783632367704,2,0
-7.404030165320416,-1.7395876616016546,1,0
53.10611357928151,-0.6825356056042796,3,0
-9.785502882897005,-1.7436105809708784,1,0
-9.684134053490064,0.24364203979668209,1,0
-9.733439770757878,4.445950618443081,1,0
-9.31869259742484,-0.3628921645243155,1,0
78.35806770428906,-1.7055493659431038,3,0
-8.822314708474357,-1.7374872004690243,1,0
-9.781857548613248,-0.9896960974693134,1,0
-9.781271633129567,-0.8578199240042357,1,0
-9.293531215263497,-0.9965458730448453,1,0
-9.663261643335538,-1.7258424278516544,1,0
-9.749063734471928,3.5204346444823775,1,0
-9.549718242620765,-1.282078592847478,1,0
-8.582993825408163,4.424312826888574,1,0
-7.255079832948735,-1.0202335807820382,1,0
-9.74877847664564,-1.7090313905007581,1,0
-9.350598186983925,-1.7302660095385936,1,0
-9.633901693064706,-0.42615993457732837,1,0
-9.785516082545545,-1.7323219262577763,1,0
-9.771123778254738,0.16960809397672683,1,0
-9.785583087550354,-1.6750176456923611,1,0
-9.785523960555778,-1.725584463735185,1,0
-9.546931506311873,-1.2228006412436758,1,0
-9.785508593763732,-1.7387265113377826,1,0
-9.773388162121492,-1.087307090818531,1,0
-9.77127520479209,-0.6624535500562524,1,0
-9.267543602004435,-1.5455214060664586,1,0
-9.644117742925355,-1.7243109371920606,1,0
-8.895432886042153,-1.2381997744889741,1,0
-5.8439108725700795,-1.6884671984128927,1,0
-8.616467597244508,-0.26795245954835156,1,0
-9.708709510977496,7.584222083447094,1,0
-9.776833930492614,0.5569880795769984,1,0
-9.684699654247382,-0.46243509271284167,1,0
-9.668189078606417,-1.7249309809351123,1,0
-3.953237558371031,-1.5911214883523517,1,0
-9.57052283553255,-1.7047895149049088,1,0
-9.783044401881094,-1.2245436802699452,1,0
73.0846910476018,-1.4757680797595385,3,0
-9.516146558510396,-1.6897730392660346,1,0
-9.779217067904481,-0.8228900715238382,1,0
-8.626984554930784,-1.7441086822323828,1,0
8.829625951806992,-1.5060097275397444,2,0
5.752042822473603,-1.8436590538917763,2,0
84.25013383819882,3.709885181576918,0,0
-9.204174586233124,-1.5821981581129634,1,0
-9.785510794707452,-1.7368442116977527,1,0
-9.781586606008489,-0.860165705061505,1,0
-9.784519285384889,-1.484415980396981,1,0
-9.698140308860857,-1.2178363398117398,1,0
-4.53755164038101,-0.3386881565552611,1,0
-9.778746373536695,-0.8600828433689292,1,0
-8.701755471954838,-0.6739514839617653,1,0
-8.863345785228157,-1.4288072336196687,1,0
-9.633261450688487,-1.7455544306083262,1,0
-9.709169827155629,-1.7451282536646713,1,0
-9.413647451116038,-1.5627402357072613,1,0
35.29324105046784,-0.7301979828081453,2,0
37.37705934632881,-1.2327473581746142,3,0
-9.20073889693431,-1.7418217244672087,1,0
-9.781643709337416,-0.8739820859081961,1,0
-8.961606473412912,25.212117216506694,1,0
-9.719114726078335,5.9227423601652776,1,0
-9.778049772251768,-0.7707176551658916,1,0
-9.772304638564849,0.21968077466867264,1,0
-9.747923100787688,-1.7200929035799521,1,0
-9.785509433013326,-1.7380087650392906,1,0
-9.782611723467342,-1.095303758968102,1,0
-9.167563686525598,3.395259438023567,1,0
-9.553245689787055,-0.7291886947354408,1,0
-9.010271739374176,1.7864603555187135,1,0
-9.777868029649497,-1.6967116352005516,1,0
-9.711602768554114,-1.7128152811993624,1,0
-8.751103454593537,0.13044129411809258,1,0
-7.604560345868759,-1.6923583022499917,1,0
-9.781847493917933,-0.91961228951156,1,0
-9.785522675056027,-1.7266838538263998,1,0
-9.546684420125983,-1.566236402487617,1,0
-9.40276235416562,-0.7722452509025126,1,0
-5.298401013594138,-1.4542647116489735,1,0
-7.988713336502094,-1.131164516889539,1,0
-8.168714822544713,-1.4912635518507587,1,0
-9.777274449875724,-0.9213749713065719,1,0
-9.779955625280403,-0.9403822278182923,1,0
-9.785520285164546,-1.7287277461059385,1,0
-9.441803662649061,-1.7404536457413262,1,0
-9.492618584977365,-1.7135866447422838,1,0
-9.769738132201232,-1.7357713930241532,1,0
-9.785510130333776,-1.737412399934615,1,0
-9.762626757265227,2.8733075895810174,1,0
-9.769813597098246,0.34757900026487953,1,0
-9.758601114770373,1.5252571331466473,1,0
-9.637955415796311,7.111534694852355,1,0
-9.624607072435818,0.3686944977679929,1,0
-9.754552889582229,2.1005701999289936,1,0
-9.771111986536804,0.2006328568312239,1,0
-8.339138088438867,-1.358090546722948,1,0
-9.785506554398134,-1.7404706255074085,1,0
14.803881898596142,-0.6460381095433047,2,0
-9.785577006409524,-1.6802183825820411,1,0
-9.785508979102051,-1.7383969608024812,1,0
-9.670343145483923,12.246156244407914,1,0
-8.994132099487375,-1.747205638940471,1,0
-9.784267223906344,-1.5540542513406816,1,0
-9.297058001360583,-1.7109294167170475,1,0
-5.538916749024355,-1.7679985781747214,1,0
123.90780664041989,-1.6047412381187807,0,0
-9.785652707874029,-1.615476681965102,1,0
-9.785555487958643,-1.69862147575585,1,0
-9.785509815791324,-1.7376814041521507,1,0
-9.560390363086094,-1.427891088692883,1,0
-9.023458300367178,0.29716865763797284,1,0
-8.644143175041156,-1.7502506838307874,1,0
-8.79658102907623,-0.8224883658060569,1,0
-9.775596092772533,-0.513798168688398,1,0
-8.322914148979722,-1.7484689267382776,1,0
-9.449920432083426,-1.6878052655217908,1,0
-9.726335221503323,-0.9148993790215842,1,0
-9.747142464254141,2.962596642266722,1,0
-9.69397653067471,8.948885930518195,1,0
293.6355357925313,-3.1772008657529796,4,0
-9.590123464532885,-0.6158960423371668,1,0
-9.785506403021603,-1.7406000863332,1,0
-9.558438675999662,0.4118714285812719,1,0
-9.561738738493638,-1.6831974806996786,1,0
-9.775673072407152,-0.054617361011766175,1,0
-9.78551492742372,-1.7333098140329266,1,0
-9.620532907644016,-1.138901173937459,1,0
-9.781420517708597,-0.9078303465773134,1,0
-9.439574671813117,-1.4405542291192222,1,0
39.85370381741299,-0.5335774954863017,3,0
-9.776800159436254,-1.6804971348425626,1,0
-9.774210306540725,1.01681739594764,1,0
-6.215174828242146,-1.7606519477351878,1,0
-9.731292245620097,-1.4544207319182663,1,0
-9.733583038878216,4.785765900220156,1,0
-9.781285319604367,-1.2157203918782753,1,0
-9.701942281241127,-1.7316919627089042,1,0
-9.782025443990717,-0.94464807920251,1,0
69.410609955804,-0.2132044258911472,3,0
-9.772830879321116,0.16205451430990658,1,0
-9.78551293829203,-1.7350109669661453,1,0
-9.372003292706422,-1.652158051482472,1,0
-9.703849957706934,-1.7137936415637878,1,0
-9.427286587345943,-1.7435187287159606,1,0
-9.776877365605774,-0.009633771912098021,1,0
-9.777879899645255,-0.3872997906064932,1,0
-9.56238710999334,-1.7392527517486565,1,0
-9.785535312188026,-1.7158762766961724,1,0
-9.634503576972339,6.882026053211999,1,0
-9.493583377844052,-0.980961619305835,1,0
-9.749127922401463,3.2589722666859293,1,0
-9.739350528044069,4.038484177986118,1,0
-7.486535902925754,-1.3986642205221786,1,0
-9.782114081630501,-1.1922712921320315,1,0
-9.748118089355907,2.8539910296191557,1,0
0.6371068445260448,36.50468023645845,1,0
-9.029486493434263,-1.7461731261416606,1,0
-9.785512286064995,-1.7355687671047533,1,0
-9.47857012179334,-1.7142514368104933,1,0
61.73396326610657,-0.8061892827048259,3,0
-9.384776245907137,6.2315381975689155,1,0
161.16306781503698,-2.4687922522521166,0,0
-8.418563507982178,-1.7254192042738825,1,0
-9.784290001019285,-1.4831299492852474,1,0
-9.715386861012604,-0.4045827298650383,1,0
-7.312797671729228,-1.7517090424447515,1,0
-9.778897178699482,-0.5794873564102693,1,0
-9.705891381180633,-0.6738422854186682,1,0
47.95451993295188,4.352512870507136,3,0
-9.508801166467535,1.4867830354571767,1,0
136.98977546318906,-2.5565369050228517,0,0
-8.73978472368669,-1.5228130392524912,1,0
149.5230621504985,-2.1192838260572566,0,0
-4.9255322923936085,-1.3683761234445169,1,0
-5.322789126577762,36.55263988026848,1,0
-9.7575582060122,2.4064621828544754,1,0
-9.626978475896546,-0.9924087553607293,1,0
12.22841012734948,-1.4974991053648328,2,0
-9.273647692690442,-0.7450945256535622,1,0
-9.75612768188628,-1.6935577353749491,1,0
-9.65427981237327,-1.7400979845385591,1,0
-9.503242318718963,14.969408826913575,1,0
-7.984755558519835,-1.7466176834366833,1,0
-7.51272561800206,-1.5148711518571236,1,0
90.04417424435098,-0.8490874171237331,0,0
-9.699516846561945,16.946284880555954,1,0
-8.348151292054839,-1.6946537717701833,1,0
269.90417063059596,-1.8475520986994503,4,0
-9.781284488914377,-0.8699624375034757,1,0
-9.749032975616252,3.1496043358457486,1,0
-9.756694157384523,1.677708774713174,1,0
-9.436692379422068,-1.7424659940444807,1,0
-9.542302442546184,-1.4708235608787965,1,0
-9.785518906143592,-1.7299071177641037,1,0
64.09621009650394,-1.7185309196885084,3,0
87.91941185637647,-1.1066889242204625,0,0
-9.77885223500618,-0.9516172757826751,1,0
-9.33153627814539,-1.70938132244136,1,0
-8.906188116386721,-1.5384449732841436,1,0
-9.065100362824394,-1.7335723975739967,1,0
-9.144016286917797,-0.9602623334404704,1,0
-9.785538354524865,-1.7132743975638411,1,0
-9.771834022789118,0.13438968622730196,1,0
-9.77873540938911,-0.613204584636341,1,0
-9.590755753579536,0.9037833495517371,1,0
-9.619300995485993,17.412412160533403,1,0
-7.082859502604624,0.34265979544012426,1,0
-9.785546072108128,-1.7066741360186817,1,0
-9.599808460365216,-1.7125504735154995,1,0
-7.105876165730539,-1.7505033558763698,1,0
-9.58208637761536,-1.7253978512523058,1,0
-6.354489668899513,-1.7653531891898078,1,0
-9.77478986457987,0.010998274576854872,1,0
-9.484446510061234,-1.352166552695203,1,0
-9.159273019224345,-1.7394789459521411,1,0
-9.722660602683781,7.828449102106984,1,0
10.43350579186875,-0.49663730260907224,2,0
-9.782958278623886,-1.3596936471514571,1,0
-8.190228502792046,-0.5362058945515337,1,0
-9.75095685890889,4.4103733401085465,1,0
-9.779240642759486,-0.8755782652895147,1,0
-9.230375493469252,-0.8868063660088852,1,0
-9.785550715618474,-1.7027028950586447,1,0
-8.091909683105953,-1.2486474133383334,1,0
-0.6288585544540588,-1.7930659637528028,1,0
-9.752591616817053,6.127083249049287,1,0
-9.785504371833158,-1.742337207207923,1,0
92.62621683992239,-1.9898113976027707,0,0
-9.785504868198135,-1.7419127040228932,1,0
-9.566549542199478,-1.7348436960114575,1,0
-9.555722133351166,-1.7413659884335466,1,0
-9.381096687522593,-1.720844692839729,1,0
-9.768985070120083,-0.713622414129762,1,0
-9.378563231202534,-1.566080362593422,1,0
-9.75311334887289,4.920332812626305,1,0
-9.777882312321244,-1.7417936266028915,1,0
-9.770882325610286,0.10748556895339245,1,0
-9.785520641684363,-1.7284228418429657,1,0
-9.781639017455186,-1.0146289834371323,1,0
-9.785529468204425,-1.720874191059645,1,0
-9.78550377202325,-1.7428501789682806,1,0
-9.785511410990747,-1.7363171515034883,1,0
-9.777223745417006,-0.5683250758767996,1,0
-9.580367031343615,-1.7328618376790694,1,0
-9.77977444134923,-1.0441440490386584,1,0
0.7113848285532214,-1.6492687070325067,1,0
-9.779528456423934,-0.4442025663458271,1,0
-7.456536449660509,-1.7559872463737753,1,0
-9.785533455022058,-1.717464569391986,1,0
75.07750252516949,-1.8458448496119235,3,0
-9.785501233335404,-1.745021325451433,1,0
-9.400184741219052,-0.39178105355399184,1,0
-9.718778899007715,6.069205691888393,1,0
-6.689947839411267,2.9118158925361053,1,0
-9.785528075032236,-1.7220656651917565,1,0
-9.78550328308122,-1.743268333871044,1,0
10.770723246864751,-1.719689861470635,2,0
-9.596994022246175,-1.7050420573971783,1,0
-9.75414563701106,2.6776465420526776,1,0
54.23805761665413,-0.056469384336415906,3,0
-9.785525726145593,-1.7240744891526794,1,0
-9.77170721715596,0.26605405447164987,1,0
-9.780719917419841,-1.0157290958155267,1,0
-9.782881362099236,-1.7424888521654982,1,0
-9.761081759252821,-1.728512670683758,1,0
-6.387928896823137,-1.2887456623358908,1,0
-9.779810932722734,-1.7412680839686143,1,0
-9.345787781164285,-1.7311747792325098,1,0
-9.706653520732994,-1.6881178848388734,1,0
-9.732130265902823,5.10092051729885,1,0
-9.785524724464436,-1.7249311508042955,1,0
187.00640853882305,-3.010397673752662,4,0
-4.586953134528048,-1.7747009292353564,1,0
-9.301162927343691,-1.0063482273999433,1,0
-9.782103647957173,-0.8578301180507192,1,0
-9.625547406961793,-1.388700510921694,1,0
-9.774367714638515,-0.4586798617306469,1,0
-6.303224850246073,-1.7713734255694087,1,0
-9.785508239208813,-1.7390297351730966,1,0
38.39115574826509,-0.632068547926516,3,0
-9.566293265098889,-1.7161875510889197,1,0
-9.784737304351175,-1.6629553784617985,1,0
-9.5169457317036,-1.6952337838891707,1,0
-9.779959158801839,-1.1466060527637372,1,0
-9.61618633135442,-1.7000370206754116,1,0
-9.778779304479965,-1.7386228196899438,1,0
-9.077659562757862,-1.746825847412472,1,0
-9.708630196486606,7.112411558270437,1,0
-9.785521472399552,-1.7277123943716783,1,0
-9.642823130093342,-1.743987052037852,1,0
51.58452291938248,-2.036787024601611,3,0
-8.659785973708058,-1.727964658244578,1,0
-8.103649688047614,-1.2305906762571166,1,0
-9.703264414924154,-1.7436105661391088,1,0
-8.898239052015718,0.646536222488225,1,0
209.91233922411809,-3.1804724050106907,4,0
-9.745862671140987,2.954340687879453,1,0
-9.785519101085285,-1.7297403989715345,1,0
-9.604935005888166,0.6138364683354824,1,0
-8.035065275390966,-0.5543578620457817,1,0
-9.736723594768359,3.871414058151899,1,0
-9.7855024003657,-1.7440232532662296,1,0
-9.783336269601552,-1.382152476082193,1,0
-9.595358595526381,2.3777078167961685,1,0
-9.731586754929118,-1.2090469844366816,1,0
-9.707430362397648,-1.2073304260307078,1,0
-9.224973382554305,-1.5656584516904015,1,0
-9.785534540300691,-1.7165364131817973,1,0
6.685801138397117,-1.3452079437356608,2,0
-9.78205176525378,-1.0708642547445353,1,0
-9.785532599636484,-1.7181961155660999,1,0
-9.681954829819535,-1.7328352963990876,1,0
-9.780041051612386,-1.0015727210012488,1,0
-9.372757997322102,1.5406184037237427,1,0
-8.893072914350327,-1.7115550441737257,1,0
28.200802501060142,-1.312354871687728,2,0
-9.785505968064648,-1.7409720719103894,1,0
-8.00566287291101,-1.209597399047669,1,0
-7.898131521466561,-1.3356429538891548,1,0
-9.766456446354074,1.2132872964557082,1,0
-8.364514476318467,-1.2308532214142973,1,0
-9.754238208020059,2.2439858140761504,1,0
-6.233867044214049,-1.7587656845588637,1,0
-9.785522174046745,-1.7271123289313501,1,0
-9.625773089753572,-0.5612443252069019,1,0
-9.770668639954101,0.8445885166247487,1,0
-9.785542897488009,-1.7093891469726858,1,0
1.1670141025360472,1.3849995013600949,1,0
-9.782362112488583,-1.6735670010172854,1,0
-9.781957801193997,-1.1111005464640074,1,0
-9.773757733106985,-0.18941941654138716,1,0
-9.762638000948137,-1.7154056900111083,1,0
-9.77964256255942,-0.8951721508838377,1,0
-9.396012333544233,-1.0351311074073533,1,0
-9.757616318494199,-1.6437189790934374,1,0
-1.41741314830875,-1.4205081139667002,1,0
-9.093735052434962,-1.743121986221571,1,0
-9.464781877152355,-1.7206841995647377,1,0
-9.778926594093777,-0.9261934698188532,1,0
-5.468738993966254,-1.7544444136289035,1,0
-9.758789657302094,1.6378981636077605,1,0
-9.761504056456573,-1.7453078915734208,1,0
-9.629684399511188,-1.673474915224379,1,0
-9.777229970775306,-0.7217917489662938,1,0
-9.236016525353616,1.5490909424792045,1,0
-9.075452762442069,-1.7499302127899994,1,0
-8.413262283598126,-1.3067402048818968,1,0
-9.430348394854805,1.1393476555156337,1,0
-9.163763754685872,-1.7446817621236612,1,0
-9.785528342496526,-1.7218369233419641,1,0
-9.785555609881552,-1.6985172043709231,1,0
-9.785501648663228,-1.7446661271768145,1,0
-9.780766017919067,-0.8421482547745197,1,0
-9.78554310398092,-1.7092125493023653,1,0
-9.734013919002264,-1.710540360401538,1,0
-9.785507702136707,-1.7394890520664912,1,0
-8.322187111430441,-0.3742204000171392,1,0
-7.999005584905327,-1.740514528267766,1,0
-8.535756975992648,1.9705330468157913,1,0
54.31254969881671,-1.7054374817255569,3,0
-8.590632700912849,-1.7374107506969552,1,0
-9.767153046427374,0.45466989306321937,1,0
-9.236162588850544,1.3370368924128542,1,0
-9.406940029223161,-1.7120630421814156,1,0
-6.666528979843694,-1.7082482826834127,1,0
-9.435841971056929,-1.2999992094455377,1,0
-9.74377989501233,5.327017377655568,1,0
-6.673730981560633,-1.7236931601079077,1,0
-9.785538743832676,-1.7129414522251887,1,0
-9.715718669266083,-1.7440215429719874,1,0
-8.936715164231602,-0.9268452033621626,1,0
-9.548410858061494,-1.6669998713031393,1,0
-9.621761021581198,-0.8233318561714473,1,0
-9.72893867697766,4.8162846973021365,1,0
31.89837280654373,-1.8995240517256686,2,0
-9.25063928177464,-1.296608039114582,1,0
-4.840843196311124,1.210256055768693,1,0
-9.78164031314516,-1.0858200302422092,1,0
124.956088280578,-1.8506926858795445,0,0
74.03851374885852,-1.289502201353616,3,0
73.63739928740101,-2.008440154527146,3,0
-9.565317802224703,6.0727179086506204,1,0
-9.785524968786596,-1.7247222006580394,1,0
-9.680969587997224,-1.7378028763490014,1,0
-9.725687662019757,24.955753607565107,1,0
-9.75030518037393,2.5093548012458338,1,0
-9.783828324379757,-1.337314857480021,1,0
-9.749430192060743,2.365770047548784,1,0
-9.729932082141396,4.66706104547201,1,0
-9.655452517820246,-1.7251522104747479,1,0
-4.900443027559664,-1.5130814502750278,1,0
-9.562802642433358,-1.7433815363922553,1,0
-9.770660564772703,-1.723003007275262,1,0
-6.948618944410718,-0.7965179153977678,1,0
-5.042349691593241,-0.2635266797722484,1,1
65.50921772619974,-0.3053262936079313,3,0
9.228816731338899,3.165215228854966,2,0
-9.240922556489517,-0.9047765440938926,1,0
273.61226339833536,-3.6584974206831276,4,0
-9.782607452865427,-1.3448414276605396,1,0
-8.998424860883752,-0.8171801205978876,1,0
-9.748732078551306,-1.7030656398531283,1,0
-9.781341324354017,-0.9451520507075934,1,0
69.50603081563274,5.249827227069124,3,0
-7.647506426136206,-1.5397214629581952,1,0
-9.785553275384315,-1.7005137221696984,1,0
-9.664023399679111,-1.7453737890061216,1,0
-9.173822533861742,-1.0427278362410919,1,0
-9.785511343886505,-1.7363745406541375,1,0
-9.785506413401821,-1.7405912089224373,1,0
-9.78469444901739,-1.7410737442959814,1,0
-9.779889378244153,-1.0042977481812447,1,0
-6.807112142272038,-1.7641932875096695,1,0
-8.261831535578851,-1.7447266553512009,1,0
-8.567455741020503,-1.7527555426737276,1,0
-9.235111885799165,-1.73226157423395,1,0
-9.767161170849656,0.571226800119671,1,0
-9.781168369670677,-1.1251628876817907,1,0
-9.720895357096198,3.5266904044750724,1,0
-9.488700115834455,2.0826557352622483,1,0
-9.767258788119467,0.5605925371702973,1,0
-9.76871664795327,0.9462251226251088,1,0
-9.624941657835153,-1.7166510274769855,1,0
-9.580847230485187,-1.7279550905484389,1,0
-9.642769032018865,6.15550022096029,1,0
-9.781488376763914,-1.0525566626249372,1,0
-9.443740706049235,3.9559130790763186,1,0
-9.785509248749563,-1.7381663518108454,1,0
-9.77981576523236,-1.7435015255785502,1,0
-9.598440696482257,1.4180201808430235,1,0
-7.367452166394818,-1.7248772626258058,1,0
-9.782063250831582,-1.2455728812691944,1,0
-9.785511402376951,-1.73632451822676,1,0
-9.75989753405216,1.349417808344242,1,0
-9.785505360792097,-1.741491425901047,1,0
-9.696963708024896,-1.5158762769898644,1,0
-9.183480982345088,-1.1193955902457429,1,0
-8.569351018373403,-1.2607486255911717,1,0
-0.5429808760452186,4.943344091381703,1,0
52.55337040700577,-0.7883509568325862,3,0
-9.501412277504558,0.12829208090333544,1,0
-9.33339764102109,9.033890026849981,1,0
-9.785505020626582,-1.7417823435742137,1,0
-9.572585359846103,-1.737367646258426,1,0
112.1369729653568,-2.1040205161142884,0,0
-9.776447513378505,-0.2661285176773931,1,0
-9.664579982235663,-1.7438522471552937,1,0
11.937860313989379,-1.6971143784392217,2,0
-9.157444085399899,-1.74098856549569,1,0
128.39291043823647,-0.49698337526009606,0,0
-9.739854598438557,-1.7253630848217274,1,0
-9.785505094717129,-1.7417189795696666,1,0
6.010414735889235,4.505746887552107,2,0
-9.77954406932898,-0.5905839429513156,1,0
-9.785502395522922,-1.7440273949263179,1,0
-9.757081605944316,1.601517653394679,1,0
-9.777380024243245,-0.7750106366453253,1,0
-9.785526991103229,-1.722992667168806,1,0
-9.223235513133455,-1.1352576878432097,1,0
-9.546910615464288,-0.827673045247973,1,0
-9.763343731658349,0.8387999720730099,1,0
-9.738760764350118,-1.0724471302681213,1,0
-9.774758788990521,-0.2347810759735598,1,0
-9.782778121243826,-1.255471880326544,1,0
-9.722657243272291,1.311437143998266,1,0
-9.725450825500436,-1.4019096213558544,1,0
-9.769981064343057,1.095996940886339,1,0
-9.727541888598658,9.56752604573165,1,0
-9.750882506196492,2.811236528133649,1,0
-5.0786868287841775,-1.7766755713973184,1,0
-9.596288792347558,3.7260446344851994,1,0
-9.694866752260495,-1.730067987926261,1,0
-9.589391381092748,-1.0056940012838536,1,0
-6.61294467358902,-0.4832395125678032,1,0
-9.595909480267276,-1.734447434869301,1,0
-9.778728558283001,-0.3711852137520566,1,0
-9.669764851699085,11.605734651320255,1,0
60.36961367519038,0.10496553495731598,3,0
-8.67834973924669,-1.3126903593342822,1,0
-9.785505238631018,-1.741595900974175,1,0
-9.687108749841455,-0.015047908099976803,1,0
-5.266729512654737,-1.7352772519359578,1,0
121.4844669605676,-2.4206340540709985,0,0
-9.781546831272932,-1.1801108927994974,1,0
-9.533738188748925,-1.5592253810457246,1,0
49.13947779052802,-0.12570803927088647,3,0
-9.061959546738718,6.476962068728197,1,0
-9.54926536721458,-1.7338023367723738,1,0
-9.77795574343499,-0.7529921017796265,1,0
-9.781711240402506,-1.6949267452430712,1,0
-9.5868516470576,3.1846551320789667,1,0
-9.777645691451951,-1.2763197990414004,1,0
-9.785245193850036,-1.715705957459682,1,0
-9.24848420573093,0.06530564187771914,1,0
-9.7317676633732,4.738743707374947,1,0
-9.546824357966129,-1.6674954907834678,1,0
-9.337700699103449,-1.7272503155661658,1,0
-4.9332646918625205,-1.755585202501087,1,0
-7.768057964630022,-0.04098239104049961,1,0
-9.77418782650123,-1.6914469504045175,1,0
-9.777473476267646,-0.6408101891028376,1,0
-9.695315104634336,-1.4369094496414527,1,0
88.681398802734,-2.0093283406143323,0,0
-9.78331057485414,-1.4543979587568079,1,0
26.3809506108805,-1.2240909808432598,2,0
-9.783979584474206,-1.7349100073884458,1,0
-9.619626740405073,0.05535224588454701,1,0
-9.776043064889722,-0.9817791375521427,1,0
-9.693252465637594,-1.4861628887786953,1,0
-9.701441741547917,-0.05019761299047931,1,0
-9.754709623229287,2.063029622951573,1,0
32.31145085928941,-1.4948330847585911,2,0
-9.779646345580193,-1.0481459083394769,1,0
-2.083847881503675,-1.8011806198367653,1,0
-9.596415289826025,-1.725745874960562,1,0
43.42769009341623,0.3145400206660498,3,0
-8.329149872088148,-1.263659454695508,1,0
-9.785504811355027,-1.7419613176068802,1,0
211.24108224080194,-0.624126263019033,4,0
3.1382984957303854,-0.008892070702468668,1,0
44.71189579533046,4.781568650519929,3,0
-9.78523779348833,-1.7034916461431464,1,0
-9.767856515220485,0.7675781361678373,1,0
-9.774461037917067,0.018408273128599273,1,0
-9.651057956534242,-0.8678776039423869,1,0
-9.781589300961675,-0.7170262834287047,1,0
-9.69838794651509,-1.3459800058026725,1,0
-9.785533073831855,-1.7177905723577858,1,0
24.1162024860006,-1.4569635339524094,2,0
-7.466330615228605,3.193217790728001,1,0
-9.659769561594144,-1.2600914176370666,1,0
26.760046678229767,-1.0652260991425602,2,0
58.59771643560349,0.47628976181281035,3,0
-9.763053404762015,1.4943265318515317,1,0
120.54230069231593,-2.4878235722723074,0,0
0.787741884154304,-1.0941037713721071,1,0
-9.261750883980064,-1.615658019078338,1,0
-9.781474576829165,-0.6826278287513055,1,0
-1.730744816228186,0.6533763827406895,1,0
86.728841969425,1.8407821312656734,0,0
-9.785553766966055,-1.7000933097227067,1,0
131.732292309375,-2.48752282360356,0,0
-9.739514121834697,-1.7372486404985268,1,0
-1.053823442846186,6.580834607216018,1,0
-9.782684814565004,-1.3657818579586276,1,0
-9.372506610361912,-1.4479150491532184,1,0
9.817404309470199,-1.5930719417463557,2,0
-9.785547081728268,-1.7058106847603633,1,0
0.5680053075559464,1.7442724201722273,1,0
-9.298919280453516,5.867662166399691,1,0
-9.703739842507638,8.01792076719223,1,0
-9.628790321270317,-1.3539542955644839,1,0
254.2885758031769,-3.0171725245084113,4,0
-9.785512089872912,-1.735736555260378,1,0
-8.968048886850566,5.8816697691378605,1,0
-9.47339901375264,1.5010406824016984,1,0
-9.785517106138292,-1.7314465252916627,1,0
-6.219654210930159,-0.22932875676055442,1,0
-9.785505658761924,-1.7412365949875017,1,0
-9.785526323335638,-1.7235637579625334,1,0
-9.62501247125613,-0.11643658879903884,1,0
-9.556448846354911,-1.7346343828648865,1,0
-9.632906361302274,-0.9098592805147205,1,0
-9.01351789487044,-1.736836648984974,1,0
-8.820459190408249,4.834081223843133,1,0
-9.405560634245287,0.9509814923851745,1,0
-9.709735517465505,7.864913876124667,1,0
-9.775045441133615,-0.43204569122637704,1,0
-9.783351082110483,-1.3835437716875754,1,0
-9.542926683193265,-1.7433781836606852,1,0
-9.785533203336493,-1.7176798168984582,1,0
-8.215658029945056,8.777549948951936,1,0
35.33087550284934,0.6036326593726016,2,0
-9.785508852653923,-1.7385051022632283,1,0
-9.785543261907112,-1.7090774870510446,1,0
-4.773193378781323,-0.3597408926747061,1,0
-9.496319684161369,-1.7144705986444109,1,0
40.21616687354634,-1.2462217535083473,3,0
8.808911609993057,1.1901605593541977,2,0
45.149095888592825,-1.3695116860844356,3,0
-8.943342124259855,1.0367624630439876,1,0
-9.77793327262341,-1.0891251332334586,1,0
-9.785509989635173,-1.7375327287393922,1,0
-7.604123409533834,-1.2732440738323798,1,0
-9.359654969762483,3.896100914098814,1,0
-7.071904935804376,-1.1427764774608935,1,0
-9.596661801279497,-1.0965070338288947,1,0
-9.763601016890995,1.1014155183243197,1,0
-9.781628462265344,-1.721156350457439,1,0
-9.445019198306259,-1.7436832867291334,1,0
-9.280752484559343,-0.3748759827910466,1,0
-8.289929333911964,-1.7558025423352082,1,0
-9.627946093060881,-0.30909141777995686,1,0
-9.785508994920473,-1.7383834325111271,1,0
-6.988292507255043,-1.2296446827454697,1,0
-9.101281310214663,-1.7445738624644496,1,0
29.434426814508914,-1.6533405204206026,2,0
-9.777356213588076,-0.7755957434381863,1,0
-9.77952529670982,-1.0125307443861367,1,0
-5.000811382407619,-1.7772577312668942,1,0
-9.058177017046702,-0.007076707689851469,1,0
-9.781954084418418,-1.4121964492935442,1,0
-9.780386022517613,-0.9280552287391428,1,0
-9.749269061416548,3.3955109930445753,1,0
-9.035667468520487,0.8772862851895953,1,0
-9.777117664142073,-0.3237761189752355,1,0
-9.740358667353515,-1.727562998288893,1,0
-9.754426677447755,1.8865164278078659,1,0
-7.437450227132756,-1.7492849761327347,1,0
-9.782987593025444,-1.2073921901617357,1,0
-7.514724317700537,-1.727326928098346,1,0
-9.67938144300824,-1.329107694081455,1,0
-9.785512901316222,-1.7350425895593602,1,0
-9.77661529428929,-1.0343772131015065,1,0
-8.034473786447418,-1.75258745411095,1,0
-9.785519289655946,-1.7295791288383437,1,0
-9.721025828761109,3.882334018047783,1,0
-9.763145402711944,3.808916898941577,1,0
-9.734355074015923,4.2622305827903055,1,0
-9.697837116860255,0.27933833392337704,1,0
-9.780323064297068,-1.1062760723069407,1,0
-9.689138534242977,-1.12225978763161,1,0
-4.375875965829228,-0.21671207933267755,1,0
-9.402814440050419,-1.3272332803689646,1,0
-9.785501334736047,-1.744934605199831,1,0
108.9650616098337,-2.497597107233192,0,0
-9.783988938197176,-1.385782975002797,1,0
-9.750954764810222,2.418209744825649,1,0
131.14180881738878,3.85045553114913,0,0
7.511562238589519,-1.807680540711441,2,0
-9.781838263558065,0.9610863111656078,1,0
-7.968406526174843,-1.7541346443260697,1,0
-9.52604467283514,-1.707090290583485,1,0
-9.746877730126563,2.8379674551250345,1,0
-9.54090501231752,-1.7406621199220695,1,0
78.6242071912458,1.571779410889413,3,0
27.10868212801859,-1.568607727916519,2,0
-8.774135880217619,-1.5363912963310373,1,0
-9.745306894215087,-1.7293235095715287,1,0
-9.700745262653882,-1.7295244922055528,1,0
-9.785506118250332,-1.7408436295256031,1,0
227.0506600131837,-2.8621777639107195,4,0
-8.736288599204174,-1.68755232538871,1,0
-9.442710636196322,-1.204465113455622,1,0
-9.48257702783102,-1.4655051636717158,1,0
-9.548508295446409,-1.7371009459342988,1,0
123.05615928987805,1.424147739347644,0,0
-9.492328209003011,3.7847949374038077,1,0
29.051241945987076,0.9537481852748213,2,0
-9.785124483528095,-1.6654390444795966,1,0
-9.72583698429445,-0.36724108741612516,1,0
-8.266823281962916,-0.6384313915282326,1,0
-9.727933349837429,4.953486384461514,1,0
-4.764426777359418,-1.720255875130298,1,0
-9.51675264208713,-1.7464415424456001,1,0
-9.611683694446068,-1.7167024277780203,1,0
-8.972535840689352,-1.7161227744649854,1,0
-9.589107921933802,-1.7324012187243552,1,0
-9.785534626498185,-1.7164626950270296,1,0
37.45738804041136,-0.9343870339575422,3,0
-9.78556097822092,-1.693926072318988,1,0
50.70944315460093,-0.014201905917985203,3,0
5.550820553779715,1.648837303264309,2,1
-9.632396139050446,2.9083022794221094,1,0
-9.774460253812663,-0.2675921241278183,1,0
-9.627895441999298,-1.4859306286414833,1,0
-9.785513563983018,-1.734475861087939,1,0
20.94484863393502,0.7722721557438397,2,0
8.017378147942651,-0.4363297136612292,2,0
-9.76270314830597,-1.7244992436777193,1,0
-9.230186914831712,3.3050473921090644,1,0
-9.64678988852292,-1.7322532175921763,1,0
20.48045355568155,-1.61909625809628,2,0
-9.606392672971761,-0.5274851533435893,1,0
-9.782408809318033,-0.5781172842874197,1,0
24.098969766042313,1.6765384579144738,2,0
-6.406580057437356,-1.7516708250408133,1,0
-3.7840141715009397,0.10690018745273688,1,0
28.594482988869917,-1.2758233986546854,2,0
-9.785507658571545,-1.7395263100332687,1,0
-9.771084832930985,0.24699507522686237,1,0
-9.710682093498512,7.032926246756614,1,0
-9.778597043117234,-0.9537271444027455,1,0
-8.740262968139133,-1.3113444601785083,1,0
-9.73417647105998,-0.6016668437214377,1,0
-8.952064467294461,-1.6981763357472857,1,0
-9.770925064581201,-1.2464242093390077,1,0
-9.365927572001441,2.6466793946684026,1,0
-9.546097143211574,-0.4379324738205238,1,0
-9.190920669917125,-1.5687784203854462,1,0
-9.76686033031302,-1.7140717904806682,1,0
-9.699775716037406,-1.597499290874095,1,0
-6.493425625218296,1.0925465393194829,1,0
-9.77111556144472,0.2864191319584313,1,0
-9.336952749967576,-1.117693169031073,1,0
-6.851861327140545,-1.1032255910232904,1,0
83.73525778530382,-1.1671773984973277,0,0
-9.640617038483265,15.489967743190814,1,0
-9.759643875404167,1.9132356327805002,1,0
-9.784405868515753,-1.4704510529260093,1,0
-9.778447646939352,-0.6146099445531436,1,0
-9.325330880162753,-1.7433498645712917,1,0
-8.451693841725564,-1.7418984326160147,1,0
-9.230114604516238,-1.7425521823864076,1,0
-9.785562555359158,-1.6925772660255727,1,0
44.20814552686561,-0.4906876377828573,3,0
-8.688564236334976,10.061537728664,1,0
-9.662412695802228,-1.1427991962374469,1,0
-9.780929825691446,-0.8123138490460496,1,0
-9.735049733195973,-1.7223383379914923,1,0
-9.741111976815287,3.718121634983505,1,0
48.42023561140296,-1.6589290332673274,3,0
-9.743698649702363,-1.7334911231340575,1,0
-9.675069072513683,2.0546862017885723,1,0
-9.644209731134099,-1.7099511767797222,1,0
24.621729762596086,1.5192175869032116,2,0
168.73233817789753,-3.024168992358861,0,0
-9.784836459526447,-1.4956153866053348,1,0
-5.100852027395208,-1.4500309298829395,1,0
-9.562518772153496,-1.6603831602961703,1,0
-9.785508996230405,-1.7383823122260214,1,0
-9.77024784764921,0.5483966560163771,1,0
-9.77303887346368,0.6416380326184745,1,0
-9.702094102585432,-1.1257307619570087,1,0
-9.22253339039547,-1.0061945893038493,1,0
-9.74518662593501,-1.1067120270063198,1,0
-9.785618094489774,-1.6450788749396126,1,0
-8.641253272903198,-1.7130463639457112,1,0
-9.519432008730476,-1.3523569460086455,1,0
-9.778499503655265,-0.8696322373610662,1,0
-9.607952675792758,-1.7448894928321552,1,0
-9.633370806568479,-1.0429854890197978,1,0
-9.775124663818811,0.10422830889848389,1,0
5.876152453205764,0.06082183956057707,2,0
66.33967167519339,1.1748102535027964,3,0
-9.77634713485458,-0.45412914713546193,1,0
-9.783739039989024,-1.3001442611463108,1,0
-9.785504628778298,-1.7421174615870108,1,0
-9.785526701509028,-1.7232403350472807,1,0
-9.77304807260684,-1.6871128193033396,1,0
-9.624102165031566,0.11485920463225097,1,0
-5.586665758023933,-0.8008691602794483,1,0
-9.726466434946806,-1.2099889331461606,1,0
-9.78254737989146,-1.054039326328917,1,0
-9.785538117169162,-1.7134773898302162,1,0
-5.8734896308306235,-1.718015139520129,1,0
-9.781878543886451,-0.8773430826943263,1,0
19.750255397690324,-1.3110213124208292,2,0
50.93413306759092,-1.773950917958492,3,0
-8.593099876787107,2.446831698882934,1,0
-9.408348035677403,-1.7288641129706221,1,0
-9.769739934966292,0.15120628180128204,1,0
-4.100844584319881,-1.7823263648260925,1,0
-7.93545778878223,-1.3611047790462638,1,0
-9.665541754022211,-1.7206302608953654,1,0
-9.753070481299028,2.3616785777739366,1,0
-9.243086857061202,-1.1902257510011602,1,0
-9.286899936718553,-1.74746997492994,1,0
-8.139487172882868,-0.12609878960530474,1,0
-9.785548820226309,-1.7043238797107287,1,0
-9.770679922847972,0.4650188486620177,1,0
-9.785501805081013,-1.7445323549507672,1,0
-6.01403214478612,-1.7599865382232636,1,0
-8.952303331661396,-1.4334420635811318,1,0
-9.632309782684864,2.5830897699880535,1,0
-9.548678046920003,-1.6018010082697294,1,0
0.17656714856515876,1.2390846254118077,1,0
-8.969879714844717,-1.7415055834792197,1,0
-9.312882879074849,-1.7460143041562266,1,0
219.36944431429407,-3.1015192889000494,4,0
-9.77961892620718,-0.8071269902134318,1,0
-8.607143863268615,-1.3744109689927546,1,0
-4.94362133181037,2.2319975364242963,1,0
-9.776114381244525,-0.5839227109068044,1,0
-9.651162776028686,-1.318526613172995,1,0
-6.45528511360634,6.077074812540265,1,0
-9.785507951837525,-1.7392755019616946,1,0
-7.33497603680336,-1.7624633043707656,1,0
-9.648972200091494,7.901846268332769,1,0
-9.785528413292395,-1.7217763770241985,1,0
-9.779116255879579,-0.2811655287356105,1,0
-9.783752216744906,-1.545193535592304,1,0
-8.180263432002684,-1.7517272714699612,1,0
-9.231852097340521,-1.7400958716384964,1,0
-9.638338782643743,-1.7367693897945207,1,0
-9.658598904111862,12.832536493844383,1,0
-9.77506474863597,0.9796201066163226,1,0
-9.673389233179837,-1.526595940088376,1,0
-6.061672077497324,0.31884521150474465,1,0
-9.759043706368388,1.544745278298806,1,0
-9.76909148239922,0.28975113124826746,1,0
3.7801032039111657,1.9586078517193588,1,0
-9.514509603326674,-0.7715728684722275,1,0
-9.54679752693178,-1.288132905076822,1,0
-7.4474492409708155,-1.7542885343986478,1,0
-2.9695779879850663,1.09039344647327,1,0
-9.785539227197571,-1.7125280670211336,1,0
-9.70429440543787,-1.0718619824305744,1,0
-9.785505657174129,-1.7412379529088422,1,0
20.937186284081278,-1.5979238356115255,2,0
-9.785521105717837,-1.72802598933123,1,0
-9.646724687945765,2.371561482896219,1,0
-3.8096431677171374,-1.766484752657977,1,0
-9.564526240698386,-1.7433797605529684,1,0
-9.700878798763274,-0.908736496892181,1,0
-9.111552459124853,-1.0940225446509115,1,0
-9.540931898646157,-1.7463232148546504,1,0
-9.785545915888818,-1.7068077385045615,1,0
-9.782682815594095,-1.0043606262787672,1,0
-9.620975031963747,-1.5545501367818424,1,0
-9.785534349904065,-1.7166992449245295,1,0
-9.11076562158666,-1.5231552732489004,1,0
-3.2217331465752554,-1.7666406938572012,1,0
-9.696110082422447,8.603793658465058,1,0
-9.665631637801855,-1.7403699645708397,1,0
-9.782109927215176,-1.0761207882285806,1,0
-9.302448205506803,-1.5914588354654657,1,0
-9.527271846512875,0.05449512687169977,1,0
-9.780385199268814,-0.9696321572311309,1,0
-9.784196173740053,-1.4182091872050615,1,0
-9.785544727621744,-1.7078239728876927,1,0
-9.728740706127711,-1.5319997226335627,1,0
-6.563873962202962,1.7165510314565138,1,0
-9.785642351909159,-1.6243333504795752,1,0
-8.40970283363692,-1.4819681601473973,1,0
-5.756443077987007,-1.775517025383832,1,0
-8.680124678938496,-0.7429163829582303,1,0
7.989598250475236,-1.1635042182534772,2,0
-9.785504354248314,-1.7423522461867682,1,0
-8.448252472298465,-1.6858911506931815,1,0
-9.038132598337555,-1.7481673496586125,1,0
-9.770291214794964,0.6168841746717608,1,0
-5.009958214385273,-1.1163764369559963,1,0
-9.785504917916008,-1.7418701841109216,1,0
-9.082990771793597,-1.059961430826407,1,0
65.12294983289232,-0.880700514970488,3,0
-9.783716265526623,-1.490298171300779,1,0
-9.77849259385726,-0.9031586117977405,1,0
-9.778765544742893,-1.7002431470933266,1,0
243.28640564956362,-1.9517897867715774,4,0
-7.408578934073448,-1.4857009790766127,1,0
-9.785573030369058,-1.6836187873586022,1,0
-9.522841595192475,-1.7285981760527724,1,0
176.1676635208123,-2.728677083918093,4,0
-9.785522589315027,-1.7267571815787819,1,0
-9.736240372155933,3.942074688181683,1,0
-8.053854012057952,-0.6460095117739432,1,0
-9.785514658589955,-1.7335397270898751,1,0
-9.680022848841496,-0.7541468729359819,1,0
-9.7799516268532,-1.7355368498945236,1,0
-9.777725738751162,-0.6994329343433802,1,0
-9.785546432299723,-1.7063660915626089,1,0
-3.4635953169083153,-1.7576569844653858,1,0
-9.457154620296427,-1.7320760718851487,1,0
-9.629291245364207,-1.3320123362507557,1,0
-9.235613865419824,1.0382826892506714,1,0
278.05282474484625,-2.949304034609167,4,0
-3.0125664058191743,-1.0233963878807344,1,0
-9.278549746050519,-1.7363122025454336,1,0
-9.145684761228917,-0.9872548610670766,1,0
-9.741240726640124,3.793320705128802,1,0
-9.432675583550138,-1.6067526150226155,1,0
-9.693299266051534,-0.1978643729632079,1,0
-9.77732725431946,-0.828370968965837,1,0
287.5707012868562,-0.13719038678128848,4,0
-3.635064965301763,-1.7415713267347157,1,0
-7.439192814247148,-1.7624476517170362,1,0
-9.661880481984245,-0.3455257665232583,1,0
-9.603107060184023,-1.3306070566397878,1,0
77.02751627030577,-2.0820489176154515,3,0
-9.777076864403314,-0.733319113557982,1,0
-9.769003171525089,0.18217504588426237,1,0
-8.260489264597915,3.4867979446924933,1,0
-9.676053127705373,-1.4587256842161207,1,0
-9.1113629967241,-1.357715009615077,1,0
-9.75372314199262,1.7258287952877658,1,0
-9.307055985762327,-1.7043191587425037,1,0
-9.705824251711068,-1.671568163179312,1,0
-8.609186448655915,-1.2831027478749064,1,0
-8.674170111726323,-1.5332331240954638,1,0
-9.78089095257948,-0.9252067905212007,1,0
-9.762650665729597,1.151603360512588,1,0
-9.782797628642912,-1.1172388580727857,1,0
136.93624498899615,-0.35791060601985136,0,0
-9.748187563155605,2.815441467118754,1,0
134.17422805345544,0.4580248909864715,0,0
-9.727827260764597,5.043795071380683,1,0
-9.780370462708392,-0.8476745729780918,1,0
-0.2710286037124572,-0.09416657362800929,1,0
-8.302609271547752,4.122232005637322,1,0
-9.76343644207857,-1.72827113386316,1,0
-8.789765463774906,-1.5355886475915612,1,0
-9.478335020085163,-1.1043238692992556,1,0
-5.536851642552599,1.0717051746993622,1,0
-8.240741456673533,-0.2306133031735036,1,0
-9.66268942488086,1.241852938647563,1,0
-9.78556722359943,-1.6885848754406587,1,0
-9.771386445281179,-0.09326393232093233,1,0
-9.7837652032876,-1.3398934434022736,1,0
-8.611328136038127,-1.2799682329703295,1,0
-9.785536907486687,-1.7145119391774264,1,0
-9.203019392617138,-1.7409157764103274,1,0
-6.4074431273422245,-1.763853425884492,1,0
-9.70360793694458,-0.6071104380513964,1,0
-9.785513363761902,-1.734647094968965,1,0
-9.782814105467258,-1.169033124346709,1,0
-9.782712411245283,-1.0404663977815185,1,0
-9.69425028486952,5.908954503901225,1,0
-9.710534698016312,7.207708552992549,1,0
-8.415110154107884,7.811304825488123,1,0
-9.783850115011838,-1.3522924538119183,1,0
-9.71448221654372,6.6445668626270225,1,0
53.14071804463117,0.7660291194019031,3,0
-9.626340165099409,-1.1413895790615118,1,0
-7.950063977351544,-1.0687802935228703,1,0
2.066126755467545,-1.488856218510703,1,0
-9.748419365589472,2.6642449257772807,1,0
-9.781456552664032,-1.1551905015344754,1,0
-9.785536194129493,-1.7151220192876402,1,0
-9.728021885858672,-1.743992620877604,1,0
-8.025785646012825,4.063594395150619,1,0
-9.409622878393082,-0.3337351768645622,1,0
96.18539173963518,14.360608188421864,0,0
-9.779182777420955,-1.0236318556400281,1,0
-4.832219052442331,-1.4205910456462112,1,0
-8.533730509050216,-0.9080872262431245,1,0
35.06677362111631,-1.2741302703979986,2,0
-9.778275299203289,-0.6021731372240912,1,0
-9.761787205657017,1.4173433782349152,1,0
-9.377096645401602,-1.6690096303765423,1,0
-9.783161069366907,-1.4104191846664198,1,0
-7.937741262430803,-1.723159818570554,1,0
-9.610427162092801,-1.6921553319667912,1,0
-9.636398784492078,15.92506783964481,1,0
-9.785594716927873,-1.665071924262877,1,0
-8.45454597493117,-0.783445989085408,1,0
-8.12575928599688,-1.733408087633575,1,0
-9.778814918607345,-0.7250319117799353,1,0
-9.740269468966567,-1.708352800313014,1,0
-9.785512284000859,-1.735570532402496,1,0
-9.03543669039363,-1.138017926549697,1,0
-4.662694911729883,-0.9026582442478757,1,0
-9.433166009569355,-1.7115306983066056,1,0
-9.205944357644254,-1.5623293759713088,1,0
240.12259140412917,3.967933432529226,4,0
-9.745767777749858,2.8533131633898314,1,0
-9.148417523523463,-1.7454263523741989,1,0
-9.782301174659496,-1.2640619281492966,1,0
-9.40999332719076,-1.4218641940482908,1,0
19.65104520078103,-0.5605686823530744,2,0
-9.676542500868175,-1.745696135873014,1,0
-9.785525847453233,-1.7239707439622718,1,0
-9.57720629931937,-1.7314236278412698,1,0
-7.896686948538534,-1.7534110285437112,1,0
-9.783910506009182,0.2018428562701231,1,0
-9.785503935308254,-1.742710533732436,1,0
-0.9262916892588446,-1.3113998680139598,1,0
-9.78550493216648,-1.7418579967668915,1,0
-9.77981852610547,-0.9407539562395717,1,0
-4.38517169304553,-1.7751116145514696,1,0
-9.59144862184128,-1.7224305526730948,1,0
-9.662499620291547,-1.729977291573475,1,0
-9.775649222186589,-0.33933999379379687,1,0
-9.774894299658037,0.3251192989181211,1,0
-9.785509357315135,-1.7380735039391948,1,0
-8.70211644329826,-1.7065383009299462,1,0
-9.239120677798828,-1.7278714596439093,1,0
-9.785522048729922,-1.727219502873142,1,0
-9.78551485928741,-1.733368085832447,1,0
136.71302145571488,-2.578526172448458,0,0
-9.561850771199445,-0.7459871650638709,1,0
-9.006484848132606,2.71043418484303,1,0
-9.329170352085196,-1.7416958222866097,1,0
-9.66705783182961,-1.7429590586889974,1,0
-9.78550743681594,-1.7397159607224741,1,0
-9.769842323085141,0.2140795024512696,1,0
-9.783730798129662,-1.5213067387686576,1,0
-9.782051241059984,-1.7224660253558408,1,0
-9.223521557712164,0.693432254098211,1,0
-9.783118917301895,-1.6890979645964537,1,0
-9.78422124877182,-1.4910604966140342,1,0
11.007751415259765,6.590426750413904,2,0
-9.373268485335537,1.3586588556967674,1,0
-9.467107026053771,-1.7334091910313536,1,0
-3.252505424750285,-1.789454807584231,1,0
-9.703497103634685,-1.0139962322055172,1,0
-9.74810175735758,-1.7009942423646645,1,0
-9.77247857422279,0.3965408895774083,1,0
-7.588502931394617,-1.7518671191730295,1,0
-9.345065089898117,-1.4703865504461018,1,0
-9.776601262547485,-0.42216863283425876,1,0
-9.785542912611769,-1.7093762127719185,1,0
-9.733000087102935,-1.3937150595764602,1,0
-9.778243709644793,-0.4663872547033744,1,0
-9.72994211125587,-0.5044427361877036,1,0
-9.504488886129955,-1.2556193334261232,1,0
-1.69071410587755,0.6045944658297926,1,0
-9.785551418674837,-1.7021016244631266,1,0
8.464953872127527,-0.8789337419917427,2,0
-9.785529205265354,-1.7210990628336174,1,0
-9.77395829629043,0.11811737847273474,1,0
-9.062011405606327,-1.45753581340325,1,0
-9.088531524815755,-1.3721794051146623,1,0
-8.623846605463527,-1.0237354227786712,1,0
-9.783154662888562,-1.2160600848399454,1,0
-9.785516062023277,-1.7323394773911012,1,0
-9.738807042291967,2.4502167827780843,1,0
39.93045009214012,0.6058983805768912,3,0
-9.78553614504674,-1.7151639960310756,1,0
-9.782912666815186,-1.2347934420106752,1,0
-9.779766781907275,-0.4635212496995378,1,0
-9.612751007912866,-1.7454550839410605,1,0
-9.785577284492202,-1.6799805596332846,1,0
-6.628590319947115,1.45439441504791,1,0
-5.119600510739753,-1.2242960008547337,1,0
-9.724063343376093,2.550377334781691,1,0
-9.543861111813516,-1.3491533846475559,1,0
-9.762321241640741,3.8566437930755946,1,0
-9.785516415823993,-1.7320368985684238,1,0
-9.777446891470227,0.07505626545249777,1,0
-9.698867489002438,-1.2133771956012462,1,0
-9.74900807690937,2.7491954684576445,1,0
-9.358865427762991,-1.5321609040023279,1,0
-7.930652932394237,-1.7586581722504995,1,0
47.000209492735934,0.8377358247734072,3,0
-9.632310591221579,-1.6175296299070527,1,0
-9.770459454762024,0.46691492292275094,1,0
-9.446432200425448,0.6221762514929212,1,0
-6.814930286932764,-0.050422782108397346,1,0
-9.759130107357759,1.5361097221773514,1,0
-9.77983947072952,-1.7423269759970192,1,0
-9.785534825329979,-1.7162926493271764,1,0
-9.773939172912986,1.4762493150337308,1,0
-9.775500247677767,-1.7442854267529169,1,0
-9.779210722955378,-1.6816130790685526,1,0
-9.742645552710295,0.08317832097169786,1,0
-9.783090699750884,-1.6929492262779706,1,0
-9.675016219482213,-1.1543539980650608,1,0
-7.10280192548325,-1.7565595921571562,1,0
-9.762441211207975,1.2639067304667115,1,0
-9.683779211346078,-1.712539798966393,1,0
-9.780746232274003,-0.7154316689420541,1,0
-9.778238922225611,-1.7360293242436113,1,0
274.15404886840787,-2.9781543017746985,4,0
5.571453752593088,0.3786696454126768,2,0
-9.782635224255026,-1.1821647369994512,1,0
-9.344143864200433,2.5520443501606405,1,0
-9.746552023018966,-1.4151684176687764,1,0
-9.252142267504212,-1.7466473399170934,1,0
-2.285198552075723,-1.720522848472892,1,0
-9.480875765724395,-1.3671883187310765,1,0
-9.669553488559481,-0.0685172106620846,1,0
-9.641416056774597,-0.8633721580577464,1,0
-9.76597795825043,1.512509384456839,1,0
-5.69545773383256,-1.3049877638776641,1,0
22.52173374693756,3.4560145298101608,2,0
-9.78452484840265,-1.5071141792607365,1,0
9.329399814261308,-1.339075699041661,2,0
-9.739675886589346,3.665643346214858,1,0
-9.781156225683615,-1.7430451985945705,1,0
-9.645107210901866,-0.1178465456017328,1,0
-8.204246672832896,-1.5728450389142965,1,0
-9.785511596842307,-1.736158206810593,1,0
27.791544568279466,0.3936776292120967,2,0
-9.766228492466883,0.9250753454638971,1,0
-9.536137288361909,-1.7035844359026346,1,0
-9.777765405483166,-0.4915420979607378,1,0
-7.0668504001562535,0.4390704640982279,1,0
-8.985446086038868,-1.747726569973038,1,0
-8.568393220573933,-1.7410542142197407,1,0
-2.786625598986122,-1.2259900278190043,1,0
-9.653669475975079,2.3238509319461516,1,0
-9.785508501889867,-1.738805084061342,1,0
-9.72575099670085,-1.7451269655485706,1,0
-9.784352476820233,-1.4727579476028252,1,0
19.20159979507771,2.586996269104602,2,0
-9.74729214653634,-1.2995524597656665,1,0
-9.785525530489393,-1.7242418190098516,1,0
-9.713423327432686,14.628521088852075,1,0
-9.785522330543921,-1.7269784888092357,1,0
-9.704547441569124,-1.7327614669656537,1,0
-9.785514625762266,-1.7335678021135883,1,0
-9.519456857233088,-1.0364347307942805,1,0
26.61004192161624,13.72170833402695,2,0
-9.785524195490092,-1.725383542298854,1,0
-8.778016441641464,-1.743212188506864,1,0
-9.773787069243996,-1.1798075331277873,1,0
25.756745707249312,-0.652310693416958,2,0
-9.785552925870649,-1.7008126346047567,1,0
-9.157639755184118,18.801932911153585,1,0
-9.220455928631283,1.256387178439105,1,0
-9.764117326246593,1.1247725511634776,1,0
-9.775665700061715,-0.12772663434497544,1,0
-9.539894189659586,-0.2562802457111395,1,0
-9.016008787056105,-0.9716360371478501,1,0
-9.35118981903151,5.703151724050864,1,0
-9.482561852984844,-0.6063704623871021,1,0
-9.541972027204105,-1.7206252856131952,1,0
83.78884232581466,-2.038441369964469,0,0
-9.773248787280004,-1.2841282504861835,1,0
-9.72717108235734,6.537842670173781,1,0
-5.419880794932473,1.7942404975113502,1,0
-9.78550140503573,-1.744874483232484,1,0
-9.767662323289176,-1.7382874925836695,1,0
-9.100220324988582,-1.716838777864132,1,0
32.75799891738855,14.901870172978128,2,0
-9.527393429215923,28.27941351572186,1,0
-9.780762404728957,-1.7424353643481516,1,0
-9.785520158835501,-1.7288357857225851,1,0
59.91085206330662,-1.9394091661740216,3,0
-9.60195601814656,-1.2662544766972004,1,0
-7.966338951503451,-1.3467319644953732,1,0
-9.383556586727257,-1.6037735572224736,1,0
-8.158147126081612,-0.9483209619631292,1,0
338.73815304576186,-4.364246323399129,4,0
-9.664946379052424,-1.3851318031421473,1,0
-9.777102019436054,-0.3510988514187139,1,0
-9.742473594107636,3.365220794653359,1,0
-9.78552259108145,-1.7267556708912908,1,0
-8.884721416375092,-1.7465239253453766,1,0
54.34736215352109,0.21584991388762886,3,0
-8.811105917915341,-0.6622686635127591,1,0
-9.725577900212164,-1.36904664672824,1,0
-9.773168187567343,0.022057397939715395,1,0
-9.529832487333191,-1.678414688033196,1,0
195.6639285386006,-2.1360535304505754,4,0
120.6935270910547,-2.3952731832966694,0,0
-7.449272851105019,-1.7331637231615433,1,0
-9.768594819434556,0.20765614357141615,1,0
-9.779793841997247,-0.5766423864897515,1,0
-9.719069944497427,-1.691237372359243,1,0
-9.785522961950976,-1.7264384944142037,1,0
0.33868068877781177,-1.7916816036647576,1,0
-5.266141494398051,-1.7514745218327405,1,0
-9.78114103532548,-0.9944972716245021,1,0
184.32017068856456,-1.1908361443583333,4,0
-8.648675010788716,-1.7320032037171176,1,0
-9.707449506391214,-0.8900909575120495,1,0
-9.00257086486418,-1.6990844970508698,1,0
-9.785503975281026,-1.742676348062691,1,0
-9.502712070536512,-1.7470498385943518,1,0
99.91728174051731,-1.8328576953832836,0,0
-9.390401035920254,-1.7433061654524664,1,0
-9.785588809472113,-1.6701241215319327,1,0
-9.785598801752236,-1.661578484900481,1,0
-9.785586008817724,-1.6725193080622365,1,0
-7.834781936345726,-1.0244812138746835,1,0
-9.774935674508328,-0.34581295719767935,1,0
-9.598855223812341,-0.27547274492201024,1,0
165.27756880959694,-2.5618449427238152,0,0
-9.428277857614189,-1.747372971385103,1,0
-9.628491086616306,-1.7121487009646,1,0
-9.44701594113925,-1.6935901786839453,1,0
-9.785523445395262,-1.7260250413140816,1,0
36.5946113408383,10.597863469816652,2,0
-9.782143860776126,-1.2029572998163054,1,0
-9.744937099028293,3.020325601738622,1,0
-9.654693148048379,2.1362146630920464,1,0
-9.777098046519576,0.09405250240518348,1,0
-9.03207175372039,-0.011647668826786362,1,0
54.84348081222228,-1.2094542183415558,3,0
-9.773824269474003,1.2312792375466977,1,0
-9.113090702513166,-1.7237586588529124,1,0
-9.282903551905006,-1.1884229367098884,1,0
-6.709137820076995,0.5124975419628632,1,0
-9.714157937105732,-1.4786757063889135,1,0
237.4989888001587,-2.67546856021461,4,0
-9.785527306717443,-1.7227227463543655,1,0
-9.07824468950906,-1.7131661971328183,1,0
-9.71913352006522,-1.7433029663747242,1,0
-9.781481303715658,-0.8481395632741677,1,0
-9.776038179954954,-0.4865292790739927,1,0
-9.76691223304827,1.5250482509388372,1,0
-8.622850969908098,-1.7325318314036224,1,0
-6.524242670924423,-1.7335287038076692,1,0
-9.785524937864261,-1.724748646176144,1,0
-9.785501713326232,-1.7446108258302262,1,0
-4.497210302374708,-1.5053969919227075,1,0
-9.774007306560202,-0.29285781763827456,1,0
-9.758940127698587,-1.6735524986979837,1,0
-7.545565510299502,1.1591169411852666,1,0
-7.083475177306957,3.7433702627032037,1,0
-9.404979344965891,-0.9370835714618968,1,0
-9.770134716110269,0.10510266674462576,1,0
-9.776543105350099,-0.10229957225274311,1,0
-9.782477608222228,-1.234613404616776,1,0
-9.777412302732547,-0.36863937082442266,1,0
-9.51916634222631,-1.7392140235432363,1,0
-9.785501681987103,-1.7446376278026827,1,0
-8.64269101886921,-1.7166029079116507,1,0
14.123273103925971,-1.7462345726804764,2,0
-7.135014378568267,-1.6468166918502642,1,0
2.1817383863773863,11.662551413749362,1,1
282.82836849437797,22.501507698362502,4,0
-9.759878524118731,1.4567838185952455,1,0
-7.039185163284104,-0.4193065976054742,1,0
-9.210529654122173,-1.7288397925184218,1,0
-9.718337079879122,-0.28651263747339417,1,0
-9.785563348979455,-1.691898542991601,1,0
-9.223719591931076,-1.7480507728351236,1,0
-9.778442866026523,-0.599614387779702,1,0
-9.694359906883424,-0.7267764890928248,1,0
-7.999315923198092,-1.1849298859004762,1,0
-9.785533558963175,-1.7173756764662393,1,0
-9.662247816468012,-0.6809869587027285,1,0
-9.785508709831642,-1.7386272472877984,1,0
-8.63888570868021,-1.7442138098428213,1,0
-9.178396210026797,-0.25406942746068206,1,0
-9.320271063985839,0.0007480920613429642,1,0
-9.041473707785826,-0.8448745997255143,1,0
-9.785507661925765,-1.7395234414244372,1,0
-8.544233285290861,-1.4795797438302714,1,0
-6.00594131420998,-1.7611449714200713,1,0
-9.77168865419807,0.26455112800641745,1,0
-9.566262426137277,-1.7355728908347672,1,0
-9.537185694051972,-0.3881767899812727,1,0
-9.052838906599018,-0.6253396774673332,1,0
-9.784234148651441,-1.7081902207059205,1,0
-9.778949083915045,-0.4001575106858054,1,0
-9.785601792604778,-1.6590206363676128,1,0
-9.781515264859681,-1.1430354422853126,1,0
-8.988844102443394,-1.2706332083087484,1,0
-9.280044748954976,-1.5126183664704613,1,0
-9.731626664513302,7.3932199403089305,1,0
-9.75580104598241,1.9985289028269535,1,0
172.90636480474194,-1.8500848080765055,4,0
-9.703073896785904,7.83658239664159,1,0
-9.78320592848115,-1.2016074460349708,1,0
106.82905799531855,-1.4258407805451494,0,0
-9.734001596700539,4.133171752354284,1,0
-9.722040345751125,5.700314558100603,1,0
-9.76924584848007,1.0577984283715471,1,0
-7.891021288263501,-1.6787818935654066,1,0
-9.774471253741622,-0.5270696689385636,1,0
-9.701619650575358,-1.3614653983126372,1,0
-9.78038856569901,-1.091121155061662,1,0
-5.807859956399613,-1.3217093053511504,1,0
-5.520002827373756,-1.7645492258551179,1,0
-7.425319377958656,-1.7618246023091397,1,0
-9.524637884171542,-1.7468692220892135,1,0
-6.593318451599826,-0.6460213108292243,1,0
-9.785504117448339,-1.742554763180674,1,0
0.28160222746889296,0.21685986163135818,1,0
-8.782591589237716,-1.7315982925136706,1,0
-9.785517605579624,-1.7310193911340357,1,0
184.32637444770094,7.1598770739171504,4,0
-9.7855266183085,-1.7233114901255182,1,0
-9.776979014284253,-1.2524585661115832,1,0
14.757649772298308,0.1221768540711956,2,0
119.83019429503008,-1.1190917938018217,0,0
-5.185419105156877,-1.145746055359458,1,0
-9.781811208311128,-0.8903595427977401,1,0
6.100050780674163,0.8070869069941198,2,0
-7.323747751694304,-1.7536989572722699,1,0
-7.194547024189221,-1.5521846574596416,1,0
-9.78551195058348,-1.7358556789099657,1,0
-9.743299390647957,-0.5221055594305766,1,0
66.60953596093235,0.3885623857358862,3,0
-9.730858815275552,4.178049332977233,1,0
-9.785546420073691,-1.7063765475569301,1,0
-3.4120829260548655,-1.762820091193813,1,0
-9.785519602789229,-1.7293113297759977,1,0
-1.378202339181005,4.07954210612075,1,0
190.85063383008165,7.2282660138454,4,0
-9.78550399310404,-1.7426611053956451,1,0
-9.28826787829368,-0.38031842213930855,1,0
-9.772170403423983,0.07567285921139866,1,0
-6.380993250933351,0.4673818610649054,1,0
49.049733417732526,0.09762282035566483,3,0
-9.08658766526259,-1.56500644689783,1,0
35.291392338692674,-1.1249156106858842,2,0
-9.779329749686399,-0.8985947629786083,1,0
-9.446315383650042,-1.7419762597217308,1,0
-9.77975999608927,-0.9042692872269242,1,0
-9.775958627546617,-0.11767946747171676,1,0
-9.781587723669288,-0.8794548611314044,1,0
-9.66101433883773,-1.7445529238785566,1,0
-8.407159694747891,-1.5545600703666822,1,0
9.580565857172093,-1.6447974678814417,2,0
-8.620292845273374,-1.272078485867617,1,0
-9.7855386652963,-1.7130086184094888,1,0
-9.78351708673105,-1.3758963362322922,1,0
66.81290946877827,-1.3077258404176015,3,0
-9.776600510595705,0.40085226818989006,1,0
-8.022235622574485,0.28581583305447067,1,0
-8.635757248088074,-1.7361967026029357,1,0
-8.593403050594985,2.6876950501807055,1,0
-9.784390287164454,-1.4895873812184828,1,0
-7.005457871983206,-1.7587506740719934,1,0
-9.770294522171177,0.4454128262482022,1,0
-9.770790026666667,0.0031064017887751927,1,0
-9.29828217912312,53.992201946978895,1,0
39.06860424491579,-1.3606759985995003,3,0
-8.30997867107097,-1.741823458207076,1,0
-9.776572904108809,-0.44338248967023863,1,0
-9.554386749807465,-0.3837758870571142,1,0
60.4730077562383,-1.5303723753902043,3,0
-9.521832736159967,8.591363633228713,1,0
-9.785539681426405,-1.712139599673675,1,0
-9.785510162923295,-1.737384528599103,1,0
-9.47760032058831,-1.7115341492463207,1,0
-9.670351386561494,-1.3391860160079394,1,0
80.16028453216806,-1.3151383449159795,3,0
-9.78552021645266,-1.7287865101519448,1,0
-9.785505446791115,-1.7414178774864468,1,0
-9.418174986352529,0.9883576309799582,1,0
-9.453293688807051,-1.740658652112495,1,0
-8.993448456018015,-1.4510619174146104,1,0
-9.041752744590147,-0.8733571682613237,1,0
65.67444168981486,-0.8432374121948331,3,0
-9.549010930595019,-1.6944493658517985,1,0
-8.66356379019856,-1.7481733991093935,1,0
37.92202504228776,-1.0036897647584317,3,0
-9.555325371509833,-1.6189295647933004,1,0
-9.785504047247894,-1.742614800277937,1,0
-9.761397557578535,1.4408254714903306,1,0
-7.166799150354266,-1.5105726542680704,1,0
-9.781520077954076,-1.0796045188117704,1,0
-9.770981161848654,0.10708838411711996,1,0
-6.29580201952949,-1.771226953114403,1,0
-8.21309524783679,-1.0885560312037676,1,0
-9.78551282821805,-1.7351051048630695,1,0
-9.78555011747575,-1.7032144410015948,1,0
-9.411285950913191,-1.0294975798474886,1,0
-9.68030784391028,-1.7402597920590461,1,0
-8.592503465367438,-1.0929186568145233,1,0
153.05158562646247,-2.749560087773339,0,0
-9.785515274932793,-1.7330126159735606,1,0
-9.554013285385027,0.18968393425309293,1,0
-9.77255906136409,-0.7258363457784767,1,0
-9.341265825374528,-1.7290096595651985,1,0
-9.743112794898156,-0.43336832616809184,1,0
-9.785504910413671,-1.7418766002892552,1,0
-9.493568876564181,-1.7298904214340722,1,0
-9.785519208817266,-1.7296482640085875,1,0
-9.785551204560504,-1.7022847401558814,1,0
-9.752143132749119,2.1982816220219794,1,0
-9.785504794524385,-1.7419757115730885,1,0
-9.619798932110061,-1.6945998791158758,1,0
-9.720806116142708,6.023560181884286,1,0
-9.724540800566169,7.193608099155738,1,0
-9.75463010930704,2.0246625493813792,1,0
-9.69332542186705,-1.7036475295591442,1,0
-9.682414545216368,10.813634755121033,1,0
-9.703854666678755,-1.5596300700298087,1,0
-9.397294765277096,0.2685418507204085,1,0
-7.994609163704606,8.098624111402128,1,0
-8.220034125349938,-1.1978195255073911,1,0
-8.575180752216921,-0.5469704029136555,1,0
-9.778397523558475,-1.734082380764892,1,0
-9.777976265533216,-0.7444139844284904,1,0
-8.430302251419478,-1.3342179812383717,1,0
-9.775707604980711,-0.36314902346429423,1,0
-9.78550174274016,-1.7445856703373952,1,0
-9.749772648491682,2.4164757332922404,1,0
-7.692785831167218,-1.7379055828520822,1,0
-9.011947925615644,-1.2722007145972216,1,0
-7.5150297599100195,-1.4040695456928636,1,0
-9.45300835795235,-1.7419630200709044,1,0
-9.669743276114849,-1.2646124556878546,1,0
-9.785544184615249,-1.708288365012097,1,0
-9.756691645228356,-0.8019702366763748,1,0
-9.783400674189922,-1.4473426830286709,1,0
72.97431198767464,1.4875616406858807,3,0
-9.688429614417032,-1.7272346585511247,1,0
-9.761745453428425,1.3265270088857815,1,0
-7.723146066332728,-1.7111353924199473,1,0
-9.630533616624035,-1.7336514404064234,1,0
36.491919964467186,-1.115998252714047,2,0
-9.7809426369173,-0.7273106473332931,1,0
-7.552018753602134,-1.747913394186099,1,0
-9.262536243380952,-1.7354467641439322,1,0
-9.785538195626149,-1.713410291541983,1,0
-9.785522382286233,-1.726934237547555,1,0
-9.776197554217052,0.36275955336217414,1,0
-9.634754157739012,5.4214502287656385,1,0
36.26578789886386,-1.8151803554220434,2,0
-7.587047429309136,-1.7230602589186683,1,0
-9.785525236647835,-1.7244931193279118,1,0
-9.785518320306291,-1.7304081398166657,1,0
-9.775264363263716,-0.28358618991432705,1,0
-9.757079710104874,-0.9734907468858818,1,0
-9.072389642660356,-1.5032823009436012,1,0
-9.59785459741815,-1.7457654168759804,1,0
-9.77179859802227,0.20266444210452383,1,0
-9.590327836339602,-1.7236841351965584,1,0
-9.466597194056067,-1.74672347480357,1,0
-9.78550275374962,-1.743721030897904,1,0
-9.298522792159574,-0.832059891486687,1,0
-9.558916320019101,-1.7215312346877134,1,0
37.5586533040501,-0.9849726765108717,3,0
-6.787746383252227,-1.7549934490857804,1,0
-7.491712536865379,6.161547597830789,1,0
-7.47458024069932,-0.7550294961911097,1,0
-8.365346959700695,-1.1174532006260802,1,0
-9.779612795766086,-1.0496193214182274,1,0
-9.43665096300558,-1.0670246281236748,1,0
295.6491791600086,-3.6803737722764485,4,0
-8.99082238399136,2.2696573922343477,1,0
-9.7786454900686,-0.8461478878677463,1,0
-9.435728622620678,-1.7254374415011187,1,0
-9.735767436705002,-1.7393383564856526,1,0
-9.412442001880375,7.380460627611238,1,0
33.17001431439388,-1.0569470669987575,2,0
-9.386241983191361,3.7736630121414443,1,0
89.3394389868537,-1.263849137069879,0,0
-9.770427704243682,0.1227877674219553,1,0
15.324774145132814,-1.7095677245119278,2,0
-9.73995654458146,3.68261998424592,1,0
-9.68063762724287,11.209453443784927,1,0
-9.601528648977194,-1.7009910861706108,1,0
-9.243514676852381,-1.7317443949072397,1,0
-9.68590053383449,-1.4230184345323977,1,0
18.975854303378707,-0.9933700575825541,2,0
-9.785529374722916,-1.7209541386785618,1,0
-9.75569643446161,5.722074613541926,1,0
-9.718489299924164,-1.5228408867816752,1,0
-6.744087609845875,0.4738595085100197,1,0
-9.785536539336261,-1.7148267902142176,1,0
-9.756481103260676,1.5965791133752973,1,0
-9.747124511843728,2.9148966237172784,1,0
-9.003011522788212,-1.7469789279179488,1,0
-9.785539052460587,-1.712677506264646,1,0
-9.774088359793774,0.3930679399560706,1,0
-9.75152999685014,-0.460952765715415,1,0
-9.195786241674671,-1.5055664331519423,1,0
-5.28169215588054,3.061166655661424,1,0
-9.41168094117899,-1.4478388486317737,1,0
-7.037317296368961,-1.459475547873117,1,0
-9.780326217986726,-0.9632284805809403,1,0
-7.5087207765972455,9.72261623401861,1,0
-9.782799215383537,-1.390728058844204,1,0
-9.780818864037586,-1.1559630880231173,1,0
-9.768122104508826,0.5843440941413616,1,0
-9.042378655942418,-1.131884813044039,1,0
-9.77774674573746,-0.37037439186091614,1,0
-9.586115332296863,20.936142709455943,1,0
-9.705044672249004,3.748368465371782,1,0
-9.78560401170892,-1.657122805502252,1,0
-8.725860462750768,-0.6360357596590469,1,0
-9.363563072071521,-1.731382622048722,1,0
-7.3605221206638785,-1.7397523797435746,1,0
-9.743544416408742,-1.7341852796358268,1,0
-9.784831637555362,-1.5498535392359205,1,0
-9.773438311632635,0.6829983572722043,1,0
-8.585390967922367,-1.7312991792809798,1,0
17.45003728843711,-0.5460331705292851,2,0
-8.018656874237521,-1.7328411223982612,1,0
-9.762075023787279,1.3368323302026854,1,0
-9.785586664577604,-1.6719584865486459,1,0
-8.020486572935523,-1.5220006039893252,1,0
-9.239932750720957,-1.119070132985924,1,0
-8.565276968877818,-1.7406241556590711,1,0
-9.669783627245364,-1.7230440675837584,1,0
-7.14781665056294,1.624477562440232,1,0
-8.992639793594885,0.48691045347090034,1,0
-9.781883542381255,-1.6988695006967103,1,0
-9.785527988854591,-1.7221393663725075,1,0
-9.775667152637773,-0.6140693545192516,1,0
-9.755783296364172,2.022591867361498,1,0
-7.8254148263474805,-1.6708746816135327,1,0
-9.780699597291497,-0.6477810443727983,1,0
-9.722044826253565,0.5413918353308527,1,0
-9.2900863492918,-0.9984658034085954,1,0
60.06564106411598,-0.46653008152120923,3,0
-9.159028956818307,-1.745584217045803,1,0
-9.785514130905694,-1.7339910152733446,1,0
-8.799685667471044,-1.5079587332408708,1,0
-9.024566061996659,-1.7346081947723948,1,0
-9.7845780077571,-0.8877370004406832,1,0
-9.469348965144789,0.5294431976981804,1,0
21.55504499332029,0.016101311104437244,2,0
36.116558253301235,-1.0572472364165426,2,0
25.120597488895253,-1.376616298833113,2,0
19.730057155389947,-1.8258446266392268,2,0
-9.696490877208978,-1.7277229569564154,1,0
-7.488029681948829,-1.7535806627991135,1,0
-9.360453791972926,12.566601966640487,1,0
-9.472259816156006,-0.8339610210143777,1,0
-7.6628945634080505,-1.7129369411462103,1,0
-9.785514500405746,-1.733675010003414,1,0
-9.778607387193713,-0.13514891903215953,1,0
-9.755850742142936,2.1192140866707727,1,0
-9.634841017141758,-0.1323832697803764,1,0
-9.624841250059308,-1.702809759468702,1,0
-9.776845393981993,-1.7245736213815284,1,0
-9.775323035033196,-0.454373338395184,1,0
-6.9787075699782175,-1.7507395086513222,1,0
-8.933229337505775,-1.7250814458373371,1,0
-9.773465891380456,0.7236873216855662,1,0
-9.75991350719936,1.1763259012291343,1,0
-9.779884847110118,-0.5075606348475513,1,0
-9.640714729293899,23.19759975069812,1,0
-9.785514187411396,-1.7339426902476427,1,0
-7.3476052984972355,-1.7555382313323589,1,0
-4.246316902432997,-1.785279188463584,1,0
-9.692943818375795,-1.734477084022966,1,0
-8.783296518003397,-1.3920818856761739,1,0
-9.72665726084641,5.243335474282481,1,0
-9.480205621460021,-0.16120404081501483,1,0
250.70068957051558,-3.4239992002508037,4,0
-9.775902760217756,-0.5315110013202587,1,0
-9.683404766338798,10.149465749730396,1,0
-9.773880061686548,-1.2590423006595337,1,0
284.4203287776275,-3.2263073610851487,4,0
-7.65006619431231,-1.5812941586399551,1,0
-9.668222087827608,-1.7457701790146896,1,0
-9.785560473897112,-1.6943573820847364,1,0
-9.003657089701004,-0.37809264842418333,1,0
-9.563991604023265,-1.7044404428961502,1,0
-8.980893893372826,10.878254829536864,1,0
-8.669793460417736,-1.076590939750658,1,0
6.517104648224887,-1.6962074566182699,2,0
-9.785528579872077,-1.7216339141015724,1,0
-8.876387662368895,4.163207725489924,1,0
-9.750710344570432,2.358148153557919,1,0
-9.785501153747113,-1.7450893912586212,1,0
-9.76115808311637,1.4344034640058396,1,0
-9.704901350477535,-1.5186236949236989,1,0
-9.69216310671333,9.132476096968439,1,0
-9.45883152033362,-1.7463564677877397,1,0
-9.785558347857684,-1.6961756217855322,1,0
-9.67517491426456,11.719692114660877,1,0
-9.756207859655454,1.9303605146557055,1,0
-7.390476802752602,-0.41176143557598344,1,0
-9.627676373344116,6.0820427251295195,1,0
-9.785556208242596,-1.6980054717137887,1,0
-8.222551470268792,-1.1534517326213787,1,0
-9.782342297752553,-1.266488528907384,1,0
73.8796399126033,1.2306284257170441,3,0
-9.750904171133762,2.47280611569797,1,0
-7.3046230690956495,-1.0364626644237191,1,0
-9.730759959353202,4.5605138316910185,1,0
-9.783473457002131,-1.5139679690941115,1,0
-9.677525337349898,10.838064649971656,1,0
-9.333076160620292,-0.307397500616746,1,0
-9.694599390336657,8.688748433848065,1,0
-9.623646462090939,1.762804552975437,1,0
-9.775566329940627,-0.7337098715686999,1,0
-9.77825687498406,-0.7719004038988958,1,0
-6.421233881214432,-1.4064704134134738,1,0
-9.782417364511637,-1.7340307872013545,1,0
85.97612850605006,-2.2174214999472275,0,0
-9.563170850588643,-1.6743879907984454,1,0
-9.766636130117007,0.7552032003820459,1,0
-9.766936847643812,0.8588583788525828,1,0
-9.439037200348666,-1.747452188040862,1,0
2.059545109336945,-1.2437271414595943,1,0
-9.770523970933876,-1.7194342234666513,1,0
13.40276417170356,-1.5163673796538495,2,0
12.192934176564926,-0.25800788060681756,2,0
-9.675444410561724,-1.7327357940403338,1,0
53.568537787631556,-1.7415484543859612,3,0
-8.793966963251533,-0.07113929913275086,1,0
-9.47820049598202,6.840670950857603,1,0
-9.697161973813056,-1.364887478442608,1,0
-9.401312031214767,-0.12521932343957287,1,0
-9.321365483484103,-1.742917327185536,1,0
-9.785514535873146,-1.7336446774354723,1,0
84.38324176202417,-1.8144577859871807,0,0
-9.783209017601573,-1.1312164351625893,1,0
-9.776806604288861,-1.732282216383565,1,0
-9.784132612565905,-1.3810760498225378,1,0
-8.066137743394458,-1.743203314743944,1,0
39.84370885049849,-1.0437716164111301,3,0
18.932425760837912,-1.4731116890786513,2,0
-9.785519810195124,-1.7291339513009063,1,0
-9.779277904798327,-0.45640421510285323,1,0
-9.674908156711236,-1.7381331576474064,1,0
-7.980877054898441,-1.7470548578548777,1,0
-9.769336466512948,0.35450260669641076,1,0
5.841974606475775,1.701881235885399,2,0
-9.783034534054192,-1.3336555671620962,1,0
-9.78557858201951,-1.6788708832879162,1,0
-9.785504085811498,-1.7425818197633816,1,0
-9.781162150545592,-1.7379781151128206,1,0
-9.785521560542094,-1.7276370127632688,1,0
-9.548486320699945,-1.369080346127702,1,0
-9.731261985850498,-0.7181832420786216,1,0
-9.747369942554247,2.8287416593896806,1,0
-9.37941141472074,-1.6743036664517006,1,0
-9.78554740958836,-1.705530290977585,1,0
-9.777221372811656,-1.6961877890173769,1,0
-9.74733849265484,2.821928294380311,1,0
-9.529779624432662,2.778735048895344,1,0
-9.675148318457351,11.146261575875933,1,0
-6.614292264929695,-0.22249225252333438,1,0
-7.7145717775934735,4.6439965403472705,1,0
-7.947207191580747,-1.7565652088187582,1,0
-9.784490819448848,-1.7178667177521443,1,0
-6.450744877281696,-0.9601700899288879,1,0
-9.770411027564673,0.505372695285818,1,0
-9.284930039500539,-1.5853163678655835,1,0
-9.785539904174382,-1.7119491002836318,1,0
120.34506602763608,0.8578989252164573,0,0
24.384092457335033,-1.1951228838763304,2,0
-9.78553735032308,-1.7141332149155852,1,0
-9.69570018675759,8.362959663047992,1,0
166.37128319500928,-2.556799176114913,0,0
-9.726518173156752,5.4051434053451235,1,0
-7.830798399008575,-1.7473640478505463,1,0
-8.01504354535048,-1.2757720054153372,1,0
68.2802985936339,-1.6788814814371424,3,0
-8.90459479313036,-1.340257463722192,1,0
-9.785510419550876,-1.7371650545624586,1,0
-9.784460224882734,-1.6181779222045323,1,0
-9.785506922687492,-1.7401556556525,1,0
41.98856394320734,-1.133517771383182,3,0
-9.422082252661726,-1.7351615790891572,1,0
96.90494916701813,-0.973246931823196,0,0
-8.360777205611315,-1.2092556046953944,1,0
-7.150737846107784,-1.7212330211442581,1,0
-9.785515739323522,-1.7326154579295232,1,0
-9.715370264440185,-1.7455797982089156,1,0
-6.134923773750117,0.11261184251103873,1,0
-9.785512318317108,-1.7355411843275261,1,0
-9.785510332063298,-1.7372398760283154,1,0
3.0004132942919917,-1.1755544475069044,1,0
-9.781149648399595,-0.872245663259375,1,0
-9.776910001324508,-0.47788708856612894,1,0
-9.621126759808668,-0.06990210692614918,1,0
-9.784131677914727,-1.7003308532665176,1,0
-9.782535968927748,-1.081486139275034,1,0
-9.62745406946104,-0.9372588895275493,1,0
-9.23875098219184,0.5246259299772422,1,0
-2.734593720395785,-1.7906856068042705,1,0
-9.772057086578815,0.7459688848536103,1,0
-8.483969430843795,0.2063901985957759,1,0
-9.78560523873807,-1.656073420864398,1,0
-9.785503071844767,-1.743448988331369,1,0
-9.72030954677291,0.7203163714169003,1,0
-9.717382167325594,-1.6581316798703898,1,0
6.410417120634612,15.085661471756655,2,0
-9.780485540572288,-1.737296071932048,1,0
-9.785530633190433,-1.7198778671981676,1,0
-9.779156903756078,-1.0617844957693188,1,0
-9.78555203910625,-1.7015710166993605,1,0
-8.741702824346238,-1.3236983654638435,1,0
-9.785504848191902,-1.7419298138317825,1,0
-9.02309229616348,1.5000452317276527,1,0
-9.587502773599233,-1.7333297715338507,1,0
-8.838316819837996,2.96475929497897,1,0
-9.755915004207827,-1.7226158138282472,1,0
-9.777646585808034,-0.5344656714447108,1,0
-7.210527027443302,-1.6123808559268256,1,0
-9.547755249270544,-1.6986339545560833,1,0
-9.543799857140574,-0.23258028661864794,1,0
-1.6921473015457469,-0.934189315076926,1,0
-9.775248885466253,-0.38218169047163575,1,0
-9.142216939106202,-1.7092463407621672,1,0
-9.669137826320851,-1.2444331228165757,1,0
-9.650239321136992,-0.428271842493829,1,0
-9.767335005548047,0.5594476999796825,1,0
-9.785514143092032,-1.7339805932270569,1,0
-9.7387111923704,3.2309276763559627,1,0
1.5838791170288609,0.3509234807175805,1,0
17.33919254497504,0.6402246297284773,2,0
-9.783619300338694,-1.2811220823607925,1,0
-9.633829657048409,-1.3568550600177693,1,0
291.2980169671352,-2.908830485809805,4,0
-9.779335196135488,-0.8490927816674229,1,0
-9.782978383021378,-1.2561804201459528,1,0
-7.976856106155983,-1.7560634987681727,1,0
-9.783294489003055,-1.3479231057663974,1,0
-9.62677096774668,1.2145460139687314,1,0
-9.7729664454769,-1.286497992971133,1,0
-8.999436668774406,-1.499810897064677,1,0
0.9217442616465554,-1.6856190676414176,1,0
-6.95759878908283,-1.7582790665674708,1,0
-9.78554964288343,-1.7036203236902443,1,0
-9.783770806712274,-1.2861812367476644,1,0
-9.785501371493531,-1.7449031693208004,1,0
-4.819668016815283,-1.7781943483918599,1,0
-8.458954548155303,-0.7449257071587263,1,0
-9.785504623201163,-1.742122231285719,1,0
-3.7225777185224294,-1.782191610651449,1,0
-9.781294584857543,-1.234729129999121,1,0
-9.28329768067152,-1.63676069512012,1,0
-9.767685043297254,1.4713547549671948,1,0
-9.323267004874449,-1.7021832506349721,1,0
-9.771646961380437,1.0523513515038023,1,0
-9.775039388308253,-0.49491576655452607,1,0
-9.785510640453039,-1.7369761337559737,1,0
86.14868993697509,0.8805689267772294,0,0
-9.785517791510573,-1.7308603785450734,1,0
-9.778820386152878,-1.0880358058666613,1,0
-8.285525751827564,-1.7035411161316982,1,0
-9.785533818468636,-1.7171537411971656,1,0
-9.382775403460533,1.7443981203320735,1,0
-9.778653722214447,-0.8109491248261022,1,0
47.21377559544433,13.956057831906346,3,0
-9.785518630859405,-1.7301425473764978,1,0
39.66884899635437,-1.0237969131461193,3,0
-9.04972964439142,-1.6282561864989424,1,0
-9.384896130301383,6.445582989951723,1,0
-7.50328999799828,-1.0613727761916782,1,1
-8.373809893608026,-1.1918290026399168,1,0
-9.785590896570838,-1.6683391848520106,1,0
-9.552437399649525,-1.686391859795831,1,0
-7.793176442947662,-0.5551629567207917,1,0
-9.742192696942181,-1.6009647386708397,1,0
-9.6902767319591,9.121299020383336,1,0
-9.608553502168471,2.9855549671318036,1,0
-9.782284068106103,-1.2320394800259757,1,0
-9.195531412143655,-1.4333634289008963,1,0
-7.696178937315437,-1.755640159157585,1,0
-9.706149106936879,7.688926882768125,1,0
6.402305467826277,-0.2617147257172199,2,0
-9.785507770213474,-1.739430831189021,1,0
114.0164830595588,-2.1976206352955034,0,0
-9.76462854572108,2.9555304464355805,1,0
-8.238582940011794,30.881654210592067,1,0
1.492993999068272,-1.692107163788578,1,0
124.73144223275946,-1.322627567936937,0,0
-9.784616747173736,-1.5665494851023414,1,0
-9.213460036820651,-0.9448079098022915,1,0
29.014780165488286,1.5836858154334639,2,0
-8.850134810029559,-1.6072766708990645,1,0
-7.88592195096407,-1.7370922382274394,1,0
71.89653091651871,2.2265390432725995,3,0
-8.74160399337928,-1.7492018127065465,1,0
-9.622134822552626,-1.7404934926909383,1,0
-9.618446732238363,-0.9257438352915756,1,0
-9.370401165204065,-1.6771130103110865,1,0
-9.774217931188607,-0.042546392991012594,1,0
-8.58336813398986,-1.7289660987631614,1,0
46.37302153072761,10.172582921702272,3,0
-9.530077923796377,-1.7200248372611742,1,0
-9.756937788548676,1.615872186564915,1,0
-9.776075505140984,-0.6040120243107878,1,0
-8.87798547418022,-0.49988642049731746,1,0
-9.785527732961366,-1.7223582123705319,1,0
-9.785514673793104,-1.7335267249930408,1,0
81.17380383657118,-1.8015942239094318,3,0
-5.707854621269773,-1.7710941501549735,1,0
-9.783425215145714,-1.2356593334540766,1,0
206.74927424714878,-2.45037839936057,4,0
-9.785512783005549,-1.7351437716732376,1,0
-9.77640298512768,-0.40908245444490565,1,0
-9.440941304105039,-1.402180860523297,1,0
-9.778767103088706,-0.9295393451909828,1,0
-9.487061373495127,1.1432998805371088,1,0
-9.276180420681262,-1.7156108042292213,1,0
-9.781425321980203,-1.2691422356054416,1,0
-9.7691439145498,0.23562912022982463,1,0
-9.598328245884392,-1.7434248114900273,1,0
-9.459239302044882,-1.7430941201917465,1,0
-9.785515920034591,-1.7324609095069676,1,0
-9.039953743311276,-0.5295516954803711,1,0
136.40753927243463,1.4907911276414354,0,0
-9.771799621132553,-0.022122682091489265,1,0
-9.778472195996946,-0.6204245939432869,1,0
-9.683687487465729,-1.7362359651025694,1,0
-9.782344781590231,0.8319735413637535,1,0
-9.784173928114088,-1.7342269855718087,1,0
-9.779399160810065,-1.7305450607022372,1,0
-9.70315479410794,-0.48663257986310493,1,0
-2.6676299931068383,-1.7852381156398338,1,0
16.108514180943363,0.9790576681027128,2,0
-9.764632992420658,2.6877223089951663,1,0
-8.51831117131027,-1.3023564629620545,1,0
-9.78550262894883,-1.7438277635152606,1,0
-9.784013608900116,-1.5462701848326448,1,0
160.9275792584137,-0.9320559607189098,0,0
-7.963000817851084,2.846476980315443,1,0
-8.739756831983495,-1.2414971338541596,1,0
-9.784673117130927,-1.5664146187735417,1,0
-9.325484569362757,-1.7192008012830535,1,0
-9.781617564726702,-1.142674100716203,1,0
-9.778910799127656,-0.1689553251744602,1,0
-9.706662755539043,-1.1778167216087245,1,0
-2.021130838050234,0.15273383667077733,1,0
-9.773069820833497,0.25404459097756305,1,0
106.02852817067047,-2.282561109413231,0,0
-4.544901922121204,-1.088387021559189,1,0
-9.755628963158031,2.2398161541281,1,0
0.4351014134949942,-1.3133216277414366,1,0
28.503378175554605,-1.6626868543101117,2,0
-9.70802622054606,-0.8913914458581934,1,0
-9.736753005381873,4.483220240288553,1,0
-9.609029276110421,-1.6504678666039831,1,0
-9.755965461488838,-1.7304313856744975,1,0
-9.7680215497861,-1.7332139246353317,1,0
-8.647435099507788,-1.1536435548782882,1,0
12.390538390921712,-0.5071898494720906,2,0
-6.820475676442676,-1.7361352018207172,1,0
-8.13011844914826,-1.6931724394462475,1,0
175.4277229938134,-2.7198466240097696,4,0
-9.785697972989912,-1.576764873678433,1,0
-9.785501443758111,-1.7448413669257947,1,0
-8.629917694460964,-1.7408559659297893,1,0
-9.07328771562409,-1.7379060402462274,1,0
-9.403529805747963,-1.0359950506988354,1,0
-6.342268984676435,-1.7671693117042586,1,0
-9.775073937398687,0.670237018665508,1,0
-9.778677436349312,-0.08482102579681938,1,0
-9.710409358685988,-1.2343675001086107,1,0
-9.668891066807522,-0.8265827783324448,1,0
-9.712936475341259,-1.688085822122486,1,0
-8.943661210385073,-1.5017912139893106,1,0
-9.626081160844356,-0.4673231619482504,1,0
-5.322070533976339,-1.7606327255425476,1,0
-9.767935194880737,0.9965948996369924,1,0
-9.622529372416244,-0.1061287899940293,1,0
-7.937950563920365,-1.2350000403334764,1,0
22.277426060826194,-1.1442567408011253,2,0
-9.766045545216244,0.671753144173787,1,0
-5.917854590252812,-1.7707982585087374,1,0
-9.785529176724715,-1.7211234714697112,1,0
-9.536364868308114,26.868034833499895,1,0
-9.775165734045299,-0.3229418440467089,1,0
-9.781559863256954,-1.0972697375451235,1,0
97.01115398947903,4.273718780468781,0,0
-9.785521093948297,-1.728036054923166,1,0
-4.311680543142782,-1.7853882938923598,1,0
-9.74276873668276,4.05023808890814,1,0
-9.775782012592261,-1.685421214129513,1,0
-9.785501095256667,-1.7451394136859988,1,0
-6.2901108051446,-1.7628517980311553,1,0
-9.781914449688454,-1.3229933016213746,1,0
-9.037538303252964,-0.5193957883255137,1,0
-7.536199206887153,-1.7501406681669163,1,0
-9.77442864084388,-1.72238486788927,1,0
-8.757385512133434,-1.7453736156612734,1,0
-9.758679011753001,1.7396697509123542,1,0
-8.772584940462632,-1.713426159450663,1,0
-9.596032314248447,20.737028840173135,1,0
-9.772732722812407,-0.18996114477916937,1,0
-9.63346372932109,-1.631622715056487,1,0
-9.54707809723863,-1.3666710262430362,1,0
-9.47004051645106,-1.7344938843837037,1,0
-8.370324921027548,1.8270988217426622,1,0
-9.549429627750026,-1.74063991310496,1,0
-2.762256667498983,17.481804987566793,1,0
8.027314707197178,1.8925883995816863,2,0
-7.112149734530691,-1.7519485080240718,1,0
-9.780958192100517,-1.7341513094471956,1,0
-0.8468630130344597,-1.4569388457371206,1,0
-9.650317631828896,1.1976461400909741,1,0
-9.785512394372551,-1.7354761398953205,1,0
-7.989118656908987,6.7497972486143984,1,0
-8.921216781629008,-1.738441315024986,1,0
-9.785524326602372,-1.7252714119441694,1,0
-9.754390197897578,2.302572965105108,1,0
-0.2199290953855364,-0.17614216682528538,1,0
-9.63343988980955,-0.74102653979254,1,0
-9.783141797971782,-1.3026950749696682,1,0
-9.77306773221503,0.9942291670188368,1,0
-9.78550284606013,-1.743642084745976,1,0
-9.76096231203436,1.1905193637498113,1,0
-4.2756216187843705,-1.7713368764842214,1,0
-9.692915583249665,10.761712650571546,1,0
-9.785507979683505,-1.7392516874161872,1,0
45.44185436682886,-1.3709683755471818,3,0
-9.785505394651853,-1.7414624682284627,1,0
-9.765486423530648,0.2970645979749984,1,0
37.965432565657906,0.22800931032860428,3,0
59.091138082468845,5.756704097360325,3,0
-9.737438551673064,3.792651581016492,1,0
-9.652525904563447,-1.6492235732420153,1,0
-9.78551300861156,-1.7349508280247818,1,0
-9.785518868671598,-1.7299391647077376,1,0
-9.170961989288386,-0.9853308941058665,1,0
-9.724287508592457,-0.9999488439085147,1,1
-5.034624049626952,-1.7735834955336605,1,0
-9.783919243449843,-1.348027953559305,1,0
-9.780245172399745,-0.8396385941092125,1,0
24.37424840025317,-1.4549513787743638,2,0
-9.35072735718201,-1.7150715138320505,1,0
-9.69101825539232,-1.5455673934192855,1,0
-4.26943307676564,-1.7634627407326056,1,0
-9.626242870452572,-1.683980470947,1,0
-9.782972927209657,-1.2701676569668232,1,0
-9.745479102880834,3.9982448692139743,1,0
-8.508841694000022,-1.3863534868574998,1,0
-9.261465845439858,-1.7477457426574008,1,0
16.129871398949454,2.9763291216387833,2,0
-8.057093334508682,-1.7296792578621258,1,0
-7.509319305379747,3.5293584684824006,1,0
-9.670139352466402,2.9562731419424644,1,0
-8.08754524842454,-1.6755350583465844,1,0
-9.772311896209658,-0.0866372890104905,1,0
-7.394921734505889,0.6140201537548555,1,0
-7.4323295970174446,-1.7570920592374428,1,0
-8.755315608772941,-1.391020843347871,1,0
61.198973327083905,-0.9858776123644577,3,0
-9.374648609058674,-1.0508096200409813,1,0
58.4364265761934,-0.3892992779694471,3,0
-9.271295454692057,-1.7224742317416775,1,0
-9.773676146719461,-0.16089670784350618,1,0
-1.449798426851352,-1.7869896615608245,1,0
-9.767822241867945,1.2948762790148352,1,0
-9.63501538708742,-1.2376699948159453,1,0
-9.784657572826713,-1.5263925751975493,1,0
-9.58197799597861,-1.1104397050000463,1,0
-9.665555120437894,-0.5516012751891128,1,0
-9.77276077238051,0.2426937586256659,1,0
-8.86680730980152,-1.6925884802127884,1,0
-8.09341562369027,-1.1750172039750784,1,0
-5.934683157990835,-1.1866178726764658,1,0
-9.773433474366898,-0.35973294324824123,1,0
-9.54676262146432,0.5359573161726294,1,0
-9.513856564077564,3.198749438142525,1,0
-9.542371695552257,-1.7454397307994474,1,0
-9.757369642639079,1.5501602340121496,1,0
36.13026735225195,-0.9862196121163853,2,0
-9.785563546203607,-1.6917298721871048,1,0
-7.161079259319537,-0.3343135883910411,1,0
-9.77942351060979,-0.2949326463753239,1,0
-9.342429508810158,-1.7306740415114144,1,0
-9.77438031241572,0.20707977356258267,1,0
13.660103210793363,-1.2687595577218778,2,0
-9.748151164806881,-1.7287693235658277,1,0
-6.698678120190191,-1.763438813196129,1,0
124.18043051843316,-2.2654440514594425,0,0
-8.456082452038999,-1.1169976801764876,1,0
-8.111187775568544,-1.234215394332051,1,0
-9.63943654161236,-0.3056918004964033,1,0
-7.392739469823668,-1.2438058071852016,1,0
-9.782854316471582,-1.0356308663015188,1,0
-9.6991655258239,-0.19468167478593768,1,0
-9.631451607907639,-1.4552672304261214,1,0
-8.791513000727155,-1.745645158777199,1,0
-9.558882012296491,-0.9875251703417354,1,0
-9.616331264029354,-1.7196114534952682,1,0
-9.691717513032232,-1.7358383258328782,1,0
-9.747317760725139,-1.5555887424582744,1,0
-9.771939593219715,-1.7292472989138066,1,0
-9.447159356192309,-1.7414461023829828,1,0
-9.785511625998216,-1.7361332719799796,1,0
-9.61451261944743,-0.9750849652975209,1,0
-9.70424653759534,-1.6839399128603363,1,0
-4.490584268776437,-1.7839615925420789,1,0
227.39251381982191,4.65877773435108,4,0
-0.44086620281375843,-1.776028025803397,1,0
-5.086145428989577,-1.7545087528449166,1,0
-9.113132033915315,-1.6981088840570977,1,0
-9.777454229847768,-0.2920124744304089,1,0
-9.534692989135815,-0.8677971784355896,1,0
-9.64168262107964,-1.0652008324613427,1,0
-9.785508122088986,-1.739129898845969,1,0
-9.692319286418844,-1.6841022842981308,1,0
-9.78536914123087,-1.7115643051360945,1,0
3.2395172701241535,0.6508769913753931,1,0
-6.007036656107757,-1.7348131190603915,1,0
-9.78257271768992,-1.189056926647396,1,0
-9.785533782802762,-1.7171842435052747,1,0
-9.785551454876593,-1.7020706638565652,1,0
-9.402302526734791,-0.893219463619368,1,0
-9.777158805930467,-1.0569275734197305,1,0
-9.760959286599608,1.227988435449603,1,0
-9.780435121953518,-1.190062005057031,1,0
-9.400283341128443,-1.4464734515192976,1,0
-9.779573053292525,-1.702788122309727,1,0
-8.168893787876248,-1.7478578489787906,1,0
-9.555537006631901,-1.7165199783280862,1,0
-9.342486924517749,-1.738404485843537,1,0
-9.766238471920914,-0.023738580125151287,1,0
75.44433131344005,3.5777496241011546,3,0
-8.931849427997275,-1.7508752029093062,1,0
-9.773341108415524,-0.1157297426378372,1,0
29.85272454383281,-1.6553541259652569,2,0
295.3539382069868,-3.948491592735049,4,0
-9.776281399963729,-0.5369617277739842,1,0
3.085552284646951,-1.7632871182007774,1,0
-9.785527896841794,-1.7222180579141844,1,0
-9.785613537613566,-1.6489760243165132,1,0
-8.389425975922222,-1.733912903705741,1,0
79.3020929783661,-2.048251377350583,3,0
-9.782932026462344,-1.2040229660115889,1,0
21.027505059269913,-1.5628161139460208,2,0
-9.74454039903255,3.983171403105346,1,0
-9.245204568996373,-1.6235287323542646,1,0
-9.51614276512965,-1.5248009425024538,1,0
-8.919847627389098,-1.4015193901614815,1,0
-9.737046174333395,0.820285718990525,1,0
-9.37366537548533,-1.7244532448206147,1,0
-9.240454996114025,-1.7349141079140153,1,0
-9.777150369917297,-0.5620179076593587,1,0
-8.652526087508678,37.77846104352076,1,0
-9.533839659420156,0.03303201537257272,1,0
-4.972197694683355,-0.7984391527192123,1,0
-9.78035890305116,-0.38135197936666243,1,0
-9.673825338626509,-1.5010585698827283,1,0
-9.762282375177012,0.5361790380812965,1,0
-9.785511654856414,-1.7361085917596175,1,0
-9.780798566282192,-1.7051428210131565,1,0
-9.274652870545713,-1.500376336633093,1,0
-9.775715593338171,-0.38100123321345003,1,0
-1.7972161564270364,-1.6594260429052445,1,0
-9.561466655811302,-1.491973797777497,1,0
-9.775391907752635,-0.24105088320940404,1,0
16.337216147555278,-1.6310404515472359,2,0
-9.766531804761874,-1.2112702482831503,1,0
-9.007164453530098,1.5837395890510884,1,0
-9.594511158730848,-1.7300634881674801,1,0
-9.568718560423838,-1.7393176186308676,1,0
-9.741384445118763,-1.722479092145468,1,0
-9.73292560149924,4.632285829033288,1,0
-9.785598395673325,-1.6619257732832917,1,0
-9.56193728236646,-1.2646003078264805,1,0
-9.15650518130857,1.5438942395408413,1,0
-9.782924415435946,-1.270108129004448,1,0
-9.761606691574451,1.5311713799259996,1,0
-9.22715864780312,-1.7397480224973736,1,0
-9.648803043650172,-0.43838695227739255,1,0
-9.776427683493731,0.006911624048914433,1,0
19.62279173720325,-1.4956846005062627,2,0
-9.771280377433154,1.4317689774954379,1,0
-9.526069738103727,-1.6216272087542398,1,0
-8.721461132266633,-1.6019246563098075,1,0
-9.630650083033695,16.531033842794223,1,0
-9.675438697099793,3.751181372563561,1,0
-9.272288367850825,-1.121830158106321,1,0
-9.701067134129916,12.80925433639101,1,0
-5.198956631635571,-1.778761845271187,1,0
-9.783925244237496,-1.7431851601511523,1,0
-9.764928975364787,-1.7360349406160165,1,0
-9.785582211404343,-1.675766946688001,1,0
-8.288249542923364,-1.741144406614779,1,0
-7.756619909656853,-1.447595451102674,1,0
-9.593975233763999,-0.869740278039701,1,0
-9.579775459421958,-1.7326219323397982,1,0
-9.63567912993,-0.6705695031719521,1,0
-9.779398880545184,-1.5760603311911405,1,0
-9.769780171261237,0.4333102309510415,1,0
-9.564386807333033,-1.7314728572895048,1,0
-8.725811108902146,-1.7430940212301542,1,0
97.85392833656229,-1.6961814759934375,0,0
-9.779658557211084,-0.8314546780211519,1,0
-9.55318104522447,2.697417037029748,1,0
28.085325586590738,-0.826871287650988,2,0
-9.78551625198326,-1.7321770190767376,1,0
-9.669361078342193,-1.7403315291619506,1,0
-9.782751386719298,-1.2670829349896884,1,0
-9.743303189905843,8.132626392536746,1,0
-9.784632279783096,-1.6541833344735,1,0
-7.223864097758971,22.60281742266386,1,0
-9.068474770694243,-1.0288128126653242,1,0
-9.591825593711377,20.65038808686927,1,0
-9.553024974032567,-0.8641303015688323,1,0
16.327069426758126,0.11424580065294032,2,0
-9.042363650018828,2.2677326630092156,1,0
-9.742031499887554,-1.1345599992051028,1,0
-0.3550992901558203,-1.4141309868626133,1,0
-4.1895933004929296,-1.5772409746300444,1,0
-9.57118608125971,-1.6973808808168107,1,0
10.312052545930065,-0.9652430877748541,2,0
-9.751384171013546,-0.37226266816693165,1,0
-7.358821979437451,-1.707983507599469,1,0
-9.785513195753204,-1.7347907800207973,1,0
-9.76220707674427,1.2385811774606976,1,0
2.9670500518015626,-1.280893545579094,1,0
-9.776607529184732,0.3661483687111464,1,0
-9.767847903683808,0.3902157209878925,1,0
-8.337825157656276,-0.83874403115024,1,0
-5.65703843049215,-1.7480128988127759,1,0
-9.237770734944613,13.460779566104883,1,0
-9.725824216632391,5.149909517505081,1,0
-8.586926251320161,-1.7440444601391079,1,0
-9.779598867331146,-0.8850811300745346,1,0
-9.490844162481638,-1.6794793018328629,1,0
1.4971169310475911,-1.5649839258277582,1,0
-9.785577580358199,-1.6797275279655155,1,0
-9.78550255231781,-1.7438933001939523,1,0
-9.651207859926298,27.666595457031445,1,0
-6.521735271558484,-1.6566366485691881,1,0
-8.31652184695278,-1.7529662473527445,1,0
-9.785505806188812,-1.7411105119910446,1,0
-9.781911632502181,-1.028183199120685,1,0
-9.758681049950944,-1.6515532317021973,1,0
-9.601454085474968,2.3748304157901985,1,0
-9.597073411251689,-0.6611170675741596,1,0
6.880822090552602,-0.9167248176322398,2,0
-9.747496642101929,-1.6073366126046493,1,0
-9.695006268342816,-1.6603713956278314,1,0
-9.774622160602988,-0.7402325525902013,1,0
-9.673200295918551,0.27320077339168924,1,0
28.898390718203206,6.377037385963886,2,0
-9.760725263077841,1.5037135823120145,1,0
-9.784018717453748,-1.46981892428641,1,0
-9.782883618108867,-1.3248478545407072,1,0
-9.694310939828348,-0.16158070326445584,1,0
-9.781642287525061,-1.741164254471824,1,0
43.26248072190853,-0.7608543244834796,3,0
-9.7505499777878,-1.73356828946206,1,0
-9.764700468813146,1.004115444163217,1,0
-9.636500419113553,-1.5320243380134488,1,0
-9.599636852855964,-1.7456548208299103,1,0
-9.219107337207802,-1.7395828310789936,1,0
-9.279911288238027,-1.2215772600378223,1,0
-4.92003728139574,-0.7299481345113772,1,0
3.2933990927696204,1.267148046747593,1,0
-9.40955577462146,-0.8816776161112059,1,0
-9.599395250815197,-0.36121808847563064,1,0
-8.409392985692769,-1.7285010820367552,1,0
-9.785517797663285,-1.7308551165998793,1,0
-9.70808202178874,-0.8748446602371289,1,0
36.56602997515584,-0.8271918508470677,2,0
-9.785556641949162,-1.6976345554996548,1,0
-9.785536524331587,-1.7148396225708846,1,0
-9.774975886498986,0.4642311924659528,1,0
-9.771564954668012,0.6729951274443886,1,0
-9.730092361719194,-1.728398520058712,1,0
-9.640471041558166,-1.7317040944368531,1,0
-8.88570394127943,-1.671248012130218,1,0
-6.3450993045923285,-1.7475804401219104,1,0
101.26302882542034,-1.7741832417122025,0,0
-9.785567438368732,-1.6884011996053512,1,0
-8.927617314619997,-1.7335274332119566,1,0
-9.785576919318896,-1.680292864567563,1,0
-9.282566362234991,-1.683143778718946,1,0
287.81049028805353,-3.406556020776793,4,0
27.569919645398418,-1.8933350050300317,2,0
-9.664908637624807,-1.7124858304812578,1,0
90.60964595702129,0.10103784093246237,0,0
-9.785584876778488,-1.6734874550559005,1,0
-9.767848378857163,0.5736933311704122,1,0
-7.784995335508182,-1.0937761919424265,1,0
-9.633237906467183,-1.3895848599391987,1,0
-9.710466803131386,-0.11281887249313138,1,0
-9.781187885853942,-1.1565014457834304,1,0
-9.7107706210131,-1.7194815386367701,1,0
5.066730976017849,-1.5008884351376623,2,0
-9.78098291385177,-0.6323058268187343,1,0
-8.443328188557484,-1.3029623519271367,1,0
-7.775517070554151,-1.4132167216933729,1,0
49.16080933976947,-1.990316006110474,3,0
93.04884291167092,-0.011299928685523097,0,0
-8.905623610319308,-1.72872030758304,1,0
-9.772103515517566,0.6889497672894325,1,0
-8.841528055812287,-1.5694229100069883,1,0
-9.783868541745042,-1.306352850851394,1,0
-9.774970333650703,0.7670647536153545,1,0
-8.704341917988339,-1.33111410748364,1,0
-8.69185334589729,-1.752941852443173,1,0
-9.77349214452455,0.6242599811215315,1,0
-8.405362906987474,-1.5827650356799516,1,0
-9.706990485145578,1.321185612999619,1,0
-7.610142492329528,-1.6720139222370203,1,0
-5.464538699200447,-1.7646815117378076,1,0
-9.785522951729538,-1.7264472360328327,1,0
-9.772595944447803,0.7175236270298866,1,0
-9.7855048809402,-1.7419018067041365,1,0
-9.5701992866787,5.746054026475643,1,0
-9.785514594562068,-1.7335944852679273,1,0
-9.251138914708015,-1.7294834917114,1,0
-8.896027927004452,-1.3489883908999656,1,0
-9.733197203092029,4.405327035821062,1,0
-2.6033537774469098,-1.3924731908499963,1,0
-9.368816833169904,-1.0526207757379638,1,0
-9.785588027264103,-1.6707930845062702,1,0
89.61129045406615,-1.7251602099061305,0,0
-8.199434955761019,0.36118948768674963,1,0
-9.778475750564363,-0.4204973790121367,1,0
-9.25877365416631,-1.2812949252470849,1,0
-9.763805154969626,0.8155534408888441,1,0
-9.771919488127757,-0.1404747455397053,1,0
-9.782459064143993,-1.3175568614217916,1,0
-9.606038739635082,4.848749109729226,1,0
-9.008755506190697,-1.530681266136102,1,0
-7.938695834123845,0.4156373199929355,1,0
-5.893754507962326,0.5057816358864302,1,0
-9.491242503693162,-1.706608670649076,1,0
45.67026807034135,1.6882040595610186,3,0
-9.78551196001102,-1.7358476162520071,1,0
-8.403773941234835,0.1541898596782978,1,0
-0.15567026071437162,-0.3439451799723874,1,0
-9.70020202787446,-1.7274692224186357,1,0
-2.157998103427654,-1.244545870063022,1,0
153.15933049884433,-2.0927151749638995,0,0
-9.594906649341066,-1.1663680248245967,1,0
-9.774736656808743,0.5224036189799852,1,0
-9.78245147528657,-1.730323714805246,1,0
43.826928378113635,-1.4841488450303164,3,0
-9.76821637254515,0.22874135182403488,1,0
-9.769834324841643,0.666775270041748,1,0
-9.238068392204768,-1.7310552136882833,1,0
-9.754691733345684,4.569910930126323,1,0
-7.562635238802454,-1.6972484304946969,1,0
-8.110001654716516,-1.752281139380231,1,0
-9.780013942471353,-0.8360472598939863,1,0
-9.71088679099889,-1.683793384703684,1,0
-4.662114084996723,-1.2762359449134015,1,0
83.02856986648067,-1.3171840999012538,0,0
-9.325522651150026,-1.6980056852687804,1,0
-9.785526212924252,-1.7236581844177423,1,0
333.26878340595835,-3.580157393481843,4,0
-9.785547186205266,-1.7057213335361643,1,0
-9.748110872737545,-1.7407487154710681,1,0
-9.76995407921609,0.1942887430473197,1,0
79.53270667461065,-0.6269108067633334,3,0
-9.768386651427479,-1.7329199244964042,1,0
-9.558037730587138,-1.6843271658569399,1,0
-8.680113189718357,-1.7108772867631434,1,0
-9.785533110450409,-1.7177592552968723,1,0
-9.273073924912625,-1.5943021748082336,1,0
74.8980857751264,-1.63405787367432,3,0
-9.579291265230841,21.171206836007094,1,0
-9.765988498656489,0.7580126088509678,1,0
1.90384927875448,-1.1727953272265284,1,0
-9.674908822922701,1.3037567838682844,1,0
-8.95993901082612,-1.4651918955317473,1,0
-9.698422212016201,10.843380415708825,1,0
-9.785519119086926,-1.7297250035383376,1,0
211.5057707514017,-2.37761369114725,4,0
-9.73542366348741,5.16946863328112,1,0
-9.125449779156552,-1.7361755544322426,1,0
-9.403927217350562,-1.2197808179597627,1,0
-7.8841038340586405,-1.350970613903201,1,0
-9.077222428550833,-1.1490865620428259,1,0
-9.770871362803478,-0.945129910385831,1,0
-9.541370560400754,0.4188044753026994,1,0
-9.669241015609746,-1.7460205524815073,1,0
-9.26035678780275,-1.6203281988324871,1,0
-9.070498870864705,-1.734965747640388,1,0
-1.499851172275255,-1.5253700816976414,1,0
-9.12849480471596,-1.0392827916954563,1,0
-9.546620751071481,-1.7467881831844587,1,0
50.75765651406759,-1.6352974563738294,3,0
48.6558648551906,-1.8155381680457001,3,0
-9.76919650388447,0.22449619390216724,1,0
-9.778327642988335,-0.715542011592823,1,0
-9.778875294265395,0.015183632588132268,1,0
-9.767736597640209,0.5410228321847355,1,0
-9.784551338099385,-1.5708545705145576,1,0
-9.781183239538693,-0.8646918496226663,1,0
-9.338196492826807,-1.2155141774978868,1,0
-9.775905142920136,-1.7392751984414057,1,0
-8.448693050004831,-1.7226400686367715,1,0
-9.58034836274354,-1.595909659036983,1,0
-9.771657823918002,-0.16605093727199072,1,0
-9.410945771511257,-1.5972689631955355,1,0
-9.24581783130207,-1.7317585921455065,1,0
-9.740166561450732,-1.7135996153493889,1,0
-9.785538822329357,-1.712874319988922,1,0
-8.965149568478013,-0.8381728868939093,1,0
-9.763904701359174,2.548377578041981,1,0
-7.342787299580792,18.800143992447993,1,0
-9.785503210836486,-1.7433301192920327,1,0
-9.785523011768086,-1.7263958896321485,1,0
1.0152243343146754,-0.14447084476666028,1,0
-7.8890270045450315,-1.7500559094822585,1,0
-0.7808504476712699,9.935149218562255,1,0
-9.220927750972903,-1.7473861701846969,1,0
-9.774220523022112,0.02536539403457505,1,0
-9.785575232007439,-1.681735893627986,1,0
26.49292103408884,-1.7356432085369877,2,0
-9.78551173557601,-1.7360395584334745,1,0
-9.78551093699385,-1.736722524971635,1,0
-9.78551169387651,-1.736075220842677,1,0
-9.664082608299358,12.67033859586584,1,0
-9.7763848422322,-0.31411927878903967,1,0
-9.765340717832796,3.5288414416616707,1,0
-8.652017575684841,-1.7417364486727707,1,0
-9.22361357797402,-1.7273597518760124,1,0
-9.435423009971396,-1.5645663507051448,1,0
-7.652604470316263,-1.2830552032770748,1,0
1.758047829582713,9.890365884003149,1,0
103.76003406847448,1.1189411048835516,0,0
-9.672687200485672,12.435648773082626,1,0
-9.779849460250356,-0.7766975085238312,1,0
-3.0451388958687025,-1.584320933197083,1,0
-9.77610905443194,0.047623106978947005,1,0
-8.616720978860442,-1.7498198711597166,1,0
-9.784444032462282,-1.732414789117471,1,0
-9.638495653626693,6.471934652060002,1,0
-9.754406420211524,2.5625888642164933,1,0
-9.195680997127083,1.4395742208668043,1,0
-8.90249130334177,-1.7306900507732415,1,0
-8.332279814566494,0.5693277294868642,1,0
-2.9167491465759863,-1.7874138867349825,1,0
-9.7855968827416,-1.6632196686325038,1,0
62.11392730752867,-0.4865973310715842,3,0
-5.357196548493432,3.197894061122126,1,0
-8.250310541505232,4.143327278102108,1,0
-8.282373331235641,1.813181514468082,1,0
-9.771548020240084,-0.9975022398149541,1,0
-2.635737326842958,-1.7795385108614277,1,0
-9.77626563777856,0.2738838886059063,1,0
-1.7496602482923107,-1.4646642809094612,1,0
-9.751697706702691,2.202249061433862,1,0
-9.776388127710735,-0.25152406295891927,1,0
-9.785512152074833,-1.7356833586918674,1,0
-9.361456624179263,-1.7278386506569334,1,0
-9.782437509415661,-1.7040697455680391,1,0
-9.785517488479647,-1.7311195378328912,1,0
-9.135563420410653,-1.630568899886271,1,0
-9.361949189058551,-1.1148738240414204,1,0
-4.642822001518161,-0.49036362213070794,1,0
-9.752205730330083,2.4960609876940714,1,0
-9.77433456391815,0.6553824501739265,1,0
-9.75951026547162,1.7558218053225576,1,0
-9.62746272444416,-1.6713399514142495,1,0
-8.734810337481619,-1.611207863112832,1,0
21.523761391515755,-0.9615803632045157,2,0
-9.779265881508906,-0.9206936709756204,1,0
-9.56149727518413,-1.1358081032466818,1,0
-8.679584426753953,14.526128810972004,1,0
-9.780642409296142,-1.110146131809143,1,0
-9.341277626333087,-1.741468587803361,1,0
-9.47460934485182,-1.148824483205489,1,0
-8.809904683490497,1.3171533542851264,1,0
-2.6783119110276186,-1.674945849045232,1,0
-9.775037861565908,-1.44210049632109,1,0
-0.3095835022678912,-1.770510479023907,1,0
77.19561487245261,-1.9025277173738426,3,0
-9.718595353685364,13.872774816233363,1,0
-9.629065203564917,-1.636511774888299,1,0
-9.534969989061807,-0.8056283961092341,1,0
15.328000388338634,0.3948586767514599,2,0
-9.59214032712703,-1.6965135542909449,1,0
-9.614645935263436,1.1101570958178604,1,0
-9.60177751403317,-1.6982442819238415,1,0
-8.345382178145725,2.4752570062295716,1,0
10.384118372422833,2.7626212889203643,2,0
30.466312999617276,4.759547195685533,2,0
-9.54560220091107,-0.22569769744685209,1,0
-9.78340825922887,-1.3954628414589842,1,0
-9.751508860095203,-1.7156654647347938,1,0
10.646177173556673,18.61672056998346,2,0
-9.48760628831519,-1.1929141320249739,1,0
-9.743205963496122,-1.4869747213736855,1,0
-9.39080326801154,-0.8790354545995963,1,0
60.46922555451731,-2.054323017768573,3,0
-9.785533653615683,-1.717294727380334,1,0
-9.77006978759634,-1.4470610122443799,1,0
-3.4749662797625023,-1.7881398635386052,1,0
-8.776988648510118,4.8009171941429845,1,0
-7.93512802653402,0.22896156922730015,1,0
-9.734725953264736,-1.4668877466504682,1,0
-2.3197264280443175,-1.3474751316024707,1,0
-9.291889267615405,-1.434733729424638,1,0
-6.529460292225044,-1.7608645337662652,1,0
18.09438554483903,-1.0104867626515557,2,0
-8.168661563737224,-1.3295049062014634,1,0
-9.78550255348881,-1.7438922987269636,1,0
-8.487423862890585,-1.7266350111856015,1,0
-9.752004516890823,5.120235885333555,1,0
-9.698408393197218,1.9004669208570402,1,0
-8.558480932910307,-0.3661502497612694,1,0
-9.388042213052337,-1.224500728830049,1,0
-9.67965960589338,10.820840497852227,1,0
34.21055242410141,7.7947737900984615,2,0
-9.78552391689138,-1.7256218065720461,1,0
-9.783084450171133,-1.4126349310311024,1,0
-8.69413941538927,-1.7524331285179326,1,0
-7.703750420166994,-1.7496598205790417,1,0
-9.782219996883732,-1.3513996127270198,1,0
1.5239451758362073,-1.4822967991737228,1,0
-9.664250036785848,-1.6772393244461798,1,0
2.4860145839520484,-0.8233263415215156,1,0
-8.779118146971065,0.32711987773050555,1,0
-9.304589321915829,-1.7018189817631726,1,0
-9.781904083772917,-1.727358386062583,1,0
-6.599558876416507,-1.713619142473016,1,0
-7.605372193469597,-1.3916637030321095,1,0
41.72544892117317,4.746373769252643,3,0
-9.785515832050827,-1.7325361553232432,1,0
-9.732068672312257,0.042592975518124465,1,0
-7.967189344408018,-1.2653162057915688,1,0
-9.785544602424004,-1.7079310449853842,1,0
-8.95729241419377,-0.19016959187478832,1,0
-9.711837869033085,7.007755146098616,1,0
-8.729651455152585,-1.7237777698960042,1,0
-9.694882162138137,-1.7302038590266258,1,0
-9.766095878693637,0.4931188153313155,1,0
-9.543948029290906,-0.33843834753966173,1,0
-9.774152893813817,-0.1194166492388613,1,0
-9.247424043127692,-1.724185062755779,1,0
-9.337688731071271,-1.0044884478758667,1,0
50.74708837879716,11.482767745638235,3,0
-9.784891245993041,-1.744658890399771,1,0
-9.609543795482391,-0.38853500175899525,1,0
-9.71091448005788,-1.7350082102133744,1,0
-9.236008478467603,-0.338149280762049,1,0
-9.684838651169477,1.649008121090727,1,0
-9.70574250082749,-1.734872840005177,1,0
-5.539145836062606,-1.4785958107282797,1,0
-9.783200899942777,-1.7210003831522729,1,0
-9.785501262927959,-1.744996017192451,1,0
-9.785606368594085,-1.655107141012577,1,0
-7.575606616764373,0.23073457432242694,1,0
-9.785553899785219,-1.699979719602581,1,0
-9.107373357580249,-1.7352339281369087,1,0
-3.5546823806309433,-0.05269022039769955,1,0
-9.622332090132868,-0.5662188554258377,1,0
-9.617163485962447,-0.4197323515742557,1,0
-9.495331975108412,-1.7316848774853981,1,0
-9.639736213375622,-1.2397644535808212,1,0
-9.782586890873635,-1.260366632647717,1,0
97.34950176805965,-1.9723723975384337,0,0
74.82153123391937,-1.6470758916247976,3,0
-9.612458576175852,-1.7166172306600613,1,0
-8.375519293313438,-1.2746957018365221,1,0
-9.783931479240616,-1.0128020121528454,1,0
-9.783072002137473,-1.462143586194683,1,0
-9.6626711266348,-1.7414165017885126,1,0
-2.0142936965861225,-0.2659685217338008,1,0
-9.680617124514766,-1.7329838773577202,1,0
-9.257344684975838,3.1748878874490263,1,0
-7.997991928225694,-0.6441795073285643,1,0
-9.785550350842115,-1.7030148605125877,1,0
-9.1695444351401,-1.6889304881129537,1,0
-9.579849310377389,-0.7489755417036612,1,0
0.13693141009618337,0.31060143329076206,1,0
-7.492390860655373,-1.3851818349988478,1,0
-9.701084658796676,-1.4594560328350898,1,0
-9.660494399692427,13.594452619294472,1,0
-9.77773736023591,0.07060407274288605,1,0
-9.783388121939293,-1.7441699916103002,1,0
-9.777637995485936,-0.22445045561013055,1,0
-2.734078347589172,-0.18689768621195513,1,0
-9.779436087632796,-0.7087325208220977,1,0
10.647898675077531,0.7067789693622313,2,0
-8.404072324956356,4.505300030829429,1,0
4.994242115986381,-1.1044581670362899,2,0
-9.785514162086045,-1.7339643490930223,1,0
-9.785512877737448,-1.7350627546912654,1,0
114.76341851488444,-1.7534667113592608,0,0
1.995372373512284,-0.594870676065464,1,0
-9.781171833504803,-1.4879388554548982,1,0
-9.77957328757712,-1.7444739933525075,1,0
-7.970157899252564,3.066152661135866,1,0
-9.670820746276256,-1.7432671447478494,1,0
-2.2588266186613364,-1.7346323696611994,1,0
-9.759008388342409,1.6934356471069956,1,0
-7.346409815538649,0.474211748165164,1,0
-9.777347915368955,-0.4755991401288058,1,0
-9.445547122082973,10.719611060387543,1,0
-8.57119767893165,-1.2405835396139884,1,0
-6.646215844117801,2.268339218435914,1,0
-9.682610651157198,-1.244339906569778,1,0
121.99319233290677,-1.8555486951985802,0,0
-9.761127692619002,1.1936250214875739,1,0
-7.81124401455384,-1.5450377677346134,1,0
-8.820539499591598,-1.4101720144623433,1,0
-9.56001890096353,-1.7186443204131647,1,0
-9.70310605297312,8.199681595054798,1,0
-9.756059066779182,1.8403495986076899,1,0
6.752176357763556,-0.8191177842586953,2,0
33.864546658227596,1.2567705216938032,2,0
-9.73857612038575,-1.6697547509195483,1,0
-9.785503120887824,-1.7434070455359671,1,0
-9.75472357531876,1.4078074734862787,1,0
233.71372286641,2.6360808374370572,4,0
-9.785511462217025,-1.7362733415662432,1,0
-9.707966348917324,-0.1838009503794953,1,0
-9.74726437586544,3.2407397720018123,1,0
-9.780255690365424,-1.742879880847117,1,0
-7.396045035875669,0.9087297196333304,1,0
-9.785526698770079,-1.723242677461593,1,0
-9.778424328104673,-1.7238911311536285,1,0
-9.554741418511147,-0.007595073748499104,1,0
-8.044962122985515,-1.3240342651870152,1,0
-8.685487211280954,-0.8479900119216115,1,0
-9.725415008264385,6.476122655660124,1,0
-9.083667585368861,-1.7412819529862233,1,0
-8.965497579247197,1.2140610421169669,1,0
-9.776045160591726,-0.10618997892094972,1,0
-9.223358961449952,-1.6525619854250373,1,0
-9.78552438751421,-1.7252193186867477,1,0
-9.78553748363843,-1.7140192004450407,1,0
-9.778291249762608,-0.3907303282973573,1,0
-9.728750896521806,4.810018716648353,1,0
-8.884225219959163,-1.7408398877655717,1,0
-9.7680350449593,0.8232255459094122,1,0
2.249431667811903,-1.2245101355662733,1,0
-9.774980200479632,0.20708972934739456,1,0
-9.785504440783214,-1.7422782394737157,1,0
-9.752986280158444,2.5705930654597875,1,0
-9.772174007737389,0.65446693164052,1,0
-6.015881780958539,-1.7599880129807435,1,0
-9.563649352308973,-0.6799744826037826,1,0
128.9762880783497,3.616337602651263,0,0
-0.8158800891983713,-1.4873585874547812,1,0
-9.77860529677415,-0.5235592756098472,1,0
-9.246312018800097,-1.6137748891993278,1,0
-9.785523252041365,-1.7261904021853105,1,0
-9.762598414953327,1.0278134330835522,1,0
-9.321925064083034,-1.72681071049417,1,0
-9.785501187745803,-1.7450603147679196,1,0
-9.785523134107793,-1.7262912617928696,1,0
-9.776622866596332,-1.7366274172337448,1,0
-9.042214889392241,0.9813158940382163,1,0
-9.785543170033247,-1.709156059774604,1,0
-8.637393244281018,-1.7006895118833723,1,0
-9.779821740906996,-0.4012648416034119,1,0
25.623273297263413,-0.3898058284526862,2,0
-9.766951075680037,0.809297986828271,1,0
31.475712575347384,-1.1627054854945174,2,0
-8.04209809725867,0.7470254809350836,1,0
-9.78130714539945,-0.9559427992450281,1,0
-9.785503193747829,-1.743344733920459,1,0
278.1419967918003,-2.578459394764703,4,0
-2.272767856943622,-1.7683633485446235,1,0
-9.785539429780535,-1.7123548132321136,1,0
-9.433216192650825,-1.673783841492189,1,0
-2.65679944086967,6.826334685701865,1,0
-9.780832205879168,-1.0395434588932109,1,0
-8.022262267916,0.6715095552253527,1,0
-9.712940266179356,2.59554420989443,1,0
-6.201196139020215,-1.7645630771927963,1,0
99.77677161673107,0.5903533650568982,0,0
-8.957454235275115,-1.06970982257723,1,0
-9.775721630331953,-0.4789144510737574,1,0
-9.50167554578809,-1.7397978211591951,1,0
-9.457512851887145,-0.2046342994281991,1,0
-9.185419183978512,-1.745310797235289,1,0
-9.78047631253051,-0.6258573739474738,1,0
-4.413358917612136,-1.4288744553327861,1,0
-6.29273422164143,-1.7645966581334414,1,0
-8.379602698914153,0.5505296447507766,1,0
-9.781962142602886,-1.1676900140705926,1,0
-7.671647300482267,-1.0960465895394766,1,0
-9.55312021511445,-1.7400058303428614,1,0
-9.781272073256455,-1.257546150314923,1,0
-8.715436909135043,-1.7525363112809482,1,0
-8.962385569278567,-0.7786990657318605,1,0
-9.785539763158221,-1.7120697006726773,1,0
-8.982396194584085,-0.8846022823893248,1,0
-8.41497389810376,-1.5205861611157423,1,0
-9.781670131086997,-1.0798519465285763,1,0
-9.785514252729367,-1.7338868287585014,1,0
-9.785527173243315,-1.722836896617044,1,0
-9.784154150983245,-1.483508703563699,1,0
-1.1525131497244328,-1.7985579009006356,1,0
-9.771740499314106,0.02874970575740532,1,0
-9.70715550562395,-0.19983879349347844,1,0
-9.777199462817967,-0.7208889458514522,1,0
-9.746634667101215,2.7092635169260477,1,0
-9.483125765441855,-0.8617084755528646,1,0
-9.768462284609996,0.4027140536316074,1,0
-9.776951370213583,-0.5281233993038281,1,0
-6.187351839687361,-1.7618332429932602,1,0
-9.785535377902947,-1.7158200757266961,1,0
-9.783390940857641,-1.4094366239095208,1,0
-9.3409645718757,-1.2840193679782526,1,0
-9.294373849781923,-1.7484690727809942,1,0
-9.781487205948837,-1.0897057381766484,1,0
-9.785508966776783,-1.738407501666886,1,0
-9.673696980236137,-0.93656747121113,1,0
23.535943372318574,9.463354333922336,2,0
-8.910950512486501,-1.617223455310907,1,0
-9.785503802231075,-1.7428243445147793,1,0
-9.78551152298993,-1.7362213671269389,1,0
-9.76058604996841,-1.7245111096853396,1,0
-9.570629065665006,-1.2137795858562472,1,0
-9.026985278804139,-1.5889856862579177,1,0
-9.50879768349779,2.4837746737908546,1,0
-9.701027906998469,-0.5743465706971398,1,0
-9.555256871227321,0.0409037416178315,1,0
-9.643831496564815,15.668690021810306,1,0
-9.634948794340247,15.870408879890679,1,0
-9.781035057776137,-1.732077140374685,1,0
89.10091303983498,-1.1871162966890694,0,0
-9.778000635218897,-0.010921224818698949,1,0
23.470483388859773,-0.14743785829371325,2,0
-9.785511436236709,-1.7362955605541757,1,0
-9.692703008509715,-1.734747992744361,1,0
-8.483343596021161,-1.4871885764261106,1,0
-9.785502874719853,-1.7436175742657813,1,0
-9.743823608849446,-1.3822347491076101,1,0
-6.716577492308609,-1.7546115760178813,1,0
-9.785509191747675,-1.7382151011869662,1,0
-9.765431535487389,0.6428637126661525,1,0
-9.765729812998824,2.053986684402664,1,0
-9.785510714960381,-1.736912413297075,1,0
-9.775708342655363,0.432734266432671,1,0
-9.78550454658999,-1.7421877509903938,1,0
-9.7540393622918,2.0857130396326635,1,0
-9.753527857554491,3.5269078023926745,1,0
216.1385340815264,-3.097392516581018,4,0
165.8953169718322,-2.138600508065788,0,0
-3.5326953133165713,-1.781691847174579,1,0
-9.78291621090775,-1.7403151443725025,1,0
-7.9826554283509035,-1.753732692062311,1,0
-9.560110081242867,-1.6572096291135336,1,0
-9.77858135995284,-0.6934635138766232,1,0
-9.780350184565863,-0.5593458842512207,1,0
-9.764978668773301,1.1940250239891936,1,0
-9.776810827524349,-0.5946569525351477,1,0
-9.74204662940734,0.48731714716941577,1,0
-9.779206241522722,-1.7300099422064403,1,0
-9.768209971467016,0.4986250687900955,1,0
-9.522956305889572,-1.7223469967775116,1,0
-9.751493325920515,-1.7052546136059161,1,0
45.89928516294874,-1.4955070466108553,3,0
-9.601227326546484,-1.5327346217719275,1,0
-9.78517251334368,-1.6946987995580878,1,0
-8.23414333577573,-1.6122148566589625,1,0
-9.78551894178962,-1.7298766324300114,1,0
-5.751541929945826,-0.9454925786037669,1,0
-9.758031127533135,1.4123624062775764,1,0
-9.55559387344434,-1.701973969805655,1,0
-9.580910779988582,-1.7340467490359504,1,0
-9.784739967996241,-1.5566488978545614,1,0
-9.785520053683689,-1.728925714063354,1,0
-8.327794639088635,2.4803274383022242,1,0
-9.762756687008949,1.808810805256409,1,0
-8.90885386203909,-1.1235864349870068,1,0
-9.560618687748551,-1.6682178870432227,1,0
-9.772298739759574,-0.10388737162733763,1,0
-9.74083059504599,3.6735738256209007,1,0
-8.615741605800643,-1.7407371081441974,1,0
-9.519584520245056,4.570774886433547,1,0
153.19401019725254,-2.146694425592488,0,0
-9.452676456825339,-1.7305763021792429,1,0
-8.602538697261327,-1.1106703341548236,1,0
3.759563665057364,0.4491730351687615,1,0
-9.279898927513475,-1.6958126290888722,1,0
-7.518354508852863,-1.7284644710322767,1,0
-9.675227806531888,-1.0999193651467212,1,0
123.1733359529872,1.6052340566054148,0,0
-9.777212978689438,-0.6539694190758535,1,0
-9.776159103822495,-0.5731529961122108,1,0
-9.364757115450546,-1.712238310908476,1,0
-6.6653487221936185,-0.8699123563146381,1,0
-9.695151153180458,-1.743506123742204,1,0
47.76966010325451,-1.3255140200930013,3,0
13.073342907855029,-0.9439835822322254,2,0
-9.784148261391177,-1.7052472259093743,1,0
-9.778003644962327,-0.8933396373669568,1,0
-9.001700337989536,-1.6667127379832603,1,0
-9.785528433258934,-1.7217593011633427,1,0
-9.775707775879374,-0.31705178896402675,1,0
-9.661370124112064,-1.7351044748067737,1,0
-9.001368808289081,-0.7405008332413663,1,0
-9.746281501338537,-1.7170714043739976,1,0
-2.846796583251728,-1.7956469758439377,1,0
-9.62129743703701,13.462178428090798,1,0
-1.441136218850767,2.2188068909208143,1,0
-9.623284387371116,16.74400611625424,1,0
-9.785510190154001,-1.737361240248115,1,0
-9.769948388910732,0.3694116356562829,1,0
-9.279357125889959,-1.7462929275895291,1,0
-9.780465135261437,-0.7151474066410772,1,0
-9.7855120065533,-1.7358078121827163,1,0
-9.581466364932782,-1.2189439730949014,1,0
-9.375992047275291,-1.7446566165029322,1,0
80.15145658817194,-1.7456065422891753,3,0
-9.785517181677701,-1.7313819221838924,1,0
-9.782068500499152,-1.3252660087283787,1,0
-7.847392991251512,-1.7586255663375971,1,0
40.84940713984341,-1.378746408061053,3,0
-9.062783809522395,-1.7484513247012994,1,0
-9.783144658842303,-1.4041261465091828,1,0
112.19634403308076,0.2017520423597925,0,0
-4.234803877050212,-1.5642931067434804,1,0
-9.781272310555956,-1.1257162419249855,1,0
-9.404330116473387,-0.43141654941035645,1,0
-8.645856153611655,-1.3453301276543077,1,0
-9.7292847585834,5.270161058478948,1,0
12.249778101397535,-0.6316708702086749,2,0
-8.6430270627199,-1.7133519050121067,1,0
-9.660340840483833,3.2279887698868466,1,0
-9.248824990164996,-1.732779442195806,1,0
-6.645652056565501,-0.6489960335134547,1,0
-9.721803993744984,-0.9834917219014652,1,0
-4.265558356358894,-1.174591884405649,1,0
-6.8895963530940865,0.07881453041600261,1,0
6.361605759808974,-1.0540075614917537,2,0
-9.767667641099104,1.8828870145190777,1,0
-9.76108617053233,-1.705641081273194,1,0
-8.079387211158052,-1.7419163450783577,1,0
-9.785523997452195,-1.725552909038037,1,0
-9.657422583102779,-1.7457909033288812,1,0
-9.586267632361382,2.408337300768711,1,0
-8.744149264789005,-1.7083374898652366,1,0
-9.785503848614574,-1.7427846762376227,1,0
-9.785532741486238,-1.7180748022683507,1,0
-9.53688894747787,-0.8716519559595642,1,0
-9.765730851885795,0.5104988362540854,1,0
-9.785532499069435,-1.7182821229089984,1,0
-9.458015861729864,25.78212245188524,1,0
-8.782984516240175,-0.39904185676428816,1,0
178.0587348683348,-2.3855608701340336,4,0
1.7080669327777258,-1.3884171087830848,1,0
-9.752317208185461,2.873260300515593,1,0
-9.784659084294253,-1.5947336063981767,1,0
-9.627387221294923,-1.2786495004603855,1,0
-9.782771703570821,-1.3228185604672085,1,0
134.2408369947851,6.614462251294465,0,0
-9.785521881792985,-1.7273622713280699,1,0
-8.644056552937045,-1.7427363251236885,1,0
-8.400132685793128,-1.1628658247860764,1,0
25.86013961062898,4.074347375541404,2,0
-9.76485931279382,1.0304358144936274,1,0
-9.785509790207955,-1.737703283659748,1,0
-9.770386637515807,0.6811642823017872,1,0
-9.773013670722301,0.343261051077278,1,0
-9.774736797410762,0.3687541272454973,1,0
246.99754405072997,-2.696682993886675,4,0
-5.946463050186038,-1.7563971734273212,1,0
-9.766031661374946,0.9779043012520168,1,0
-8.271820501518949,-0.9969613085541097,1,0
-9.785538358395119,-1.713271087630574,1,0
-9.785236978080613,-1.4327651191936566,1,0
48.136914132533704,-1.3403347405690187,3,0
-9.78551238409157,-1.7354849324359995,1,0
-9.492497159116207,-1.7387497949745976,1,0
-9.669393831471648,-1.4087890857174918,1,0
3.15819809471458,9.386184859987935,1,0
-9.76082787912162,1.8922465786517026,1,0
68.40859896452912,-1.4193115301395638,3,0
-9.78208309652824,-1.3381724238983925,1,0
-9.66579538790558,0.8193377630224719,1,0
2.127263002810782,-0.6558987683074622,1,0
-6.771769049881039,-1.762512016774826,1,0
-9.697805004620696,-0.7207529450548278,1,0
-9.785508325823102,-1.738955660563977,1,0
6.561534265104875,0.24977662458344008,2,0
-7.280789310961585,-0.33876816444731883,1,0
75.87809057676868,18.876883806162777,3,0
36.66955346146696,-1.7376306692873946,2,0
-9.554439144559845,-0.3600142815431475,1,0
-9.785529935830288,-1.7204742662508767,1,0
-9.7478486368629,3.0858440324325027,1,0
-9.583717240341615,-1.7332113172787493,1,0
44.611699560035106,2.2972133549917633,3,0
-9.779416560115319,-0.3440333018777373,1,0
-9.784352998892722,-1.5159333256621157,1,0
-8.21115184617432,-1.7420638425123784,1,0
-9.785508913784081,-1.7384528222916225,1,0
-9.785506422194244,-1.7405836894330147,1,0
-9.785520045367607,-1.7289328261763743,1,0
-9.784461400579959,-1.7430264371134612,1,0
-9.785520167548533,-1.7288283341292296,1,0
-9.768692515848157,0.6902626869270119,1,0
-9.585508098437634,20.94992795882645,1,0
-9.773560345161268,0.3290486544636939,1,0
-9.75414410476123,2.899516425952661,1,0
-6.248867587024561,-0.1937312871560819,1,0
-8.427974692142222,-0.3899688976416982,1,0
-9.595177612293295,-1.7151377409347637,1,0
-5.03031890405751,-1.771377464665247,1,0
-9.78559679410287,-1.6632954745913324,1,0
-4.539106668613021,-1.1738923559010854,1,0
-9.187265629115823,-1.5077761151355469,1,0
-8.988378562918394,-0.44364353267574985,1,0
-7.521280669081132,-0.909950141901212,1,0
-9.767118770302709,0.7102865487302075,1,0
-8.818183910793074,-0.5042885701852654,1,0
-9.263916995129245,-1.7428033333746906,1,0
-9.710474152274898,-1.5710254462582918,1,0
-9.749183968689545,2.6521130892751366,1,0
-9.781625246392686,-1.2137250973278568,1,0
-9.700749295278245,10.378834010179645,1,0
-9.633821518897388,-1.561255699422371,1,0
-9.547396938673348,-1.591572329103989,1,0
-9.765773086300843,0.7176634938389688,1,0
-9.715926682759395,7.441779945648876,1,0
-9.758664820623848,1.401874795034781,1,0
-9.778037467076455,-0.23891812315524397,1,0
44.38775114673547,-1.3316524689381986,3,0
-9.785530810944232,-1.7197258479041082,1,0
-9.577815732485812,22.319165410928502,1,0
224.274537980713,-2.6893173586056394,4,0
-9.101183841495102,-1.3227741125082897,1,0
-9.20786683420224,-1.7446190611053742,1,0
54.94551465019674,-1.5475922190578424,3,0
-8.883262702375905,-0.9128626296780595,1,0
-9.485153029125684,-1.2677834954015261,1,0
-7.035144995948286,-1.5905287189644075,1,0
-9.783610438323903,-1.5773928768364767,1,0
-9.741232324939823,1.5440509789662262,1,0
-9.781795174264229,-0.8632987438465797,1,0
-9.3377503006958,-0.7985248900343133,1,0
23.64580889678032,2.139323558471327,2,0
-9.78554041675473,-1.7115107293269132,1,0
-9.74923331287949,4.523725915184162,1,0
15.518172034040273,-0.9686294595404223,2,0
-9.211179993429228,-1.7449624680680125,1,0
-7.977946256980721,-1.0487096074778768,1,0
-9.305267799774457,-1.74818536488223,1,0
-9.498185828728278,-1.6307170025021571,1,0
-9.253356128531589,2.048136072649802,1,0
-9.731366184796746,5.183158268101702,1,0
-9.215503016887833,-1.748950296252922,1,0
-9.777144835841124,-0.6140160498648792,1,0
-9.783218911070291,-1.1871977861590588,1,0
69.17320626708134,-1.4185417261572137,3,0
-9.780959759541268,-0.8614650736029603,1,0
-9.229173539957406,-1.6878973054354094,1,0
-9.062123244132684,-1.6012075166776547,1,0
-9.107376018739743,2.038152385262488,1,0
-9.78073118310886,-0.443598503573592,1,0
-9.779191661436387,-0.4238197205293275,1,0
3.605744406944874,-1.6295164001007387,1,0
-9.783916249101487,-1.7445116960492926,1,0
-9.742438220139865,-1.220203833680375,1,0
-9.65577487982074,-1.7333200364855397,1,0
-9.700208291650819,-0.7939241369111595,1,0
-9.750605766386316,3.752092965831814,1,0
-8.935473027243946,0.2919652575294176,1,0
-9.767829177788848,-1.7292822437176527,1,0
-9.785506153836819,-1.7408131951135613,1,0
-9.647292617203577,-1.696316912891338,1,0
83.15910104995615,6.2862858001966595,0,0
-9.774709122068202,-0.22678567677779937,1,0
57.017889183910626,0.16369829657152235,3,0
-9.765488664275527,1.47927342632991,1,0
-9.761221345593318,1.5307988942860749,1,0
-9.78190265728866,-1.250601466788258,1,0
-4.342243249586971,1.7724700263551676,1,0
-9.438522893452776,-1.724730390710492,1,0
-9.745273211821985,5.781815860487939,1,0
-9.774242814050151,-0.34908220467657025,1,0
-9.472292870456675,-1.7031135786620548,1,0
-9.779974725082043,-0.9394168374669329,1,0
-7.462387751524826,-1.7506565388805895,1,0
-9.716939730326125,-1.6781978084226241,1,0
-9.764126164681057,1.2332896170485927,1,0
-9.69722075541051,-0.1502112239872453,1,0
-9.709389069823901,-1.3853527065937636,1,0
-6.515800505631385,-1.7389302724438962,1,0
-9.241363448128528,-1.7484675222621942,1,0
-9.110855433175386,0.0562507857110901,1,0
-9.782343630825999,-1.3049114934247612,1,0
50.90162027589811,-1.808674380482934,3,0
-9.736140515247454,4.573829249854074,1,0
-9.623999063890732,-0.17388223368827394,1,0
-9.623234104628764,-1.7031725680280028,1,0
-9.228550344595547,-1.7374522490778326,1,0
-9.785524163813555,-1.7254106328295953,1,0
-8.174076565215804,1.4909359381000518,1,0
-9.298269545188155,-1.5748440707078923,1,0
-9.765374276313231,1.1690022029167375,1,0
-9.504996508265293,4.474024199634174,1,0
-9.785503563545593,-1.7430284740402768,1,0
-9.764210740471185,-0.9209562958853518,1,0
-9.759941179446937,-0.032800205125355086,1,0
-8.258639673661655,-0.9310888100950989,1,0
-9.755568592691803,2.6428458218774473,1,0
-6.026197178382336,-1.7001191979603139,1,0
-7.765337051382449,-0.7791521331711319,1,0
-9.68572038203951,16.749023224861666,1,0
-9.69460584098595,5.297182758177431,1,0
-8.748088017195032,-0.40617972946316216,1,0
-9.40833359765313,-1.7339163603767438,1,0
-9.485905382077231,-1.6994678196500796,1,0
-9.77657710755525,-0.5782359204488112,1,0
86.65061483046136,-0.9620997003668611,0,0
-9.785508347099572,-1.7389374644180156,1,0
-5.247054752856216,1.8520252665031722,1,0
-0.46848915992231,-0.21118057498740472,1,0
-9.751644829594246,4.883107779485116,1,0
-9.619226763952975,-0.4704677249660276,1,0
-9.775003577300373,0.2507567335206857,1,0
40.133374979441285,-1.5526682455172391,3,0
-9.649849431780364,-1.7427851204584925,1,0
-8.529191284060374,-1.7492322935797944,1,0
-9.784044843235531,-1.4146916277222992,1,0
-7.975170421422063,-0.6041466043452673,1,0
-0.5237608281455266,-0.8435841649292749,1,0
-8.712637477435793,-1.63307365407821,1,0
148.25027269161154,-1.5874350495719751,0,0
-9.781477680059119,-1.7291488286103265,1,0
-7.4081844808219195,-1.051255068781503,1,0
-9.597823724549835,-1.712791917445856,1,0
21.059502277604153,-1.6602078563380862,2,0
-9.451422866042027,-1.263318382109661,1,0
-9.712724222379522,6.949750533417602,1,0
-8.913154103583075,-1.7147652243941132,1,0
-9.44246611987932,-1.4895997269263623,1,0
-7.555478840401587,-1.7240402636025436,1,0
-9.522376338588026,-1.0530227312928122,1,0
-8.153341988993992,-1.278768153285011,1,0
-9.774372663082527,-0.31050561990884273,1,0
-8.894801412969283,-1.7443050197691496,1,0
-9.740418211909054,8.849730642446797,1,0
-9.785505873729699,-1.7410527494120267,1,0
-9.680717390417325,-1.7324584128697418,1,0
-9.784509581354374,-1.5618312479859728,1,0
-9.501613667648868,-1.7472127003870164,1,0
-9.785511594420917,-1.736160277640637,1,0
-9.764076939757599,3.8018362573085156,1,0
-9.508806224190437,-1.7204882546138105,1,0
1.487843481724049,4.352829763938666,1,0
-9.778027333970739,-1.7323613948895227,1,0
-9.785509249662546,-1.7381655710060748,1,0
-9.78551457584592,-1.7336104917657273,1,0
47.29766436858411,-0.12320716983509272,3,0
-9.780657953730433,-0.6817305613872205,1,0
-9.785508486150835,-1.7388185444566289,1,0
-9.738536723050842,2.7501669444294237,1,0
-9.777439988981035,-1.7126346790172575,1,0
96.59535563983682,-1.950289564443026,0,0
-9.782482693759158,-1.2427373862747055,1,0
-9.624826907027188,-1.1644241922061855,1,0
-8.246725517029653,-0.5548723377107395,1,0
52.19600529174146,0.5920814921170605,3,0
-9.687816552369322,9.54956698161915,1,0
-9.775459025768185,-1.734369662865329,1,0
-9.75934660506088,1.8995730148162489,1,0
-9.261057289195826,-1.2846832144315812,1,0
-8.558528877248637,-1.7463497230061658,1,0
-9.743509776667134,3.359062796079834,1,0
62.80454268367539,5.220037234084428,3,0
-9.513761871336865,29.346882695633255,1,0
-9.77833991016566,-0.5258421083389645,1,0
-9.491721773208013,4.669841880202517,1,0
-8.289553221361027,-1.716438008828459,1,0
-9.738644321369103,4.19068319821739,1,0
-9.785501103513207,-1.7451323524950286,1,0
-9.785501770903696,-1.7445615842076196,1,0
75.54894350482064,-0.8634212914803318,3,0
-9.781357524117581,-1.730047951487193,1,0
-9.774383346154632,-0.24757360111337823,1,0
-9.27695070865978,-1.7394530580774004,1,0
-9.341274892751423,-1.7407116030025551,1,0
94.75373552371042,-2.050996302424357,0,0
-9.764735445089782,0.8645926222903046,1,0
-8.65375097809629,-1.7526614630915716,1,0
21.788398099966763,-1.5699350354643127,2,0
-9.78474421103085,-1.6191359163760277,1,0
-9.783303320912298,-1.4050835632324783,1,0
-8.113470546070433,-1.620197036139555,1,0
-8.683915307903577,-1.2408664643564542,1,0
-4.9914337084562455,-1.7726131634401185,1,0
-9.775909261633064,-0.2799504254781269,1,0
-9.760556394606589,1.1865538719395063,1,0
15.151376925592448,0.9767555390001688,2,0
1.2182363218587042,-1.2245293897112344,1,0
-9.522530061874871,2.8557957054388154,1,0
-8.879177276577696,-1.0091943263843535,1,0
-9.78551496757512,-1.733275475597031,1,0
-9.62943742484077,-1.7365262115241753,1,0
-9.75675117879988,4.7077405913832235,1,0
-9.785512964312042,-1.7349887140301794,1,0
-4.880416880956176,-0.6449858293407219,1,0
-9.769737732087572,0.6579303094479347,1,0
-9.785568370603647,-1.6876039300383616,1,0
-9.41050056541663,-0.00772762070470967,1,0
-9.772202082949889,-1.7230608997184373,1,0
-9.09541703476126,-1.7453699313740807,1,0
-9.754561919430182,-1.7118149280206585,1,0
-8.37070346132942,-1.6864184177866641,1,0
-9.761476249549911,0.9216650177132584,1,0
-9.781329039865872,-1.414397365636464,1,0
112.19327668210703,-2.254246778749487,0,0
-9.748548456993463,2.514439809478469,1,0
-4.284754566179347,-1.754078281366701,1,0
-9.5119112178694,-1.7370861458015034,1,0
-7.518412846559752,-0.5620168382729366,1,0
-9.680448449479796,-1.734590679652883,1,0
-9.434905074082655,-1.7473166562257847,1,0
-8.377834985620307,-0.9433540280422061,1,0
-9.785510650773714,-1.7369673072672611,1,0
-9.761063240720969,-1.7316175229099942,1,0
-9.684246350490062,1.3667178980346595,1,0
-9.780584843042403,-1.0726342463792162,1,0
-7.618049215626522,-1.466554808790775,1,0
-9.310279972600814,-0.9435738048225275,1,0
-9.778076106801914,-1.447462391999415,1,0
-9.772354692398766,0.8555510122571914,1,0
-8.650401755717004,-0.9958779708964576,1,0
-9.785512005362452,-1.7358088306237216,1,0
-8.00264164419866,-1.737313609218405,1,0
-9.785535757227489,-1.7154956683184714,1,0
-9.785522264650373,-1.727034842544863,1,0
10.51455658511285,0.8094750894997418,2,0
-9.537868695326836,-1.7461888508697285,1,0
-9.38451348827196,-1.7165354212062633,1,0
-9.78554471323234,-1.7078362790498403,1,0
-9.765677459399846,0.8217934043491191,1,0
-9.777903187001396,-0.78982350078008,1,0
-8.141631190158218,0.945327639778061,1,0
-9.769038809544277,0.1843637216929852,1,0
-9.78552235650439,-1.7269562867953199,1,0
76.61272656435631,0.9181451363933615,3,0
32.42274561797889,0.9872621972189517,2,0
112.50021900991574,-1.4937626399631876,0,0
-0.372928604758318,-1.8043121781890714,1,0
-4.938789846577043,-0.88211691323937,1,0
-9.785519558549254,-1.7293491648593449,1,0
-8.575302571805567,-1.7419932244232013,1,0
-9.626063731096055,-0.8661590369290879,1,0
35.76893033853189,7.868799149883038,2,0
-9.785527360662822,-1.722676610976825,1,0
-9.774482378185818,-0.11368521428807776,1,0
-9.742004140951236,-1.2775474042957222,1,0
-9.303452633277697,-0.5093340778200944,1,0
-9.785512396337449,-1.7354744594676617,1,0
-9.751412503400772,5.135003339425589,1,0
-9.785544975337817,-1.7076121201845718,1,0
-9.78219689037145,-1.7205822276049587,1,0
-9.78550217352915,-1.7442172493037245,1,0
229.19628528606074,-2.8075626417675963,4,0
-9.514317749646047,-0.5684254761816281,1,0
-8.521583771897399,-1.6400836784242792,1,0
-8.61205188878401,-1.7379393371956984,1,0
-9.785505057384068,-1.7417509076951831,1,0
-8.603500846117843,-1.2473693094545077,1,0
-6.949145245371702,3.3710398670733124,1,0
-8.397605385677661,4.394292386129968,1,0
-9.782725232065081,-1.16911867403639,1,0
-6.633644405121208,-1.043805305696085,1,0
-9.0989600977516,-1.6588097223307336,1,0
91.22784127824879,3.126402662157571,0,0
-9.756424774351535,5.06391317472766,1,0
-9.74879019922059,-0.9845485938561593,1,0
-9.664583172655734,-1.5550311181691927,1,0
-9.783608868252935,-1.2973920725904953,1,0
-9.630713765482865,-1.370198934983176,1,0
-7.493983982393355,-1.7332949449107085,1,0
-9.77511169098643,0.13274400578952172,1,0
-9.785508526957202,-1.7387836458781805,1,0
-9.648870345091323,19.988566672660774,1,0
-9.745782851299332,-1.5059130273696328,1,0
-9.785386322774455,-1.7287018350211152,1,0
-9.771453201148292,0.8011742946053628,1,0
1.169963333453044,0.8522372639382576,1,0
-9.784431366916753,-1.7368803469081597,1,0
-9.785596340667936,-1.6636832629781209,1,0
-9.438326854004814,-0.034316229532469045,1,0
-9.78550532365751,-1.7415231842863959,1,0
-9.663138680102584,12.207702689050492,1,0
-9.785514890447914,-1.7333414366261415,1,0
-9.78551228727569,-1.7355677316897313,1,0
-9.633958605960979,-0.4960974945784655,1,0
30.14434479723531,1.109990148164922,2,0
-7.545229502889681,-1.760907304167732,1,0
-9.543076181058211,-1.7436479856482199,1,0
-9.697678900468178,9.661950864757273,1,0
-9.757139421078051,1.8205042933403757,1,0
75.01613367670979,-1.3183749658423096,3,0
-8.965359158614062,-1.2985568504667286,1,0
-5.8412249175378035,-1.753846601980209,1,0
-9.777174848806897,-0.3153071444303026,1,0
-9.766311879496698,1.333750692328152,1,0
-9.776354973520512,0.6224223132716107,1,0
-9.487227968572192,-0.6508638041063268,1,0
-9.78028292502876,-0.8490982729504384,1,0
-9.63623627866548,-1.1522455939316092,1,0
-9.784452768887702,-1.595770485815646,1,0
-9.785522120498316,-1.7271581248285555,1,0
-8.997101317215758,2.052924821469907,1,0
-9.783378203799373,-1.326559714892479,1,0
-1.8361509897616886,-1.7645610203132707,1,0
-6.241875804878985,-1.4743307946615494,1,0
-9.785519104121946,-1.7297378019469711,1,0
-9.785501850908783,-1.7444931619460795,1,0
-9.785594335856757,-1.6653978253845763,1,0
-9.7789498949491,-1.7391551190430836,1,0
-9.076692574322836,-1.5368622480414935,1,0
-9.785524547464842,-1.725082525085718,1,0
-9.78550373078024,-1.742885450975098,1,0
-9.674594066042403,2.019526481786033,1,0
-5.474921524831333,-1.7673773933756385,1,0
6.713352133815267,0.22171484881654613,2,0
38.14529937449632,-1.1807188021491897,3,0
7.224981992049347,-1.328193593360279,2,0
-9.785513197063135,-1.7347896597356915,1,0
-9.785526607987824,-1.723320316614231,1,0
-9.11073175010065,1.8457899165648337,1,0
-9.785554110128537,-1.6997998289730099,1,0
-9.416138437231377,-1.5965527329219213,1,0
-8.757477047744382,-1.2962652624729794,1,0
-9.31223526423065,5.44774564323924,1,0
22.490842436491487,-0.5227382029443495,2,0
-9.317967056262376,-1.643278433165913,1,0
-9.281595731326261,-1.50827240299996,1,0
-9.40095574788229,-0.5025337697231025,1,0
-8.525467218668258,1.1860386533327132,1,0
-9.752833845386917,2.7363118678543277,1,0
-9.08895886350943,-1.703615335819556,1,0
-9.780819459013276,-1.0823221771639528,1,0
-9.772042273525011,-0.744392805141183,1,0
-9.47705298170532,-0.7469002881145246,1,0
-9.205575358320866,-1.7429400579868584,1,0
-9.541870999155394,-1.7369546245573655,1,0
-9.782425867734432,-1.4118877990965806,1,0
-9.716829186213882,-1.7409511045954345,1,0
-6.0831250682985525,-1.3914502797587716,1,0
44.95678342884169,6.6680858045675455,3,0
-9.755273651697218,2.0233407159350274,1,0
-9.771431176281157,0.45326441123525685,1,0
-9.736085414896104,-1.7278833079857718,1,0
-9.783210373991691,-1.4327500330896943,1,0
-9.78555613439022,-1.6980686320301346,1,0
-9.709912029479314,-1.258341099954091,1,0
-9.124033896766514,-0.6797697502024007,1,0
-9.785537751241652,-1.713790339777131,1,0
-7.874661004780072,-0.9853814961853619,1,0
99.49451923331034,0.27093019547911745,0,0
-9.390795770099592,-0.7841795971546325,1,0
-9.78551745906572,-1.7311446933257224,1,0
-9.485516673924808,-1.3010967661361152,1,0
-9.114985775790338,1.002094994932326,1,0
-7.97287125605129,-1.726263572624269,1,0
-6.0825099892821495,11.743754124623315,1,0
-9.483141391458103,-1.3884378956190044,1,0
-9.623980931619363,-0.9492779583571955,1,0
-8.651532938947893,-0.9467876339746546,1,0
-6.118139328566162,-1.0626625030688828,1,0
-9.615544415430504,0.18737245339891162,1,0
-9.698056090770985,9.841801434976421,1,0
-9.780411707611211,-0.7476301396719793,1,0
-8.247269849957828,-1.7484930724049161,1,0
163.1698531172586,-2.3820448804819314,0,0
40.3425335640714,1.3640429730101382,3,0
-9.625291676729104,18.420261741508327,1,0
-9.551302886763077,-0.47845782462060027,1,0
-9.656043967133082,0.37445435223093004,1,0
-8.998585206845267,1.9742313776810798,1,0
-9.669544364400668,-0.6201217538027741,1,0
-7.2493450446241745,-1.3322279452074186,1,0
-9.579617118460197,-1.7291165391690664,1,0
-9.595291174499085,1.7440633558391556,1,0
-9.643198720070389,-1.7435644649709845,1,0
-9.780261140143576,-0.5283293743060729,1,0
-9.454192386049044,-1.7346077935312874,1,0
-9.371436395796755,-1.7387643703625764,1,0
124.16974437740618,-0.6083619845764201,0,0
-9.731251612818758,5.342248919733389,1,0
10.96762447148437,2.3264735288829272,2,0
-7.585652023997481,40.8683875937005,1,0
-9.785536565098257,-1.7148047579404695,1,0
-9.722728863771794,5.643220284491255,1,0
-8.830411485155576,-1.7366375103450211,1,0
-8.585389686000768,7.536448259157793,1,0
-8.482057174463577,-1.0201379248028695,1,0
-5.563484979427855,-1.7637490370054714,1,0
-9.77086135349571,0.18339803300374058,1,0
-9.768923173221216,0.27417785988117305,1,0
-9.785540820054996,-1.7111658173064483,1,0
-6.703220376592414,-0.17731806793773797,1,0
-9.783938790780825,-1.4776094270212101,1,0
-9.50010884838538,-1.5018961503923562,1,0
-9.739609857342135,-1.4245554189099814,1,0
-9.703028875479935,14.588467890855654,1,0
-6.918341572701999,-1.7437934268189588,1,0
-9.43379709490055,-1.1501484100949353,1,0
-8.746722881679709,1.5536353292078062,1,0
-9.785525638439694,-1.7241494973327205,1,0
-9.634593247912036,-0.7184277185114296,1,0
-9.561228041955317,-1.7442784111809304,1,0
-9.763223804178235,-0.007617271721146901,1,0
-9.285186531925072,-1.7432550370991196,1,0
-9.413337729865829,9.46644660054854,1,0
-9.779832032874566,-0.33010490205244514,1,0
-9.776580982396009,-0.05609972522920903,1,0
41.323193197937385,0.29664031950929237,3,0
-9.785519259368732,-1.729605031187912,1,0
-7.71748554753419,-1.3099492611496781,1,0
-9.748690966470036,-1.729949458690036,1,0
30.05811993644056,3.896345389613309,2,0
-8.768611908563393,-1.4811841359601328,1,0
-9.767070221673949,0.45770662544704654,1,0
-9.621543071125707,-0.8249245975357409,1,0
-9.252383095995514,0.7599888289510135,1,0
-9.729340044180985,5.940378938130251,1,0
-9.76959317663538,0.47463871536667135,1,0
-9.645552410487003,-1.0280786086490452,1,0
-9.780382659808842,-1.069573986725377,1,0
89.40646299331763,-2.062967250019213,0,0
-9.785508510602899,-1.7387976324679866,1,0
-8.244571502160973,-1.4710158242817746,1,0
-9.785507209741219,-1.73991016044817,1,0
-9.65198503171158,-1.745880636134752,1,0
-9.727767710160203,-0.5586213903527469,1,0
-9.776010023276086,-1.0900781757372724,1,0
-9.7742729358256,0.03304345081381088,1,0
-9.108760661384588,-1.7296627707282448,1,0
-9.28822956183946,-0.9789007481276912,1,0
-9.785525633835086,-1.7241534353046077,1,0
-9.192980692110796,-1.741932995448186,1,0
-9.76807802957867,1.5251078375049256,1,0
-7.965791420758838,0.10027544850658798,1,0
-7.874459498878163,-1.717009268434461,1,0
137.96035918079565,-0.10156569215929245,0,0
-9.156206697771836,-1.7394354687950642,1,0
69.99215316792097,-1.7575886266956158,3,0
-9.728011122680323,4.825465229549847,1,0
-9.78552647518851,-1.7234338897603396,1,0
-9.17011135353651,-1.7389005731983473,1,0
-9.711624598738984,0.2949269808408008,1,0
-9.785564244258412,-1.6911328790438092,1,0
-9.694624732629391,-0.45264968267545347,1,0
-9.780743290410452,-1.2871061683330733,1,0
-9.760898480493244,1.9701806998746596,1,0
-8.278963765557425,-1.7399482613382007,1,0
-9.316291217220519,1.1894935168050083,1,0
92.00997272360922,0.45132521976656825,0,0
-9.705359330204608,-1.1484156476022394,1,0
-9.509539968971692,-1.7100376495734317,1,0
-9.557921868211336,-1.7446814463182214,1,0
-9.78550739021412,-1.7397558157138153,1,0
48.46161971628928,-1.1463987182052315,3,0
22.726810644953847,-0.4206909319666715,2,0
-9.10807701060868,4.645956804399743,1,0
-9.136719904804623,9.426696317191599,1,0
-7.253798689515481,-1.3798673369059795,1,0
-9.062447393116233,-1.5982541055242347,1,0
-9.697909039834004,-0.4637125401605916,1,0
-9.771137968814957,0.010839019800570115,1,0
-9.78199563075086,-1.0647392863430372,1,0
-9.785514028592068,-1.7340785163297174,1,0
-9.782912429707274,-1.1822650395023544,1,0
-9.741617540704041,4.056296238098146,1,0
-9.193443838439304,-1.7454064509376304,1,0
-9.78450765138959,-1.5528114170039078,1,0
-5.293481550626768,-1.5424124002039168,1,0
-9.77215924014128,0.056590159064845436,1,0
-9.535500556281766,-1.7439820982516117,1,0
-9.76641205239598,-1.289000761806618,1,0
-9.303060482632874,-1.377290164297103,1,0
-9.747889199198617,-1.3014597194551287,1,0
-8.904693657061717,-1.397506185485883,1,0
212.56168158939911,-1.2724332824326532,4,0
-9.161781782497625,-1.7492816182237476,1,0
-9.75231284686866,1.598361906614807,1,0
-9.54417664629726,-0.6104819985821562,1,0
10.656982034829984,-1.4937127477324383,2,0
-9.018932092799337,-1.745525898136927,1,0
-9.715979513674824,6.716559879127806,1,0
46.841939465589746,0.24590568633760101,3,0
-9.785504712673486,-1.7420457124181867,1,0
-9.674266048264842,-1.7433374188601876,1,0
0.5532149020941208,-1.8114927851619869,1,0
-8.213764268860649,-1.7569060434741208,1,0
-9.66479340635961,-0.3665811744677878,1,0
-9.70894552982841,-0.4296059891533266,1,0
-8.071393079606349,-0.9450222486741111,1,0
-9.78550520298499,-1.7416263863082673,1,0
142.28050228425954,-2.4245335024785803,0,0
-9.090689073124265,-0.07693170002384875,1,0
-9.767153082417273,0.48917244833648654,1,0
-9.25769360328479,-1.5367296961565582,1,0
-8.815154901499065,-1.7426880392631314,1,0
-9.089568236576708,77.58548173042001,1,0
-9.785541392177704,-1.7106765242994642,1,0
-9.785514825328416,-1.733397128375115,1,0
-9.7666088339534,0.5372673830548875,1,0
-8.261682033736337,-1.0303447860302852,1,0
-8.889149441720257,-1.7499982455809937,1,0
-9.698188704565334,-1.3914448218639226,1,0
-9.454158850611014,1.9826279345526663,1,0
61.655812428332126,0.3900613922010401,3,0
-9.279617802020958,-1.0613796275795582,1,0
-9.730389917170934,-1.434449099771641,1,0
-9.785502771413855,-1.743705924022992,1,0
33.371049240457666,-0.6253879915172978,2,0
-9.315073358442246,-0.36092219686750826,1,0
-9.110055557019642,-1.6192742370647737,1,0
-9.785569117026698,-1.6869655712162335,1,0
-9.766977225470566,0.865601551761761,1,0
-9.618913816910108,-1.7399315290983806,1,0
-9.761757475797278,1.1269901606393042,1,0
-9.455294366187276,-1.4945784359599958,1,0
28.12650715979392,0.18238495769267749,2,0
-9.698792080719256,-1.7340931947320946,1,0
-9.765334007177383,0.05697540854923977,1,0
-9.706690088290648,-1.0081357402447921,1,0
-8.211734079337031,-0.5353707908405891,1,0
-9.05369444167897,0.8745914615495303,1,0
-9.021912299183189,-1.7097569154783403,1,0
-9.728610149967578,0.5521074231127463,1,0
-8.565241226490228,-1.744646612081428,1,0
-8.836187347741319,-1.397339442865098,1,0
2.791523634109577,-0.5244961530709571,1,0
-9.763079802726807,-1.611317984813014,1,0
-9.782634761040228,-1.083468593378198,1,0
-9.781456362624008,-0.8295955357368499,1,0
-9.78553180482534,-1.718875857041077,1,0
-9.759423180124509,1.4797705759275415,1,0
-9.785510403633218,-1.7371786677238963,1,0
-8.372525302704814,-1.2333296810752035,1,0
-8.4694081951242,-1.2659839827172732,1,0
-9.090640940274824,0.827266483870059,1,0
-9.767210258843628,0.5885035334013877,1,0
-9.779134670374713,-0.29038366262789883,1,0
-9.499372057469284,-1.7268266839907906,1,0
-9.494445954549391,-1.722930005194828,1,0
-8.513457908757388,-1.0906279336439928,1,0
-9.785517328171759,-1.7312566369662226,1,0
-9.780077677849556,-0.650292135765402,1,0
26.887187233472172,-1.643484019110116,2,0
-8.925969861091946,-1.3235654558941394,1,0
-8.523694666111451,-1.2971588863324368,1,0
-9.782464521734223,-1.0784745820125488,1,0
20.409216834181098,-1.4980264620113601,2,0
-8.334907406111448,0.7143110292390684,1,0
-8.921603113422659,-1.308126237257605,1,0
-9.785505816311014,-1.7411018552424995,1,0
-8.674380136867963,-1.658476850034513,1,0
56.6926249642666,-2.0128798269599,3,0
-9.785529139947382,-1.7211549243227586,1,0
-9.785550061783795,-1.70326207009261,1,0
-9.781148492408736,-1.1873794672516849,1,0
-9.730714637007702,5.12249908810407,1,0
-9.53301751840242,-1.7302776173042886,1,0
-9.785501891794539,-1.7444581954715639,1,0
-9.785510648173698,-1.736969530863456,1,0
-9.456226164805276,-1.6586975068390777,1,0
-9.78550193256121,-1.7444233308411488,1,0
-9.767442194085614,1.4166866661467323,1,0
-9.716961911905543,-1.0715236116587465,1,0
-9.773207247033547,1.4324388518992057,1,0
-8.62312065458982,1.1259235418334597,1,0
-9.692066931336056,9.415143953371128,1,0
-9.785585921429384,-1.6725940446580094,1,0
-9.78427159953034,-1.7207255694246821,1,0
-9.785513556937172,-1.734481886863887,1,0
-9.785505338582796,-1.741510419825796,1,0
-8.110991495099595,-1.4011612933188191,1,0
-9.760778952459557,1.4345082015564974,1,0
-9.278675020626093,12.548835042909968,1,0
-9.706539091559796,-1.69685197718427,1,0
-7.783106600564408,-0.7391837499160612,1,0
26.627795735277207,0.0833433536939705,2,0
-9.558529170965585,-1.1664399588732102,1,0
-9.404199958780266,-0.7939295908987155,1,0
-8.903662283774315,-1.7318012431892011,1,0
-9.78272237332327,-1.2153606394303784,1,0
-9.125634592880655,-1.0967226215467285,1,0
-9.728278618242417,2.315454175335641,1,0
-9.774270297070514,-0.1456544757293965,1,0
78.31484011054249,-1.0390570645014123,3,0
-8.68392934815692,-1.381005485008425,1,0
-9.658694588793912,1.6270017597715452,1,0
-9.471656780797076,33.9452657556475,1,0
-9.78553222898528,-1.7185131053290026,1,0
-7.738481141428933,-1.7287730102745151,1,0
-9.78553414515773,-1.7168743488813758,1,0
-9.770677506476694,1.0431838983178658,1,0
-9.733162746416829,-1.1838728570294637,1,0
-9.782872066393201,-1.341007300710586,1,0
63.73689463224096,-1.3443583759619606,3,0
17.560311334752488,9.902549742583254,2,0
-9.74392016451369,6.663718306045102,1,0
-9.783917191708413,-1.46806707001533,1,0
-5.657251729544235,-1.746667496043963,1,0
-8.59731061770267,-1.748456134386504,1,0
-3.1600818719638966,-1.358459371704534,1,0
-9.771664027022297,0.12578319914171265,1,0
-9.775853259685649,-0.6374372436340431,1,0
-9.58346635256808,0.06381089924786476,1,0
-7.907088666093089,18.21140905268222,1,0
-9.700931713863442,-1.6731116311663867,1,0
-9.634141991646334,-1.7131132107528149,1,0
-9.66746233229123,0.3663621706192506,1,0
-9.78550208683547,-1.744291391808911,1,0
-9.762210658537597,-1.6798010128141456,1,0
-9.767020868229118,-1.7359339118431918,1,0
-9.513909407833433,-1.4354973133826008,1,0
-9.632806892876086,-1.6331127982808513,1,0
-6.353209220733607,-1.7573015235860345,1,0
-8.596500621048945,11.712393122511784,1,0
-9.529462429729191,-1.0730437201061311,1,0
-9.784100718204847,-1.4599354679071466,1,0
-9.785525267530474,-1.7244667077578408,1,0
-9.78555140337245,-1.702114711430045,1,0
-9.743176508188371,3.486351816535204,1,0
-9.785533859255155,-1.7171188595927338,1,0
0.8975429121322875,-1.616779914995935,1,0
-9.785647002227181,-1.6203562874317912,1,0
-4.465646335087004,-1.3563018810241718,1,0
-9.785501938078802,-1.744418612064491,1,0
-9.718486488891877,6.141028020057481,1,0
-9.70800531982447,-1.4434619672402746,1,0
33.14059691697193,10.247897371218798,2,0
-8.929074149511809,-1.7450236942996444,1,0
-9.785525906042917,-1.7239206366648108,1,0
-8.797656357268378,-1.7320807033242236,1,0
-8.964709215557551,-1.0437472382207318,1,0
-7.794439485682176,-1.7490224796338794,1,0
-4.522758763530647,-1.4943025256233273,1,0
-8.583072710177134,-0.28210289052665316,1,0
-9.785547129540785,-1.7057697943540002,1,0
-8.838946625554506,-1.7487475156826766,1,0
4.34206021740404,-0.6268512475034413,1,0
-9.276692317808267,-1.7007555448112441,1,0
-9.78323470158561,-0.9738548296106628,1,0
-9.779351561193502,-0.8352436601720958,1,0
-9.216617572559327,-1.7317401647080666,1,0
-9.602131665977327,-1.2904713393682272,1,0
-9.781443413032857,-1.1441415132806947,1,0
-8.560479755337202,-1.3310863552493815,1,0
-9.75165353340327,2.2634133606070685,1,0
-9.779884780827743,-0.48348868124424704,1,0
-9.494551026834573,-1.1810559120846236,1,0
-9.784988148931204,-1.5871676769082614,1,0
-9.7835217862594,-1.2980019976405328,1,0
-9.731768550296442,5.123521828932232,1,0
38.959937750998435,-0.8607222568630478,3,0
-9.78275449943623,-1.4131956807682906,1,0
42.47667322003174,-1.817711762334105,3,0
-9.77693612208046,0.011067696073948197,1,0
-9.672016906864346,-1.0993661670222488,1,0
-4.23644656546476,-1.7763360234062426,1,0
-9.030421938590349,-1.4776249688172425,1,0
96.3933622205535,1.3810156515690752,0,0
-9.697031042489193,-1.4136637000428047,1,0
-9.771393224384015,1.690859124627278,1,0
-8.742404531318288,-1.7194108986070904,1,0
-9.598400163285739,6.2324835566023875,1,0
108.10995937401071,3.0386083407293585,0,0
-9.785507291810442,-1.7398399728888874,1,0
-9.699653118160528,-1.527809477176927,1,0
88.67118783878516,-1.918228249112714,0,0
-5.149534328380903,-1.757761432112649,1,0
-9.343069379663536,-0.16151297770124162,1,0
-8.983138408944868,0.47711124890292766,1,0
-9.778633691832356,-0.7241732624320508,1,0
94.88466648245921,-1.8594115027243587,0,0
-9.784574302261422,-1.7292323729140429,1,0
162.1815825447314,1.6694510095819775,0,0
-9.775067237218304,-0.2558098767630632,1,0
23.79973185241192,-1.0391403129740373,2,0
11.517410536072525,0.6857060076003321,2,0
-9.233933063966797,1.06165954550795,1,0
-9.78550522324924,-1.7416090558371602,1,0
-4.19265118556029,-0.9890110149243092,1,0
-9.785570156973748,-1.6860761836603135,1,0
-9.203000843059158,-1.0134414325207661,1,0
-0.6223710042070962,-1.3222786175009205,1,0
-9.699174451746273,-1.5178374362846314,1,0
-9.721046555629275,-1.7095834600860165,1,0
-8.56324146451083,-1.3395437141926108,1,0
17.827280824291996,0.02283234646478438,2,0
-9.785528737202846,-1.7214993610707543,1,0
-4.252787724279852,-1.5495011564478562,1,0
-9.616395239318742,4.424309813592994,1,0
-9.36316094268793,-1.4596430871782744,1,0
-8.010942896400204,-1.7556200292807989,1,0
-7.793594959570269,5.209099863070614,1,0
-9.754324826869437,6.054637389512797,1,0
-9.785534024882159,-1.716977211422912,1,0
-9.701374141482756,-0.41406575772315424,1,0
-4.438067100705888,-0.7378440149408234,1,0
132.920479547845,-2.4160247170731246,0,0
-9.740269476334351,3.586609716749491,1,0
42.445240699018115,-0.055328059345221225,3,0
-9.65609384585996,1.1252931299081639,1,0
-9.78551871844622,-1.7300676410405573,1,0
-9.015866794561095,-1.7352714662827222,1,0
-9.773393734085953,0.3814804830560463,1,0
-9.785502373273927,-1.7440464227991006,1,0
-7.309454250704765,-1.746503715611878,1,0
-9.65337522146018,-1.2700325185095191,1,0
-9.719371844983987,-1.7407945330607897,1,0
-4.293391599275715,0.0761286073521168,1,0
104.43419960865543,-1.3616162237819847,0,0
-9.785527765610428,-1.7223302901129696,1,0
-9.702167139975943,8.838846216229456,1,0
-9.77810785110511,-0.5014581645368693,1,0
-9.330824012034874,-1.7450194636200278,1,0
-9.76774802820987,-0.9923833542203248,1,0
-9.78551372050004,-1.7343420039918078,1,0
-9.725082932765343,7.919265601390943,1,0
-9.783323145541592,-1.2855164342556817,1,0
-9.76539345707261,1.3724527209191417,1,0
-7.540646060613236,-1.730773800942718,1,0
-9.78550910298986,-1.7382910089898953,1,0
-9.351893118680167,-1.7371079814545505,1,0
74.42530241104174,-2.1315582685517973,3,0
-9.632978579942042,-1.6892252025082883,1,0
-9.586554922235745,-1.7318649137352848,1,0
18.038826467186226,-1.9528319555538478,2,0
-9.769955104144664,0.551555105572729,1,0
-9.76275160942677,1.5199117637901387,1,0
-9.762849714035683,3.7218049178349,1,0
-9.635826285528458,-1.7339488017357747,1,0
-8.465154307442402,-1.7288074830844031,1,0
-9.1951504573338,-1.7488037230232227,1,0
-9.746756254676253,-1.7248617627518543,1,0
72.08911343372553,-2.242711299169049,3,0
-9.739199377887992,3.1169150579776153,1,0
-9.785530291814224,-1.7201698202863562,1,0
-9.589319455999016,5.069013720504852,1,0
-9.785512063217782,-1.7357593513648801,1,0
-7.702174309482507,-0.9599381948344183,1,0
-9.739148076396408,1.599128625402276,1,0
19.15857067690065,-1.2250272480508404,2,0
-9.760988573938485,0.7996184276639062,1,0
-9.785541927185676,-1.7102189727038122,1,0
-9.779505468380876,-0.5712139840721715,1,0
157.22067293585732,-0.10835148818036822,0,0
-8.315593651145326,-1.1155999812010657,1,0
-8.269351331267552,-1.7525484200779047,1,0
-9.354943585067142,-0.2572273251355677,1,0
-9.437088958710401,-0.7070935603217999,1,0
-9.785506035089501,-1.7409147506558074,1,0
-9.779889986749266,-0.31212495440074783,1,0
-9.78320348932839,-1.207280385781833,1,0
-9.785528988233443,-1.721284673706835,1,0
-9.023324839655464,0.35071838267088684,1,0
-9.785502848997552,-1.7436395725914962,1,0
-9.77032688011451,0.22963367385394173,1,0
-8.607992866969717,-1.319843711015476,1,0
-8.810182166111746,-1.0021034386879224,1,0
-9.785523374420766,-1.7260857403979981,1,0
-8.256190146439078,1.1381887487227322,1,0
-9.627015416450536,-1.0733624312236805,1,0
-9.46820508345418,0.6112475465443397,1,0
-9.334875669652098,7.8491042127561075,1,0
-9.775852342535494,-0.27125079761499693,1,0
-9.707194015328158,-1.6715163459297924,1,0
-7.224779215429033,-1.744186954850774,1,0
-9.7513658996124,3.759553936976996,1,0
-9.33691142458592,-1.5414432627982675,1,0
-9.77429547969398,0.3834859907431847,1,0
-9.641670494845213,-1.4107483873646285,1,0
-9.765671466499468,3.039531328714509,1,0
-7.305434630938848,-1.7443898209756101,1,0
-9.591169627923936,-1.7292819423858363,1,0
18.336618318644724,-1.3493054949407708,2,0
-9.704384968782811,-1.7273227675895013,1,0
-9.724305841975198,6.993788671895445,1,0
-9.751265680479317,-1.688402983700208,1,0
-9.785512748292351,-1.7351734592285424,1,0
-9.395600854115047,7.541952870853124,1,0
229.08641512162185,-1.779744219741871,4,0
-9.747440319300873,2.9501186266674013,1,0
116.95690329758263,5.286450891758929,0,0
-9.23237468177247,-1.721647518503124,1,0
-9.733895098923668,0.4887524908735066,1,0
-9.777888530255925,-1.6553376544475822,1,0
-6.862323159631501,-1.112561176655864,1,0
-9.776062415833275,-0.12776182649614753,1,0
-9.043343881735273,-0.8480273821950387,1,0
-8.14854807958713,-1.1542915404141,1,0
-9.759603254178154,1.3565928850796989,1,0
-6.855127308227297,2.5778351379638402,1,0
-9.785507297685289,-1.7398349485799278,1,0
-8.119299930259244,-1.724224028677701,1,0
-8.350489872792174,0.5102744333110105,1,0
50.404368299330955,3.5898630039065633,3,0
-9.779435755421067,-0.5678577823720655,1,0
-9.781242161719367,-1.0453228595507236,1,0
117.08782163138235,-1.0714102071727647,0,0
16.10073086767957,2.6828746991926415,2,0
-9.758508685703202,-1.7008548851645715,1,0
-9.552507235839155,-1.1224291220261975,1,0
-6.650516659535404,4.521134823250846,1,0
-7.961789047072884,-1.1768532102459741,1,0
-9.785520313149457,-1.7287038127423138,1,0
-9.549044777220237,-0.10278289283102793,1,0
-9.079588729902884,-1.734361039896998,1,0
11.205195016521358,-1.63850419700441,2,0
-9.772904894248503,-0.17763165046738294,1,0
-6.945309259890286,-1.7654755293639688,1,0
-9.764810634795678,0.7532505556503493,1,0
-8.283278241078433,-1.7401438187529636,1,0
-9.586966409141931,-1.6665743423527095,1,0
-9.685073596732318,-1.738452831463503,1,0
20.616352381770948,-1.7058442818379325,2,0
-8.764819724888751,0.3085484729627306,1,0
35.53732502884958,-1.4844620633294856,2,0
-5.785218479615097,-1.5048726755182578,1,0
-9.77523144238256,-0.35246024500936013,1,0
-3.4510365475692675,-1.7227496075725608,1,0
-8.583490657301203,-1.7317304814326715,1,0
-9.578665236409996,-1.255446770345476,1,0
-9.724633561728464,10.716601578182818,1,0
23.558748771591862,-1.7308368630778035,2,0
-9.767601704851135,0.8552669758451596,1,0
-9.715602394761572,-1.7126081062028309,1,0
58.195218509128296,6.13619410793576,3,0
-9.78553375575068,-1.717207379090112,1,0
-9.785501848666021,-1.7444950800099728,1,0
-9.634608400204035,-1.741859390956338,1,0
-8.50627960314926,8.430535612090935,1,0
-9.657363685362077,0.8628784299449692,1,0
-9.551430251720895,-0.780708053639589,1,0
-8.083069598508208,-1.699673205412313,1,0
-9.78016468850029,-1.6933804641421029,1,0
41.62553622835367,-1.6076471147485003,3,0
-8.703765357185654,-1.2393219593925207,1,0
-9.768578547311666,0.7070059879578232,1,0
-9.774784761794885,-0.3853636285597639,1,0
107.1338123683564,-1.5914575296179276,0,0
-9.785623281681428,-1.6406426647386017,1,0
-9.747853315992806,-1.7288439728538558,1,0
-9.785509167295611,-1.7382360131756087,1,0
-9.785501287479258,-1.744975020333725,1,0
-9.37418279600013,-0.937735614778489,1,0
-9.597125364751143,-1.7216959830128706,1,0
-9.662580049943262,0.15905478499955983,1,0
-9.78550329399732,-1.7432589981618287,1,0
-7.262809298008832,-1.7550782698363385,1,0
-9.616475152621225,-0.5366127285427307,1,0
-6.989577032705169,-0.8711885922273211,1,0
-9.752989597530737,-1.7352999341389779,1,0
-9.759692091194895,1.9814453403474919,1,0
-9.766655668897886,-0.03581835570504266,1,0
-9.743961066091677,-1.7089051209127795,1,0
-8.138770253310602,-1.2484905344094943,1,0
119.14402213628514,3.5965475935031233,0,0
-9.655968335242676,-0.8147232347787877,1,0
-9.43634487468752,-1.7228193992295857,1,0
-9.78554278888274,-1.7094820287923702,1,0
-7.835821352203579,-1.7411770601544903,1,0
-9.785501407814372,-1.7448721068701385,1,0
-9.261460663289181,-1.7262617397390794,1,0
-9.52942717022177,-1.1909837271668384,1,0
-9.731686491431145,-1.6320114761016287,1,0
45.88179893890931,-1.0886373423304145,3,0
-9.664145912225356,-1.3055444160788179,1,0
14.639288016934174,0.7139986040121165,2,0
-9.785519894765125,-1.7290616250155124,1,0
-9.775886855664801,-1.7403126357430223,1,0
-7.556755568237401,-1.7567023632135559,1,0
-3.505296223031677,0.1786552400525987,1,0
-8.09331853739145,-1.1342658149190838,1,0
-9.781980986028238,-1.6615897404579398,1,0
-9.156815236437264,-1.7392724425152548,1,0
-9.768039694659938,0.5378425404028051,1,0
-9.571298166085716,-1.7376090406025244,1,0
-9.728607286345197,-1.083893314397718,1,0
-9.648619800644788,-1.7302399423325001,1,0
-9.785562976184726,-1.692217365948313,1,0
-9.785507248225434,-1.7398772478296818,1,0
-9.781095874493078,-0.8521292485489649,1,0
-9.780652392515906,-0.5846851280816763,1,0
-7.164233071294635,-1.6468437483853466,1,0
-9.783469902925146,-1.229653756204331,1,0
-9.49032088834599,-1.1600530550813846,1,0
-8.972378859500159,-1.7435726618131582,1,0
-9.78489868983063,-1.6537784467460255,1,0
-7.558419703162432,-1.7545572715547788,1,0
-7.114466666692875,4.0206816792953415,1,0
-9.724579895778994,7.477754755851563,1,0
-9.669122013975333,-1.7207866769228255,1,0
-8.863977937003353,-1.7284621372559184,1,0
-9.774609157683544,-1.7271605366096492,1,0
-9.149673977103214,1.7494818788703976,1,0
-9.479907249219139,-0.8703922622387977,1,0
-9.785592842177062,-1.666675255937536,1,0
-9.785564938780372,-1.690538907275496,1,0
-7.857494083808312,-0.45699995233142354,1,0
-9.702638148067354,-0.9158623087636804,1,0
13.823247966421022,-1.2715603547220347,2,0
-2.8468518261109823,0.1344389033102522,1,0
-9.3501775928829,3.873108093681905,1,0
50.5837361055373,1.5924704930790319,3,0
-9.297138965831646,-1.5064772604566656,1,0
-9.743435870054157,1.243297749828371,1,0
-8.741743372473708,0.14054609192595113,1,0
-9.785024823391085,-1.6749845439108264,1,0
-9.78558838527248,-1.6704869071920407,1,0
-9.756356145303199,1.8480710170728205,1,0
-9.697785428025801,-0.35801546093981185,1,0
-9.785534567432162,-1.716513209700893,1,0
-5.931310174199106,-1.7186643668690014,1,0
-9.71649191427446,-1.7158280844942673,1,0
-9.773074673394413,0.04305122203414835,1,0
-9.785532463721118,-1.7183123536328393,1,0
81.21027065311226,-0.27843426264243676,3,0
-9.252326466743435,3.701895435064058,1,0
-9.785527950290987,-1.7221723468870629,1,0
-9.11030629060674,-1.7462094393110836,1,0
-9.783521280304475,-1.2932587379244616,1,0
-8.142762719199228,-0.2573747982269796,1,0
-9.517602159682035,1.8846439918020677,1,0
-0.42992198011897464,33.198748630926346,1,0
8.632916171302647,4.817369722272551,2,0
-9.695059304636315,12.179481727033274,1,0
-9.785535835069203,-1.7154290962247578,1,0
5.943408600329539,-1.018993414476229,2,0
-9.74551034509417,7.6470055083079,1,0
-9.395663088767437,-0.25623680995986775,1,0
-6.331000393299765,-1.6743948957956722,1,0
-9.497100503658437,-1.7138375201118758,1,0
-9.783049943115094,-1.7341715939721203,1,0
67.1198340532856,-2.0657667459099374,3,0
-9.785504113022357,-1.7425585483864103,1,0
-9.771847274657675,0.24415146038468505,1,0
-9.333911744768981,-1.7420148143476688,1,0
-9.55921784368228,-0.09586561825041673,1,0
-8.680809237843086,4.9474165060012885,1,0
-9.404510863891078,12.488439603043268,1,0
-9.782731427217177,-1.0683144259023032,1,0
-9.784527185488114,-1.5442774573991107,1,0
-8.36185369410128,0.12652487670530443,1,0
-9.441336866576563,-1.7424358228932855,1,0
-9.674550131356753,-1.505894967885436,1,0
-4.490311311047549,4.5653097759003884,1,0
-9.785527224251272,-1.7227932733939832,1,0
-9.061540681196375,-1.7418686025918027,1,0
-9.711043434032865,-1.5498285205401252,1,0
-9.652035650841745,13.568931939142264,1,0
-9.780165169081497,-0.4771229225765181,1,0
-9.785541389279976,-1.7106790025059104,1,0
-9.782886099164488,-1.2280836615653115,1,0
-8.700241569297996,-1.7145950837829345,1,0
-9.718209923904507,-0.8022573185992948,1,0
-9.728911595173525,5.0043627687651275,1,0
-5.476759598045887,-1.7613771329654375,1,0
-9.773929666033224,-1.6988302822967853,1,0
15.636147755539,-1.6510629484668662,2,0
-7.973169011684238,-1.7480558627642377,1,0
-9.057949110344401,-1.5132302282410046,1,0
-9.785509281736031,-1.7381381409949985,1,0
6.548542472960907,-1.563133180526235,2,0
-9.561250753780415,-1.6820118344345387,1,0
-9.783200049585504,-1.2856945036135452,1,0
-9.633007715525876,-0.7278445334974826,1,0
-9.779067825672984,-0.4266112287815742,1,0
10.889097857415933,-1.3364919077694237,2,0
-9.785514928574873,-1.7333088295399548,1,0
-8.100807037406884,-1.6278995597298904,1,0
-9.759808855072613,2.078996211525295,1,0
-9.783735906952232,-1.48418659408096,1,0
-9.78551138532799,-1.7363390989071528,1,0
-9.779547282099799,-1.7311945811592122,1,0
-9.782033285516855,-0.8667891489716765,1,0
-9.78022094348847,-0.4459378435071666,1,0
10.12855415517146,4.130655318023879,2,0
-9.732738928076543,-1.718668778071601,1,0
-9.776672298228643,0.616682345477285,1,0
15.104815742103213,2.679183315991642,2,0
-9.40795084155593,-0.8979644771327029,1,0
-9.752754342545387,3.1877254414543383,1,0
-6.412431016394823,-1.7699472325526975,1,0
-7.675746030558897,-1.7513689339063587,1,0
27.61036258423758,0.10463288451979591,2,0
-9.492837026929672,-1.3466878569578358,1,0
-9.77301296685571,0.2770050514861644,1,0
-9.633344093271937,16.563923707695952,1,0
-4.979124054790222,-1.7796118015561309,1,0
-9.698388088954918,8.246703620484887,1,0
-9.781097847105306,-1.0553404182048562,1,0
-9.778215542300366,-0.7455602354565494,1,0
10.415119632543632,3.4987145344452477,2,0
28.564489845842008,0.07327565073614073,2,0
-9.229839378066062,-1.5528870593538149,1,0
-8.537040306641275,-1.2656434256366336,1,0
-1.051976936166115,-1.3989366970535742,1,0
-9.785511248916437,-1.736455761324311,1,0
-9.7597563685653,1.8207173581278617,1,0
-9.785504887906658,-1.7418958488242553,1,0
-9.776487926331283,-0.40510387371104506,1,0
-7.685288155804508,0.8418450897259699,1,0
-9.730631496006055,5.355169388688355,1,0
-9.777137635392785,-0.7105356291980132,1,0
-9.772317839026785,0.08336584020861415,1,0
-9.783242992503155,-1.2150261045571769,1,0
-9.745782276878607,3.6960769162662404,1,0
-9.591864412986634,-1.7440978372584728,1,0
-9.64330157569975,-1.7155681573033528,1,0
-9.1951851303575,-1.450084102950594,1,0
-9.771995213038593,0.400364915528298,1,0
-8.474471279402556,-1.742641904166446,1,0
-6.472022895252181,0.8629107617079028,1,0
-9.35887917247184,6.78797424207995,1,0
-8.311712202369055,-0.9430594146575633,1,0
-9.712338429149659,-1.696482661141767,1,0
84.48476238142197,-1.9555254396645074,0,0
-9.785514657002159,-1.7335410850112156,1,0
-8.85145882714868,-1.7151629855157704,1,0
-9.785504243439977,-1.7424470121223121,1,0
-9.31013178025197,-1.6239442518234197,1,0
-5.719490099835397,-1.7698017060228064,1,0
-9.12379922959908,-1.7337414421308623,1,0
-9.636862656379936,-1.7034215568963262,1,0
-9.776303169567305,-0.6037544084730102,1,0
-9.783472973470248,-1.3962582526927623,1,0
-8.132732891559746,-0.2599601057449661,1,0
-9.785511344620861,-1.7363739126155175,1,0
-8.901444048230125,-0.8523481680658596,1,0
-9.783170737317558,-1.1195766423856142,1,0
20.76565578123341,0.7004428792720909,2,0
-9.784464551530089,-1.733965350029914,1,0
-9.7113994474716,-1.7324106013015048,1,0
-9.767632698331386,0.582720455559463,1,0
-6.214023475606284,-1.2966265907835588,1,0
-9.03984593196121,-1.4558694662609941,1,0
96.0136174305994,7.048518572442453,0,0
-8.71631162106462,-1.2720962015443191,1,0
-6.825657604265711,-1.0870316351234628,1,0
-9.785518048892358,-1.7306402594957926,1,0
-9.785519672493487,-1.7292517170291535,1,0
-9.706626038489867,10.161530054792294,1,0
-9.785506132600043,-1.7408313573114893,1,0
-9.659934247149966,-1.1490779998640364,1,0
-9.78556461675543,-1.6908143106973483,1,0
-9.616836437739003,-0.8379106782043074,1,0
-8.840030032062739,6.232929222769932,1,0
-9.747417421170086,2.9351644578381384,1,0
-9.63670980707711,-1.441736346050813,1,0
-9.512151903473283,3.0359985046886315,1,0
-9.783342866398892,-1.2668188002639615,1,0
-9.784385328810522,-1.7380553193842336,1,0
-9.413155728170825,-1.1910689390673581,1,0
303.78030951543195,-1.9215035888857028,4,0
-9.77910037102228,-0.4531714664541938,1,0
-6.0317129567754115,-1.7664837177662258,1,0
-9.566783835373306,-1.681890901678697,1,0
-9.78247988388283,-1.085837510901964,1,0
-9.779874282342544,-1.6870899759650637,1,0
-9.583040255912607,-1.7248397913281122,1,0
71.68841422600123,-0.6265071182663269,3,0
88.5224910933592,-1.1595509027971,0,0
-9.785502429025424,-1.7439987427860353,1,0
-9.785526799595145,-1.7231564494564766,1,0
-9.546299412056449,-0.8072543808853732,1,0
-9.461787637146717,-1.734237060591826,1,0
-9.781053578984107,-0.9615416974556492,1,0
32.58456354040919,-1.3905653253223087,2,0
27.666017500177116,12.192965836265685,2,0
-9.775276040233399,-1.710696427590181,1,0
-9.491406117832945,-1.7261879437368233,1,0
-9.78067625690918,-1.1648442087674247,1,0
-9.621221173710147,0.07577187020141296,1,0
-9.765738090864733,0.5144456726659086,1,0
-9.701768152469622,-1.4280048189677463,1,0
-9.75227073624433,2.336920889484965,1,0
-9.785519552436238,-1.7293543928565054,1,0
-9.000517031887407,-1.727139175801826,1,0
72.22691916087376,0.9111358991110072,3,0
-9.776259371187729,-0.35359965168494956,1,0
232.56351288004686,-2.881451130540687,4,0
99.63434680923233,2.5013323415892765,0,0
-9.785528935697233,-1.721329603929186,1,0
-9.24793535268981,-1.0659377247996566,1,0
-9.764147364284288,-1.7435633295297592,1,0
-9.745744785412267,3.512059460442857,1,0
-9.785539639191022,-1.71217572038133,1,0
-9.44603924442462,-1.6911698073977866,1,0
-9.765606554925409,1.441787007379773,1,0
-9.785274668768727,-1.7072713529865713,1,0
-5.663721837446885,1.3772429095513865,1,0
-0.7498874361931112,-1.8034671472769468,1,0
-4.998232141219597,-1.741765255649424,1,0
-5.266612833527765,-1.7717325232461383,1,0
141.08189718667379,-2.335643744099541,0,0
74.21978542529764,14.334061617234706,3,0
144.66365126775688,-2.3123451552940737,0,0
-9.785551797741363,-1.70177743771712,1,0
-9.406052405341672,-0.6468339491314251,1,0
-9.783646693956415,-1.7267552430654194,1,0
-8.022072597743858,-1.7432011321728744,1,0
-9.743365304668087,3.2903203793519014,1,0
-9.528724899481299,-0.17587628090209284,1,0
-9.781513973002498,-1.6917439172844122,1,0
-9.779220083602098,-1.6799739496778492,1,0
-9.77321867945535,-0.17027455151293047,1,0
-9.780137455180915,-0.7518982348337903,1,0
-9.785528021344874,-1.7221115799070794,1,0
-9.665875883996746,-1.7418761419939792,1,0
-8.785688705272477,-1.290879156752281,1,0
-9.78555503232064,-1.6990111482584982,1,0
-7.05385488190825,-1.426985955660332,1,0
-9.660558670882205,2.591059265942429,1,0
0.6473086424080261,2.9625907161506726,1,0
-9.782885318060083,-1.741270168510047,1,0
-9.053748019397867,-0.6147455970713117,1,0
-8.845181400596408,-1.59851501800944,1,0
-9.779889070354628,-0.49017871722881,1,0
-9.779642920537114,-1.7385307749688959,1,0
-9.272119109187571,0.5408498113214735,1,0
-9.768801918417777,0.37712710101641167,1,0
-9.785517018094986,-1.7315218220299884,1,0
-9.1798518079601,-1.5546054996618814,1,0
-9.777596393055783,-1.4944435543343186,1,0
-0.11366750292545547,-1.1733864370058253,1,0
44.62379139606841,-1.0909382238087186,3,0
-9.77062505306707,0.20641338928571407,1,0
-9.782581132021502,-1.740398244294415,1,0
-7.7259388877147215,-1.7085450629795733,1,0
-9.775657241795216,-0.04691397688760035,1,0
-9.559970751443252,-1.7127927514068972,1,0
-9.785519106186081,-1.7297360366492285,1,0
-9.760782804902618,1.4171743489800908,1,0
103.50477876549716,0.3522508039394656,0,0
-8.050974489008896,1.6700110961684431,1,0
26.9893042584464,0.4556476790564017,2,0
10.889185598996068,-1.1937831251904856,2,0
-9.783633222681233,-1.387373949588018,1,0
-9.785521858472228,-1.7273822157977572,1,0
-9.75433257647007,1.968895984232022,1,0
-9.634921590740152,-1.4346982694273616,1,0
-9.69296824096645,-0.28924984152524336,1,0
-8.503273797195464,8.204723217558172,1,0
-9.618732302689123,-1.7435261242212223,1,0
-9.622692591303124,-1.6826244028281507,1,0
-9.599838365782462,-1.7412406190518563,1,0
-9.462118896599204,-1.652603085878253,1,0
176.24972177459125,-1.75845698208862,4,0
-9.785543139924659,-1.7091818093580216,1,0
-9.785518089341469,-1.7306056664496454,1,0
-6.084042886021965,-1.7707158440456907,1,0
-9.785505850686805,-1.7410724562454796,1,0
-9.777093261474866,-0.4015600826040413,1,0
-9.57085284594176,-1.7415837071364613,1,0
-9.785522198776674,-1.7270911793064732,1,0
-8.320292128665978,0.38540363988227866,1,0
-9.65785012243328,-1.7292412283303302,1,0
-9.778577810033596,-0.27685851480392354,1,0
-9.295054125784487,-1.7337009790024869,1,0
-9.78551674287034,-1.7317572007203323,1,0
-4.695952282034251,2.2336095415770365,1,0
1.9634156487115053,-0.052550394317800064,1,0
-9.784019301906536,-1.3853007652866693,1,0
66.60770782834597,1.3936884610121503,3,0
-9.738141303674448,5.214472259199455,1,0
-9.785585567489735,-1.6728967422988041,1,0
21.898691309352245,0.5623345583654256,2,0
-9.78160215383777,-1.0452020172724337,1,0
146.05568046335233,1.8646306465261988,0,0
-9.089260983136343,-1.685908257602803,1,0
112.12374961157948,3.199752070552999,0,0
-9.78551444258251,-1.7082591847361273,1,0
224.2511697976426,-2.195394674368444,4,0
-9.744601012515998,3.0283317118067616,1,0
-9.592514578730686,-1.7203035509505442,1,0
-9.782044557300216,-1.2244650616260608,1,0
-9.601893293961465,2.454494600177179,1,0
-9.568279808012315,-1.304914405994096,1,0
-9.784630348960606,-1.6057274654372922,1,0
-9.781682580510575,-0.8862060754245468,1,0
-9.672499528091969,-1.7383620289211827,1,0
-9.77012003310271,0.1574458963277645,1,0
32.85895936504775,-1.3778244717557824,2,0
-9.785511901461032,-1.7358976896014349,1,0
-8.80514184159226,-1.743729593602721,1,0
-9.725730225047492,5.28751492395313,1,0
-9.441517112172678,-1.7367881628363833,1,0
-6.179643191773817,-1.7503753880270707,1,0
1.4229973542108603,-1.254046249154641,1,0
-9.785545014119743,-1.707578952955832,1,0
-5.405916856485667,-0.7140880984834229,1,0
-9.750918013484403,3.238667032916818,1,0
-9.616806558051282,0.7251902048750893,1,0
-9.332549205203865,-0.7538713578734754,1,0
-8.366184491627035,-0.2565643585769821,1,0
-9.559629658474373,-1.081379006329694,1,0
-9.02367954239725,-1.6842006540891201,1,0
-9.023300773067247,-1.2930819792128907,1,0
-9.7839526828517,-1.4006616013891284,1,0
-9.785520326705267,-1.7286922194888699,1,0
23.448081657267803,-1.384155677555814,2,0
1.0234215223465633,-0.7135692409052641,1,0
-9.470557805268232,-1.7193676298416238,1,0
-9.785533806063977,-1.7171643499576377,1,0
-3.0735478277843313,0.7502576671837966,1,0
0.05140370660439508,-0.8029708324556116,1,0
-9.69081552737118,-1.698353339444701,1,0
22.240287975531622,-1.462104552728501,2,0
9.831373589608447,3.0961804212745925,2,0
57.099857901915485,0.5913362661338191,3,0
-9.785505829966063,-1.7410901771189717,1,0
-8.862083797290442,-1.7254442210883538,1,0
-9.66990288473157,-0.4500076683323223,1,0
-9.778662480110743,-0.7954776224054462,1,0
-9.605427876437906,-1.7343153720231785,1,0
-9.334528312371667,-1.5003017052466474,1,0
-5.0418214866094075,-1.759607126637945,1,0
-9.785544205633704,-1.7082703895283533,1,0
-9.78441142455842,-1.5269177754293786,1,0
-8.548966274995417,9.668856735688024,1,0
-2.9379490224091827,-1.041050759611888,1,0
-9.706538778865117,2.498207843227894,1,0
-9.785509097353183,-1.7382958296106539,1,0
173.99619063159076,-2.5157462305659886,4,0
-3.711297596270451,-1.7886082598365993,1,0
-9.565390116588619,-1.7108232059551436,1,0
-9.7192164018697,-1.218266097507461,1,0
-7.212434673010662,-1.6529421949726981,1,0
40.72649397442062,-0.09922783966960957,3,0
-9.78200436547748,-1.276388009106334,1,0
-9.756315914999583,-1.189434136699393,1,0
-8.719506573701667,-1.7122994372131788,1,0
-7.868514331306755,2.88901240754008,1,0
-4.090400846062692,-0.8140048058453291,1,0
-9.784937219847308,-1.3844985797517921,1,0
-9.76319076225433,0.8642103653746385,1,0
-9.7714939510918,0.12875009527806314,1,0
-9.133639295822734,-1.7056453603897275,1,0
-9.785557034591346,-1.6972987585261876,1,0
15.580806221394301,-1.0461182445370762,2,0
-9.772137042534336,0.3238393713563208,1,0
-9.671327227037578,12.186675652286894,1,0
-9.734402685527936,-1.7414853826266727,1,0
-9.594176888378534,-0.14469878691300186,1,0
-9.753707645927879,2.273453099091437,1,0
72.17297949731494,-1.14378896604222,3,0
-9.785530578748867,-1.719924426926127,1,0
-9.732602020006956,3.103329962343812,1,0
-9.771620708677709,0.3255145244260951,1,0
-9.785528716402712,-1.7215171498403137,1,0
23.52180818055776,-0.23935945033131745,2,0
-9.623007783869776,5.3246417296095405,1,0
-9.6701629816764,-1.7459215988296453,1,0
-9.456172415862788,-1.1191895184722762,1,0
-7.920490900949953,-0.5367143879720007,1,0
144.13338414515053,-0.745338371286147,0,0
29.657991424439647,-1.2308728995451907,2,0
-9.605442081903716,-1.743747452209222,1,0
-9.784167027130241,-1.4678159426673754,1,0
-9.78301222520969,-1.4564933629033767,1,0
79.20568445177005,-1.3677977473320497,3,0
20.37404893377063,-1.7635976325290355,2,0
-6.876799601694374,-1.7401974542420668,1,0
22.938386200510426,3.7191169475902344,2,0
-8.368545056164091,-1.754379192012224,1,0
-4.075728633471703,6.837228454273769,1,0
-9.73792767934836,3.8117767099938167,1,0
-9.045666078606688,-1.7300259633730006,1,0
-7.666784687414957,-1.4577597195302063,1,0
-9.748121307703121,-0.8927613799657895,1,0
-9.089518624497094,-1.7481721030231243,1,0
-9.558390380215773,-1.356368346197242,1,0
-9.76124803442202,1.401893727779843,1,0
-9.782517438883586,-1.2164447058647636,1,0
-9.673258279621185,-0.41543431842788836,1,0
-9.678044448511645,-1.6640495610306154,1,0
-9.78552262950612,-1.7267228091948528,1,0
-9.781680793954413,-1.2780336714814067,1,0
-9.29936475151994,-1.5529391441329827,1,0
-9.043631985885256,-0.44288932508028667,1,0
-8.742601351488666,-1.7294461711967626,1,0
-9.225944697284305,-1.7276990486741184,1,0
-3.4481653899283717,-1.6076789281032968,1,0
93.43314665195227,-1.08730066704718,0,0
-9.480599283404572,-1.6848989344162666,1,0
-9.760355000523278,2.8259603721002886,1,0
-9.710330330064659,-0.5415667310915419,1,0
-9.687035386282448,0.07400841955459647,1,0
-9.774083686880758,-0.10868694589462913,1,0
82.61745311657097,-1.80636000799987,3,0
-9.68914865077042,12.106487423268977,1,0
-9.357001037022082,-1.7268701584719777,1,0
-9.773183144711458,-0.11115988080657324,1,0
-9.773475456561556,-0.33255001858558875,1,0
160.29453365486688,-0.39527651047415135,0,0
17.064665310103788,-0.6423618441415797,2,0
-9.780568948393578,-1.7232605843511535,1,0
-8.446990150053786,-1.744469421867486,1,0
-9.27357272266469,-1.5459378817782572,1,0
-3.5986406444059167,-1.6005815191495445,1,0
-9.754925216699448,1.8955919811930575,1,0
-9.780402189722201,-0.7025215889446886,1,0
-9.767831120370017,0.4640821964419457,1,0
-9.773223204317503,-0.16071511075854517,1,0
-9.738900426785504,-0.03720941972315428,1,0
-9.774700775992914,-0.08073933513562759,1,0
-9.784266142337724,-1.7381253294386774,1,0
-9.746254336889416,-1.4407349247535621,1,0
33.72567762207629,1.8739517684134297,2,0
-9.098435698383232,-1.532000786860672,1,0
-9.603473691840117,-0.32778220424268256,1,0
-8.280122080205448,-0.3055160140950228,1,0
-9.76016769559042,1.7443869991008198,1,0
-8.9889430634244,0.7975032446515979,1,0
-7.498008698317475,-1.4998086696371642,1,0
-9.639814857306376,5.752105771589185,1,0
-9.63693551228317,-1.2749487853119748,1,0
-8.899292293691456,-1.4431197529566184,1,0
-9.784253152830225,-1.7365016279733285,1,0
-9.785502933071367,-1.7435676706565213,1,0
-9.740080436217745,3.4764086176353697,1,0
-9.548705933235608,-1.7428000945742292,1,0
-9.666283093865548,-0.802593786964583,1,0
-9.784525927216716,-1.7324059509929528,1,0
-9.708397768942772,-1.342742484821919,1,0
-9.059582203909903,1.323771057678191,1,0
-9.785522481523504,-1.7268493674637793,1,0
-9.785510627413261,-1.736987285684982,1,0
5.800684384500036,5.967947908828888,2,0
-9.782486437973702,-1.1296106508785058,1,0
-9.552702967547763,-1.0485513788169232,1,0
-6.053167196787384,1.5659028918013522,1,0
-9.489416501231865,-1.7212880931935508,1,0
-9.78214088271197,-0.9564786630290352,1,0
-9.187066664725563,-1.7143459955562386,1,0
-9.785517936377142,-1.7307364851967775,1,0
-8.78016461669041,0.40212009829303197,1,0
-9.649604341527803,-1.210798523841565,1,0
-9.779469818355865,-0.7168837326342162,1,0
-4.9711962127677465,-1.7511002529810287,1,0
-9.730481523877593,5.026220090890171,1,0
-9.769444824643418,-1.731962251486467,1,0
-9.183665921801953,45.06488045317147,1,0
-9.783206046895838,-1.4328789523364183,1,0
-9.749319715343544,5.645985279521543,1,0
-9.557030349617367,-1.4110493904845096,1,0
14.581268391245384,3.5409413819454354,2,0
-8.20827510293866,-0.22675904758225052,1,0
-9.785504109906308,-1.742561213307041,1,0
-9.079872070429138,-1.5519850632444838,1,0
-9.780684053901545,-0.6339182991063862,1,0
-9.051248949924794,-1.674027356475288,1,0
-9.659188330676294,-1.7248809132765852,1,0
11.221216675549162,-1.4750166031393799,2,0
-9.755050688979443,2.0488555395969255,1,0
2.6720984288829452,3.3745699418460022,1,0
-9.768071626622495,2.423086828841095,1,0
137.27326067117986,-2.6203579682513274,0,0
-8.749431868830342,1.216064217402677,1,0
-9.785538361153915,-1.713268728242245,1,0
-8.468007926641793,-1.3056600549765074,1,0
-9.785513014010066,-1.7349462110922245,1,0
-9.660891911350616,-1.7434703435657717,1,0
-9.743064601704774,0.6253785669936991,1,0
-9.780966403020166,-1.211791436109344,1,0
-9.711014101255978,-0.8762169563193022,1,0
-9.785524548357976,-1.725081761254964,1,0
-9.785511239588134,-1.7364637391121858,1,0
-9.11722539254501,-1.7287682962454252,1,0
-9.421385135153198,-1.177293306570857,1,0
-2.197142823210781,-1.5331865361441623,1,0
-9.785274882211223,-1.6818523603817523,1,0
-9.15358142375355,-1.7469681186238475,1,0
-9.653172408599902,4.534647135125489,1,0
-7.9920339683444155,-0.5082955961334195,1,0
-7.612666092852249,-1.7578890415759327,1,0
-9.781987866927714,-1.007434773960258,1,0
-9.63429930493115,-1.2737170587142985,1,0
-9.319001145603222,3.608787715636371,1,0
-8.731917501206116,-1.4386698679262284,1,0
-7.969998179535851,6.963062334363406,1,0
-9.734595587965543,-1.7287550303759618,1,0
-9.266229273312318,0.6954583664602612,1,0
-9.782385758777583,-1.2427676401169157,1,0
-9.777538274428968,-0.6197154208964041,1,0
-9.770131396132028,0.2222869800048981,1,0
-9.785509758313097,-1.7377305609046736,1,0
-9.783411491899617,-1.7241834433354528,1,0
-9.124923341414192,-0.5067230654244892,1,0
1.0833716388426975,-1.820998227908987,1,0
-8.690932540709431,1.023805395163171,1,0
-6.822103817175478,-1.7630051310404684,1,0
-9.77053782640633,0.9354864463501964,1,0
-9.46705924972455,-1.7316696623955272,1,0
-9.57117082179883,-1.7384872440505323,1,0
-9.730780799203858,4.498492560997084,1,0
76.39016143434182,-1.3836410195853752,3,0
-9.055468762791765,-1.7474866232229123,1,0
-9.778979814240788,-0.8326697750746271,1,0
-9.766270200009616,0.7913123373137498,1,0
-9.768460211223848,-1.7320814425048252,1,0
-7.764033364961782,-1.6992107120872928,1,0
-9.338452871791823,31.83833951326661,1,0
-9.70762039345318,7.338407698055328,1,0
88.94472529421719,-0.33959601624336866,0,0
-9.5454728836756,-1.2419984234242967,1,0
-9.1311509564458,-1.4451064648751515,1,0
-9.778712965173082,-0.24369954486896317,1,0
-7.751023593639459,0.5818340875391723,1,0
-9.780480316161716,-0.5713456913983156,1,0
-9.78416348975233,-1.5709074556476221,1,0
-6.9904229057094875,-0.1946610272770677,1,0
-9.76089724119988,1.0669937941908665,1,0
-9.722898291340886,-1.7291013683123229,1,0
-9.785581903768806,-1.6760300439477058,1,0
-9.768732841177322,0.7718101541475701,1,0
-9.751433210673007,-1.3068362884681355,1,0
-9.64101330149136,-1.7285475334212266,1,0
-9.774428849954276,-0.4030216460610394,1,0
-9.758492037737481,1.7257323799820283,1,0
-9.777995587714406,-0.78923346505541,1,0
4.019101270058815,-0.09064953469507109,1,0
-1.8395983842825512,-0.3787207143851201,1,0
-9.529396130519062,-1.6370215170849796,1,0
1.3873265155591596,0.7274418415701152,1,1
60.54340832376569,0.4909849850737118,3,0
-9.747769437445648,-1.7305493979010855,1,0
-9.785514173716653,-1.7339544023192037,1,0
-9.710124522073944,7.044120858421711,1,0
-8.887037042451409,-1.7426296858296055,1,0
-9.416655059411367,-0.9110990082108812,1,0
-7.747313027261117,-0.9824710596345129,1,0
-9.472546320189204,-1.2092523269470947,1,0
82.29492095296214,-0.41334081104946563,3,0
-8.882388940668907,1.2527667252254693,1,0
-9.033942092275906,-0.028359517193147887,1,0
-4.751607957991506,-1.7675685205219949,1,0
-9.313428715157157,0.9080037276590169,1,0
-9.771321645016382,0.09500534080881273,1,0
-9.375830091108078,-1.7123362692636865,1,0
-9.777546209541647,-0.6734081351713147,1,0
-9.778721094251434,-0.6361869934814642,1,0
-9.785307612849385,-1.7115232082948375,1,0
-9.785601566026243,-1.6592144117428897,1,0
-9.780857265373143,-0.6534747212702199,1,0
-9.785503609274127,-1.742989365905673,1,0
-4.598281293206204,-1.7612993769316663,1,0
-9.554687836256274,-1.746078897144346,1,0
-8.980487231840879,2.1404907239794033,1,0
-9.72219809597596,5.936715884333688,1,0
-9.779513206180667,-0.7418995549092142,1,0
-9.674278256974668,-0.6213607281258523,1,0
-9.785519906693445,-1.7290514236314427,1,0
-9.53114128015654,-1.7426178398330863,1,0
98.19519971724904,2.7778267881966494,0,0
320.2137172415526,-3.5461684763052577,4,0
-9.624470416247824,-0.8583954418060222,1,0
88.05798950466604,-2.3475862372370804,0,0
-8.962560484299546,-0.9362522040523419,1,0
-9.446554659651143,0.8850061783273904,1,0
188.52648640374787,-0.46442920551061084,4,0
-9.78558272960152,-1.6753237720845404,1,0
-9.635491840845853,-0.7806894217590322,1,0
-8.927238896123614,3.852310046829964,1,0
-9.785510423599757,-1.7371615918630408,1,0
-9.777901281417934,-0.6013404569490849,1,0
-9.774516718715828,-0.002667227161590402,1,0
-9.780150722072761,-0.8779357856343082,1,0
-9.592938218538409,-1.26863496233766,1,0
-9.706351205588929,-1.581741481452602,1,0
-9.783088962883419,-1.5955702440244144,1,0
-9.785509434124783,-1.7380078144943523,1,0
-8.628114980487172,-1.252391636720598,1,0
-9.703601922041846,-0.2911313180010797,1,0
-9.785508088467399,-1.7391586528303522,1,0
-9.783757844447917,-1.3687220266637226,1,0
-9.2773672104947,-0.8663781685690173,1,0
-9.76156735811037,0.9768926506151718,1,0
-8.576831162706943,-1.7404862260090948,1,0
-9.08520444801574,-1.5107031061540335,1,0
-9.783850491828588,-1.3945050902465912,1,0
-9.78532023897402,-1.734287725442651,1,0
-9.764801949421384,0.7554790080621325,1,0
-9.724504507791691,-0.7662936950430813,1,0
-9.78164627567017,-1.2072425414092858,1,0
39.839650190908216,-1.0894595001512097,3,0
112.87934660217668,0.5648907750839864,0,0
-9.785508533030523,-1.7387784518290532,1,0
-9.785505927020113,-1.7410071741770392,1,0
73.99990620281002,-0.2516750678223998,3,0
-9.785515581754584,-1.7327502146485425,1,0
288.66419179245,-1.9644294337669734,4,0
-9.550961109764511,-1.142503302120911,1,0
-9.78552461724849,-1.7250228444428068,1,0
57.78056803074871,-1.0611053898347178,3,0
-9.287397253710944,-1.5293132364819497,1,0
-5.140620217178016,-1.3118037942258796,1,0
-9.740708272805469,-1.7341553902102746,1,0
-9.200816479452731,1.2830006584981906,1,0
-8.450845153792224,-1.255042850436814,1,0
-9.774664771651244,-0.1885005210666879,1,0
-3.8634822160242797,-1.787395043057502,1,0
20.708586789140732,-0.16092730930010157,2,0
-9.77614105154009,-1.535094453790658,1,0
-9.785521379553161,-1.727791798822059,1,0
-9.75313287865028,2.215596615140395,1,0
-9.77268749261802,-0.2583757632418793,1,0
-9.77433631920117,0.5586933184833613,1,0
-9.770961386698218,0.5420046567937549,1,0
-8.75072000934041,1.4738816926412972,1,0
-4.03156147256615,-1.7729145862728344,1,0
-8.261829948303351,-1.5785257344316987,1,0
76.79073163309013,-1.65046426460635,3,0
-9.649910243192496,-1.7039527348884662,1,0
-9.33085695603809,-1.74390151494049,1,0
-9.5926235676142,-1.6927800658241348,1,0
-9.399911790751448,-0.7817557216345599,1,0
-9.55410141352029,-1.242969289068973,1,0
2.247692741584041,-1.0332721435196046,1,0
-9.785527784902152,-1.7223137913686837,1,0
-9.48768885162176,-1.6523372182169802,1,0
-8.295131089017469,-1.7116284251871752,1,0
-8.304650401618941,-1.295624548334139,1,0
-9.048776094339505,-1.7442331479451247,1,0
-8.45151960477971,-1.7509493259838385,1,0
-7.61387215660043,2.352474608094578,1,0
-9.590065271344837,-1.7424891117811736,1,0
96.96374164175599,-2.3956921115580556,0,0
-9.005106070529086,-1.2272499276522728,1,0
-9.754009787173521,2.0468303526423384,1,0
-4.148350246211139,-1.7452270215596728,1,0
-5.028062249730655,-1.7725972325421817,1,0
-9.772103542735104,0.1357732438756547,1,0
-9.784090246602172,-1.4314222973879553,1,0
-7.912108378694302,-0.8760682251957382,1,0
51.05799126396677,0.3020459505573909,3,0
-9.784217166923579,-1.7290797192613672,1,0
-9.462717529893375,2.772141201608318,1,0
59.468511649194795,-1.513726573155506,3,0
-9.036405544946021,-1.7445509278481846,1,0
-9.347217582718175,-1.7195763159162811,1,0
-9.771815513253438,0.08284945247814979,1,0
-9.785541963149262,-1.7101882157854518,1,0
-9.15802271102918,0.5097502597353856,1,0
-9.78399598409734,-1.4970034286912626,1,0
-7.041711438137798,29.960605672640554,1,0
-9.772231316354775,-0.19609135484451956,1,0
-9.707380147274602,-1.6677847987237655,1,0
-8.95951377677466,-1.7503041712513854,1,0
-9.785078387195197,-1.6881433539208595,1,0
-9.766754079883627,0.5280895139215183,1,0
-9.039549805572841,-0.6103614698605916,1,0
-9.736981186852784,3.95228393264302,1,0
-9.496470523459841,-1.722261777837897,1,0
-9.73361360215717,-1.259986283794989,1,0
-9.785507276031716,-1.7398534672322077,1,0
-9.784330097050818,-1.5290607651341492,1,0
-8.317917656953469,-1.3292554689342049,1,0
-9.772670498378243,0.1309655839020898,1,0
-9.784007623871696,-1.3994727986149815,1,0
-9.785513710417533,-1.7343506267923194,1,0
-9.78551271939446,-1.735198173396938,1,0
-9.631195494397371,-0.7983574813821714,1,0
-9.089140292749436,10.208782026481849,1,0
-9.221867667791157,-1.7484511983696935,1,0
-9.695829840980124,-0.7948734172304143,1,0
-3.248543230574411,-0.4420352350072454,1,0
-9.464895144124545,35.23730365681428,1,0
-9.785551467420184,-1.702059936277976,1,0
-9.664639535084087,-1.6629976687120394,1,0
-8.626331596180783,-1.7509299777047902,1,0
-9.779719314791125,-1.0806943009783532,1,0
-9.726435209350146,-1.7174871791513668,1,0
-9.780700509540086,-0.9979170476254842,1,0
-9.777027225322762,-1.7091261395516342,1,0
-9.72288141448295,-1.740548768203808,1,0
-9.579536877991309,0.37995417769956674,1,0
46.19035556851439,8.168769494263415,3,0
108.52937731159481,-2.4188727549441014,0,0
-9.60915073621592,-1.7189559838509056,1,0
189.61559163428228,-2.754210399106355,4,0
-9.784000368437958,-1.7426003422307894,1,0
-9.413749468779754,-1.3834830352283598,1,0
-8.748236157950258,-1.473971959648489,1,0
-9.785509365452592,-1.7380665445923251,1,0
-5.094639318055973,-1.7293833445567057,1,0
-9.785585908707164,-1.6726049250027495,1,0
15.496110380341321,-0.1843251457182291,2,0
-8.488407046590249,-1.7513671261361674,1,0
-9.70813914528776,-1.4496180792720643,1,0
-9.690160359462986,0.31528979377155086,1,0
44.18752082193369,-1.3396392775388664,3,0
-3.5108369580576886,2.972373964223449,1,0
-9.782607140343933,-1.1545813794798994,1,0
99.71487650584994,-2.497128715493847,0,0
-9.785562113316663,-1.6929553113267435,1,0
-8.565025443240524,-1.2337166412378886,1,0
-9.774469505103088,-0.7499609533532524,1,0
80.07907075056613,9.525260191217871,3,0
-9.775393162378613,-0.4644833689086566,1,0
44.62412851351414,2.317759380059845,3,0
-9.721053305794333,-1.723737137012302,1,0
71.43604489385699,-1.2729317276725876,3,0
-8.64247261270991,-0.366209548842652,1,0
-6.988365257667343,-0.2625280457400474,1,0
-5.342484483615386,-1.7713744573797543,1,0
-9.781368421671157,-1.1656773104342053,1,0
-9.784120176256142,-1.5142428261134422,1,0
-9.774598531290684,-0.23665381502282967,1,0
-9.761856243657764,-1.7346186319205943,1,0
-8.607542882118459,-1.1765316094482754,1,0
-9.77956013215287,-0.21597438141507164,1,0
-9.226781857383035,2.1099960937473963,1,0
-8.237600960347937,-1.7513344052861188,1,0
-8.936742524320657,-0.5056461468999524,1,0
-9.631399560972696,-0.7742200819276905,1,0
-9.78552243244075,-1.7268913442072147,1,0
-9.783561306241706,-1.4851908864523713,1,0
-9.642816773646235,-1.7335976636629,1,0
-8.58916410695044,-1.7320393413097683,1,0
-9.785518829036233,-1.7299730618191975,1,0
-8.546702979057942,1.6287348397096646,1,0
-9.779860225739835,-0.8840453741209466,1,0
-9.66306791851403,-1.7428829373449621,1,0
-9.76128335181621,-1.5000938342903296,1,0
-9.76522113703358,-0.8554454319955971,1,0
-9.405682581114325,3.8082595288085415,1,0
-9.748194736321263,5.957634275133428,1,0
-6.55122626823469,-1.7649524454126213,1,0
-9.53279557909298,1.0667447335883669,1,0
-9.785552086025632,-1.7015308901237511,1,0
-9.779624239270724,-1.025007533104155,1,0
-9.696778644829879,-0.29316150333309476,1,0
-9.121396255661436,-1.7323032706110086,1,0
-9.781517017972682,-1.175518260171378,1,0
-9.784167015187878,-1.4470310091735388,1,0
-7.4782536186434125,-1.7212220695350786,1,0
-9.320023322766351,-1.7484839342592489,1,0
22.31830495977012,-1.5513259629400311,2,0
-3.9378612630991645,-1.7738623531155397,1,0
-9.777210084463606,-0.2469641565103542,1,0
-9.619288777085314,-1.7372476910344963,1,0
-9.780560042068522,-1.531736627524431,1,0
-8.746133897788315,-1.4273848490799874,1,0
-9.748826009630639,2.564592893284149,1,0
-9.778301009037941,-0.525944032607414,1,0
-9.785528490121889,-1.7217106706053393,1,0
239.2064107459855,-2.2092408047329473,4,0
-9.741668706088516,3.345762849955798,1,0
-9.779889804234948,-0.6426828062029417,1,0
-9.785508340450676,-1.7389431507136286,1,0
-9.590960747080628,-1.3399408508119082,1,0
-9.084630278036146,-1.4192941868686626,1,0
-9.48284073441435,-1.743911671996783,1,0
-9.78552899722434,-1.721276984477245,1,0
-9.77163681648173,-1.7353826590237549,1,0
-6.8278513293233765,-0.46966503100320867,1,0
-9.785592169407911,-1.6672506241834855,1,0
-7.775823073655872,-1.7403826402978417,1,0
-9.785509883530684,-1.7376234718329653,1,0
-9.387784487588883,0.5841087415651494,1,0
-9.7831602666734,-0.3600145034779765,1,0
7.644005881605715,-0.611932787719072,2,0
-9.785507576700798,-1.7395963278523838,1,0
-8.330114097441058,-0.3590685914588059,1,0
-9.785502121012787,-1.7442621625520585,1,0
-9.748258207710366,-1.7263521455038964,1,0
-7.856174794289404,-1.7541010232864203,1,0
-9.745933476374077,-1.736375188271781,1,0
-9.784472977329141,-1.5504852579452928,1,0
158.41297491289848,-2.716035984150837,0,0
-9.08105374537103,-1.4662350439260947,1,0
-7.013441217507808,-1.7489073980874126,1,0
-9.507593771893607,-1.717136784410659,1,0
-9.780841030764321,-0.6969106814851668,1,0
-9.24312678654452,-1.3309129611730623,1,0
-9.78019411768572,-0.7422413946187538,1,0
-9.782612754517334,-1.2335529905165414,1,0
91.1966581096987,7.265172888367146,0,0
-9.544426303724933,-0.37310908352166616,1,0
-6.422717954396851,-0.9449192795217849,1,0
-9.75888765433861,1.9260938818498246,1,0
-9.582062289008705,44.640508790440904,1,0
-9.431956417048447,-1.7452470458222482,1,0
-8.952475919220864,-1.7268829576742175,1,0
-9.785528871073922,-1.7213848713277407,1,0
-8.41135644872513,-1.7513291943155624,1,0
-9.785589647074369,-1.6694077840768315,1,0
-9.780504666994508,-0.40657669060809976,1,0
96.37527657464177,-1.5546807698335143,0,0
-9.783347505760553,-1.7407080021891999,1,0
-9.626067930556053,-0.9168121363510429,1,0
-9.779696111412408,-0.920999101126219,1,0
-9.740374465993861,4.213491316918189,1,0
-9.753870374927823,2.374150522263785,1,0
-9.785591606057777,-1.6677324146750638,1,0
-9.785515675891059,-1.732669706887073,1,0
-9.692233467983693,0.5406315297635458,1,0
-9.737640894657543,-0.8731044652377403,1,0
-8.328192634771398,0.3168202654641503,1,0
-3.359896692907493,-1.7792238821199375,1,0
-9.479277495923638,-1.7278106365142105,1,0
-9.761030378438889,1.6716588625847688,1,0
-9.727683558615778,4.953602207565003,1,0
-9.705268073653944,-0.12677134301149362,1,0
49.766485377423294,-2.1843506732105835,3,0
-9.727937868785833,5.323868374801987,1,0
-9.752609562501153,2.210407079956074,1,0
-8.29220669904382,-0.05117701033069699,1,0
-9.779707256548472,-0.54867814712289,1,0
-9.75771381414274,1.8777660067570001,1,0
-9.773528265904941,-1.72844870924395,1,0
-9.765714915745034,0.9667865799630051,1,0
-9.68033670726845,-1.721778328878439,1,0
-9.614729113164852,0.7417731505485285,1,0
-9.474745025625333,-1.4314501643030146,1,0
-9.785529175375087,-1.7211246257028507,1,0
-8.311191787811532,-1.2904002084110675,1,0
-9.763380418900692,0.8795542490457935,1,0
-9.435366311018168,-0.018536152969071518,1,0
-9.348034407374849,-1.7412616730163744,1,0
-9.562402396249466,-1.119562818334682,1,0
-9.576867203862374,-1.4439712365131703,1,0
-8.982418690174924,-1.2622238827490444,1,0
-9.785569586280054,-1.6865642545380912,1,0
-9.783209011733033,-1.6872607822442438,1,0
53.43135338839045,-0.801936779647272,3,0
-9.701401358969225,-1.4761296331268219,1,0
-9.785535320643042,-1.7158690457650347,1,0
-9.750965763664153,-0.9710090070598703,1,0
-9.475610071521874,-0.9819825948804041,1,0
-9.372787099285151,-1.4113654710615635,1,0
0.8427602090564985,1.2724547492801332,1,0
-9.785531012256959,-1.7195536804521607,1,0
-9.784061543707013,-1.5733327393241168,1,0
-3.2361291983246314,1.5817475422380056,1,0
-9.771582924799535,-0.01843379501107334,1,0
-8.689097763279607,-1.1277146854263762,1,0
-9.170787930131588,-1.3363243940307004,1,0
-9.784388941711793,-1.449059675560687,1,0
-9.663096938131456,-0.3728423869440902,1,0
10.942043983052308,-1.4483420072789748,2,0
-9.42716027977542,-1.7452075040171962,1,0
-9.73535963837091,3.963370768274241,1,0
-9.683809903830314,-1.1593930718558914,1,0
-9.747430464282893,3.0279610559188948,1,0
-8.837920345373332,-1.7477705824104726,1,0
-9.783474677456782,-1.2179004332750627,1,0
-9.768916321809934,0.49900574139290277,1,0
-9.725683005979286,-1.5529673438647624,1,0
-8.52825168759215,-1.7266447223094947,1,0
-9.782556891155288,-1.1849147050649873,1,0
-9.487661059995503,-1.7270171298015795,1,0
-9.78482160399679,-1.7405551963340742,1,0
-9.761287694804768,1.4777580308070775,1,0
-9.780344809216864,-1.6730296297107872,1,0
-5.171939307700583,-1.7703349651111882,1,0
44.92194804275766,-1.8492936049356976,3,0
-9.496158185523555,-1.71698534769221,1,0
-4.158258494360773,-1.336150918983235,1,0
-8.352379453183005,-1.1807452952090225,1,0
-9.696294798020386,9.36406630419873,1,0
-9.48350353948695,-0.7963401995749818,1,0
17.460215193846405,1.5576520046715263,2,0
-7.914522986937132,-0.9400941428398235,1,0
-9.785533550984498,-1.717382500020975,1,0
-9.781737000084226,-1.0497625580398355,1,0
-9.747924069039712,4.125566116441659,1,0
-9.77374485900362,0.021902037654240702,1,0
-7.651761544020076,-1.6915076868081746,1,0
-9.785542628495463,-1.7096191958217686,1,0
-9.375071329383708,-0.8874348405969716,1,0
-7.337126568429123,11.390423424242268,1,0
-9.779247353171993,-0.2940927594954954,1,0
-9.783758966869199,-1.3096557635162156,1,0
-9.521694303313934,2.3505137245316,1,0
-9.743503281003452,3.2257888321160104,1,0
2.6961106561479387,-1.1345162771453299,1,0
-9.785539662313306,-1.7121559456518103,1,0
-9.594926702479588,-1.6927398688722695,1,0
-9.705796771696043,-1.7141686862124303,1,0
-6.721928662888838,-1.7358790631427632,1,0
-9.363523710203312,0.09264175909237493,1,0
-9.778943580406356,-0.7712605404498993,1,0
-9.773988945553294,0.4534514786488879,1,0
72.73817053279679,-2.0993259208042208,3,0
-9.785521716027048,-1.727504038316009,1,0
-9.785531024363905,-1.7195433263019402,1,0
-3.0416035452490426,-1.7821220783751452,1,0
-9.759727250414251,1.2039712237457811,1,0
-9.10775050701435,-1.687244809384296,1,0
-7.217720402137489,-0.11993166302183456,1,0
-9.772009807977836,-0.863213482847985,1,0
-9.45098106649581,7.558409274698797,1,0
-8.437788673719508,-1.7402770994827046,1,0
-9.782676354753905,-1.0858374930936652,1,0
-9.197473994535702,-1.7196749850234094,1,0
-9.774020215032643,-0.384486307888003,1,0
-7.476007891726503,-1.7281181356769735,1,0
-9.767042131888042,3.0722793665253443,1,0
-9.76016175388987,1.2852820799081952,1,0
-9.78362563953719,-1.5141038953004757,1,0
-9.777203642530537,-0.07337802456630027,1,0
-9.78351076443167,-1.4089063287636086,1,0
-9.711544078464525,11.77273749776159,1,0
-9.785653895902932,-1.6144606512701718,1,0
4.223348166025417,3.1922416265909686,1,0
-9.700402622531355,-1.7054261041969694,1,0
-7.719638680302861,-1.7555942410860734,1,0
-9.740092459443797,-1.569811561093118,1,0
-9.682845114252528,-1.7447390878981017,1,0
-9.748852879570455,3.482949077560103,1,0
-5.304186250159883,-1.304805431135416,1,0
-9.291906592756252,0.6687202070261278,1,0
-6.134281980841818,-1.7399914800849547,1,0
-9.785544911647339,-1.7076665898043388,1,0
-9.785516108605252,-1.7322996393737768,1,0
-8.29640885385948,-1.397185203974128,1,0
-9.637116079299313,0.8369014248931412,1,0
-9.700070673528957,-1.004665786657863,1,0
-9.576856030424247,-1.7426199838376926,1,0
-9.76938619004123,1.5053219277139909,1,0
-9.593875471399187,-1.0566068021463562,1,0
-9.785535665532251,-1.7155740882758803,1,0
-9.429105586404262,-1.7027004118045839,1,0
-9.610561133157328,-0.7620228242802877,1,0
-9.78504927867747,-1.4960780797789839,1,0
-9.7266420085808,-0.9559906285807411,1,0
-9.785507094169494,-1.7400090001477353,1,0
3.21036203745531,11.509623028238181,1,0
-9.785535706219532,-1.7155392915415322,1,0
-9.785549572206646,-1.7036807681639092,1,0
-6.771596613614031,-1.766047108861478,1,0
18.331846105019498,2.133175503729927,2,0
-9.785522828953187,-1.72655223730048,1,0
176.22749241124941,-3.078154827829854,4,0
-4.024182356632916,-1.461983963036122,1,0
-9.470502827336702,34.35283380226626,1,0
-9.673372274970827,-1.7242166767594465,1,0
-9.78086691758486,-1.1580176650459173,1,0
-9.771106864108885,0.03291740049660019,1,0
-9.757945496295145,4.7401424566155335,1,0
-8.302727247996232,-1.1492599137220856,1,0
-9.774456045158804,0.07606357365458005,1,0
-9.397070530485006,-1.7407438594618123,1,0
-7.596760661347791,-1.7377779362376178,1,0
-9.76181400593354,4.135294174469433,1,0
21.65888692733138,1.9389910357724465,2,0
-9.567606822644882,-1.746205306698202,1,0
-9.781926152211078,-1.2504215629249693,1,0
-9.775499409480073,-1.7361205677104192,1,0
-9.265171695262813,-1.4757136534841722,1,0
-9.649570044475366,-1.7326808028110807,1,0
-9.570778733374155,-1.7078918415259958,1,0
202.09539195849501,0.1373864500850892,4,0
-4.729144405007161,-1.4607342978353117,1,0
8.358040054091212,-0.28312633142765864,2,0
-9.777617343565888,-0.35836277172676345,1,0
-9.606721716910462,-1.7161928628244196,1,0
-9.781807255079073,-0.9169817336977502,1,0
-8.496936076338583,-0.2815034715808351,1,0
-9.686713909181714,9.745279688998501,1,0
-9.766150479081771,-1.7024746119923557,1,0
-8.33785667969163,-1.2281433968143307,1,0
-9.771671218569567,-1.737792768141246,1,0
-9.785524052905982,-1.725505483635223,1,0
-9.213511001858311,-1.7473316901011597,1,0
-9.549539175371098,-1.1427847088711514,1,0
-9.66056695344592,-0.056739705196935386,1,0
-9.770510950896554,0.4056345605600782,1,0
-9.782386534907891,-1.1696021953692048,1,0
-9.784555617207458,-1.4936144701522454,1,0
-9.785521463964383,-1.7277196083287993,1,0
-9.422730699764712,-1.0960711739366862,1,0
-9.764485115920593,1.0267307177679297,1,0
-9.234874705229664,-1.7458804637421173,1,0
-4.76242543591587,-1.7457702457309707,1,0
-8.941055530094944,-0.9006584846081294,1,0
-9.780812221771786,-0.8142717464048326,1,0
-9.766593621370559,0.7463976220662949,1,0
-8.760149675588181,-1.7483388470419745,1,0
-4.188758224084508,-1.7765372513055668,1,0
-9.783921387421106,-1.7146520052994387,1,0
-9.36099585967672,-0.7464045094189512,1,0
-9.781194335193918,-0.9967083066534613,1,0
-7.442546797145361,-1.7525241834528456,1,0
-9.783827598018938,-1.3315195212363071,1,0
-9.766671049419253,-1.2085203482003786,1,0
-9.712525625171278,7.547212583411992,1,0
-8.666735864796008,-1.6991067708892964,1,0
19.922834382828725,2.0378531043154413,2,0
-0.9656396675451244,-0.3398341662366091,1,0
-9.78555222253642,-1.7014141428365093,1,0
-9.689151321384262,0.4893694258903796,1,0
-9.78551466674726,-1.7335327507689888,1,0
-9.182795660173925,-0.6409618482409477,1,0
-7.639091222175599,7.892434556944953,1,0
-9.619246644554934,-0.5924619254483926,1,0
